normalized_label,label_example,first_wave,last_wave,n_waves,waves,variable_names,response_schemes,themes
age respondent finished education,Age respondent finished education,1995,2011,16,"1995, 1996, 1997, 1998, 2000, 2001, 2002, 2003, 2004, 2005, 2006, 2007, 2008, 2009, 2010, 2011",S13; S20; S5; s10; s11; s14; s5; s6; s7,3,
chief income earner current kind of work,Chief Income Earner current kind of work,1995,2011,16,"1995, 1996, 1997, 1998, 2000, 2001, 2002, 2003, 2004, 2005, 2006, 2007, 2008, 2009, 2010, 2011",S15; S25; S32; s15; s17; s19; s23; s27,3,
chief income earner last kind of work,Chief Income Earner last kind of work,1995,2011,16,"1995, 1996, 1997, 1998, 2000, 2001, 2002, 2003, 2004, 2005, 2006, 2007, 2008, 2009, 2010, 2011",S14B; S24B; S31B; s14b; s16b; s18b; s22b; s26b,3,
chief income earner occupational status,Chief Income Earner occupational status,1995,2011,16,"1995, 1996, 1997, 1998, 2000, 2001, 2002, 2003, 2004, 2005, 2006, 2007, 2008, 2009, 2010, 2011",S14A; S24A; S31A; s14a; s16a; s18a; s22; s22a; s26a,2,
goods car,Goods: Car,1995,2011,16,"1995, 1996, 1997, 1998, 2000, 2001, 2002, 2003, 2004, 2005, 2006, 2007, 2008, 2009, 2010, 2011",S10G; S21J; S28H; s10g; s10i; s13i; s15h; s19h; s19j; s9g; s9i,2,
goods computer,Goods: Computer,1995,2011,16,"1995, 1996, 1997, 1998, 2000, 2001, 2002, 2003, 2004, 2005, 2006, 2007, 2008, 2009, 2010, 2011",S10D; S21F; S28D; s10d; s10e; s13e; s15d; s19d; s19f; s9d; s9e,2,
goods drinking water,Goods: Drinking water,1995,2011,16,"1995, 1996, 1997, 1998, 2000, 2001, 2002, 2003, 2004, 2005, 2006, 2007, 2008, 2009, 2010, 2011",S10K; S21L; S28I; s10i; s10k; s13k; s15j; s19j; s19l; s9k,2,
goods hot water,Goods: Hot water,1995,2011,16,"1995, 1996, 1997, 1998, 2000, 2001, 2002, 2003, 2004, 2005, 2006, 2007, 2008, 2009, 2010, 2011",S10L; S21M; S28J; s10j; s10l; s13l; s15k; s19k; s19m; s9l,2,
goods refrigerator,Goods: Refrigerator,1995,2011,16,"1995, 1996, 1997, 1998, 2000, 2001, 2002, 2003, 2004, 2005, 2006, 2007, 2008, 2009, 2010, 2011",S10B; S21D; S28B; s10b; s10c; s13c; s15b; s19b; s19d; s9b; s9c,2,
goods sewage system,Goods: Sewage system,1995,2011,16,"1995, 1996, 1997, 1998, 2000, 2001, 2002, 2003, 2004, 2005, 2006, 2007, 2008, 2009, 2010, 2011",S10M; S21N; S28K; s10k; s10m; s13m; s15l; s19l; s19n; s9m,2,
goods telephone,Goods: Telephone,1995,2011,16,"1995, 1996, 1997, 1998, 2000, 2001, 2002, 2003, 2004, 2005, 2006, 2007, 2008, 2009, 2010, 2011",S10F; S21H; S28F; s10f; s10h; s13h; s15f; s19f; s19h; s9f; s9h,2,
goods washing machine,Goods: Washing machine,1995,2011,16,"1995, 1996, 1997, 1998, 2000, 2001, 2002, 2003, 2004, 2005, 2006, 2007, 2008, 2009, 2010, 2011",S10E; S21G; S28E; s10e; s10g; s13g; s15e; s19e; s19g; s9e; s9g,2,
number interview,Number interview,1995,2011,16,"1995, 1996, 1997, 1998, 2000, 2001, 2002, 2003, 2004, 2005, 2006, 2007, 2008, 2009, 2010, 2011",NUMENTRE; enc; numentre,4,
region geographical area,Region/Geographical Area,1995,2011,16,"1995, 1996, 1997, 1998, 2000, 2001, 2002, 2003, 2004, 2005, 2006, 2007, 2008, 2009, 2010, 2011",REG; reg; region,3,
religion,Religion,1995,2011,16,"1995, 1996, 1997, 1998, 2000, 2001, 2002, 2003, 2004, 2005, 2006, 2007, 2008, 2009, 2010, 2011",P76ST; S18; S9; p65st; p7; p86st; p9; p90st; p91st; s2; s4; s5; s7; sp80; sp85,7,
respondent kind of work,Respondent kind of work,1995,2011,16,"1995, 1996, 1997, 1998, 2000, 2001, 2002, 2003, 2004, 2005, 2006, 2007, 2008, 2009, 2010, 2011",S17; S24; S9; s11; s14; s15; s18; s8; s9,2,
respondent last kind of work,Respondent last kind of work,1995,2011,16,"1995, 1996, 1997, 1998, 2000, 2001, 2002, 2003, 2004, 2005, 2006, 2007, 2008, 2009, 2010, 2011",S16B; S23B; S8B; s10b; s13b; s14b; s17b; s7b; s8b,2,
respondent years type of education,Respondent Years/Type of education,1995,2011,16,"1995, 1996, 1997, 1998, 2000, 2001, 2002, 2003, 2004, 2005, 2006, 2007, 2008, 2009, 2010, 2011",S14; S21; S6; s10; s11; s12; s14; s15; s17; s6,2,
self positioning in left right scale,Self-positioning in Left- Right scale,1995,2011,16,"1995, 1996, 1997, 1998, 2000, 2001, 2002, 2003, 2004, 2005, 2006, 2007, 2008, 2009, 2010, 2011",P52ST; P60ST; P76ST; p31; p34st; p38; p47st; p54st; p56st; p60st; p64st; p67st; p69st; p87st; sp52; sp56,4,ideology; polarization
socioeconomic level,Socioeconomic level,1995,2011,16,"1995, 1996, 1997, 1998, 2000, 2001, 2002, 2003, 2004, 2005, 2006, 2007, 2008, 2009, 2010, 2011",S16; S28; S34; s16; s16a; s18; s20; s24; s26; s28,2,
subjective income,Subjective Income,1995,2011,16,"1995, 1996, 1997, 1998, 2000, 2001, 2002, 2003, 2004, 2005, 2006, 2007, 2008, 2009, 2010, 2011",P78ST; S10ICC12; S4; p67st; p76; p78; p88st; p89st; p90st; s1; s2; sp83; sp87,2,
the interviewer found the duration of the interview,The interviewer found the duration of the interview,1997,2015,16,"1997, 1998, 2000, 2001, 2002, 2003, 2004, 2005, 2006, 2007, 2008, 2009, 2010, 2011, 2013, 2015",Q2A; Q3; q2; q2a; q3,4,
weighting,Weighting,1995,2011,16,"1995, 1996, 1997, 1998, 2000, 2001, 2002, 2003, 2004, 2005, 2006, 2007, 2008, 2009, 2010, 2011",WT; pondera; wt,2,
year research,Year Research,1995,2011,16,"1995, 1996, 1997, 1998, 2000, 2001, 2002, 2003, 2004, 2005, 2006, 2007, 2008, 2009, 2010, 2011",NUMINVES; numero; numinves,3,
age chief income earner finished education,Age Chief Income Earner finished education,1996,2011,15,"1996, 1997, 1998, 2000, 2001, 2002, 2003, 2004, 2005, 2006, 2007, 2008, 2009, 2010, 2011",S12; S22; S29; s12; s13; s14; s15; s16; s17; s20; s24,5,
city,City,1996,2011,15,"1996, 1997, 1998, 2000, 2001, 2002, 2003, 2004, 2005, 2006, 2007, 2008, 2009, 2010, 2011",CIUDAD; Ciudad; ciu; ciudad,2,
code interviewer,Code interviewer,1996,2011,15,"1996, 1997, 1998, 2000, 2001, 2002, 2003, 2004, 2005, 2006, 2007, 2008, 2009, 2010, 2011",CODIGO; codigo; encuesta,2,
confidence in church,Confidence in church,1995,2010,15,"1995, 1996, 1997, 1998, 2000, 2001, 2002, 2003, 2004, 2005, 2006, 2007, 2008, 2009, 2010",P20ST.G; P35ST.A; p21sta; p26st.g; p27a; p27st.c; p28st.g; p32st.d; p32stc; p33a; p34sta; p42sta; p61sta; sp38a; sp63a,2,institutional_confidence
confidence in national congress parliament,Confidence in National Congress / Parliament,1995,2010,15,"1995, 1996, 1997, 1998, 2000, 2001, 2002, 2003, 2004, 2005, 2006, 2007, 2008, 2009, 2010",P20ST.A; P35ST.F; p21stf; p24st.f; p26st.a; p27i; p28st.a; p33i; p34stf; p36std; p45sta; p61stf; sp38f; sp63f,2,institutional_confidence
confidence in police,Confidence in police,1995,2010,15,"1995, 1996, 1997, 1998, 2000, 2001, 2002, 2003, 2004, 2005, 2006, 2007, 2008, 2009, 2010",P18ST.C; P35ST.E; p21stb; p24st.c; p24st.d; p27h; p27st.f; p31st.c; p32stb; p33h; p36ste; p42stf; p61ste; sp38e; sp63e,2,institutional_confidence
confidence in political parties,Confidence in political parties,1995,2010,15,"1995, 1996, 1997, 1998, 2000, 2001, 2002, 2003, 2004, 2005, 2006, 2007, 2008, 2009, 2010",P20ST.C; P35ST.G; p21std; p24st.c; p26st.c; p27j; p27st.e; p28st.c; p33j; p34std; p34stf; p47stb; p61stg; sp38g; sp63g,2,institutional_confidence
confidence in television,Confidence in television,1995,2010,15,"1995, 1996, 1997, 1998, 2000, 2001, 2002, 2003, 2004, 2005, 2006, 2007, 2008, 2009, 2010",P18ST.E; P35ST.H; p21stc; p24st.e; p24st.i; p27l; p31st.e; p32stf; p33l; p35st.c; p36sta; p45stb; p63sta; sp38h; sp63h,2,institutional_confidence
confidence in the armed forces,Confidence in the armed forces,1995,2010,15,"1995, 1996, 1997, 1998, 2000, 2001, 2002, 2003, 2004, 2005, 2006, 2007, 2008, 2009, 2010",P20ST.D; P35ST.B; p21stg; p26st.d; p27b; p27st.d; p28st.d; p32st.e; p32stg; p33b; p36stb; p42stb; p61stb; sp38b; sp63b,2,institutional_confidence
confidence in the judiciary,Confidence in the judiciary,1995,2010,15,"1995, 1996, 1997, 1998, 2000, 2001, 2002, 2003, 2004, 2005, 2006, 2007, 2008, 2009, 2010",P20ST.B; P35ST.C; p21ste; p24st.a; p24st.d; p26st.b; p27d; p28st.b; p33d; p34stb; p34stc; p42std; p61stc; sp38c; sp63c,2,institutional_confidence
current economic situation of the country,Current economic situation of the country,1995,2010,15,"1995, 1996, 1997, 1998, 2000, 2001, 2002, 2003, 2004, 2005, 2006, 2007, 2008, 2009, 2010",P1ST; P3ST.A; p1; p100st; p1st; p2st; p2sta; p3st.a; p4st; sp1,2,
for which party would you vote this sunday,For which party would you vote this Sunday?,1995,2010,15,"1995, 1996, 1997, 1998, 2000, 2001, 2002, 2003, 2004, 2005, 2006, 2007, 2008, 2009, 2010",P29ST; P54ST; p30st; p33; p35st; p38st; p40; p45st; p48st; p54st; p55st; p61st; p64st; sp53; sp58,3,
future economic situation of the country,Future economic situation of the country,1995,2010,15,"1995, 1996, 1997, 1998, 2000, 2001, 2002, 2003, 2004, 2005, 2006, 2007, 2008, 2009, 2010",P3ST; P5ST.A; p2st; p2stc; p3; p3st; p4st; p5st; p6st; sp3,3,
future personal economic situation,Future personal economic situation,1995,2010,15,"1995, 1996, 1997, 1998, 2000, 2001, 2002, 2003, 2004, 2005, 2006, 2007, 2008, 2009, 2010",P6ST; P8ST; p11st; p2stf; p6; p6st; p7st; p8st; p99st; sp6,4,
goods second home,Goods: Second home,1995,2010,15,"1995, 1996, 1997, 1998, 2000, 2001, 2002, 2003, 2004, 2005, 2006, 2007, 2008, 2009, 2010",S10H; S21K; s10h; s10j; s13j; s15i; s19i; s19k; s9h; s9j,1,
goods tv,Goods: TV,1995,2010,15,"1995, 1996, 1997, 1998, 2000, 2001, 2002, 2003, 2004, 2005, 2006, 2007, 2008, 2009, 2010",S10A; S21C; s10a; s13a; s15a; s19a; s19c; s9a,1,
how concerned would you say you are that you will be left without work within the next 12 months,How concerned would you say you are that you will be left without work within the next 12 months?,1995,2011,15,"1995, 1996, 1997, 1998, 2000, 2001, 2002, 2003, 2004, 2005, 2006, 2007, 2008, 2009, 2011",P75ST; S9; p14; p26st; p35st; p85st; p88st; p89st; p91st; s1; s12b; sp78; sp81,3,
how would you describe yourself,How would you describe yourself?,1995,2011,15,"1995, 1996, 1998, 2000, 2001, 2002, 2003, 2004, 2005, 2006, 2007, 2008, 2009, 2010, 2011",P77ST; S10; S18.A; p10; p23n; p66st; p8; p87st; p91st; p92st; s3; s5; s6; s8; sp81,4,
it was difficult to make about democracy questions,It was difficult to make about democracy questions,1997,2013,15,"1997, 1998, 2000, 2001, 2002, 2003, 2004, 2005, 2006, 2007, 2008, 2009, 2010, 2011, 2013",Q2.C; Q2C; Q3C; q2c; q3c,3,democracy
it was difficult to make economics questions,It was difficult to make economics questions,1997,2013,15,"1997, 1998, 2000, 2001, 2002, 2003, 2004, 2005, 2006, 2007, 2008, 2009, 2010, 2011, 2013",Q2.A; Q2A; Q3A; q2a; q3a,3,
it was difficult to make international relations questions,It was difficult to make international relations questions,1997,2013,15,"1997, 1998, 2000, 2001, 2002, 2003, 2004, 2005, 2006, 2007, 2008, 2009, 2010, 2011, 2013",Q2.D; Q2D; Q3D; q2d; q3d,3,
it was difficult to make politics questions,It was difficult to make politics questions,1997,2013,15,"1997, 1998, 2000, 2001, 2002, 2003, 2004, 2005, 2006, 2007, 2008, 2009, 2010, 2011, 2013",Q2.B; Q2B; Q3B; q2b; q3b,3,
it was difficult to make sociodemographics questions,It was difficult to make sociodemographics questions,1997,2013,15,"1997, 1998, 2000, 2001, 2002, 2003, 2004, 2005, 2006, 2007, 2008, 2009, 2010, 2011, 2013",Q2.E; Q2E; Q3F; q2e; q3f,3,
marital status,Marital status,1995,2011,15,"1995, 1996, 1997, 1998, 2000, 2001, 2002, 2003, 2004, 2005, 2006, 2007, 2008, 2009, 2011",S15; S4; s13; s3; s4; s5; s6; s9,2,
opinion of the unites states,Opinion of the Unites States,1995,2010,15,"1995, 1996, 1997, 1998, 2000, 2001, 2002, 2003, 2004, 2005, 2006, 2007, 2008, 2009, 2010",P37ST.B; P39ST.A; bup44b; p35st.a; p42b; p42st.a; p44sta; p47b; p53st.a; p56sta; p68stb; p70sta; sp40b,4,
satisfaction with democracy,Satisfaction with democracy,1995,2010,15,"1995, 1996, 1997, 1998, 2000, 2001, 2002, 2003, 2004, 2005, 2006, 2007, 2008, 2009, 2010",P11ST.A; P30ST; p12st; p12st.a; p14st; p15st; p18st; p20; p21; p21st; p22st.a; p33st; p45st; sp29; sp32,3,democracy
support for democracy,Support for democracy,1995,2010,15,"1995, 1996, 1997, 1998, 2000, 2001, 2002, 2003, 2004, 2005, 2006, 2007, 2008, 2009, 2010",P10ST; P29ST; p10st; p13st; p14st; p16st; p17st; p19; p20; p32st; p46st; p9st; sp28; sp31,3,democracy
chief income earner education recoded,Chief Income Earner Education (recoded),1995,2009,14,"1995, 1996, 1997, 1998, 2000, 2001, 2002, 2003, 2004, 2005, 2006, 2007, 2008, 2009",reeduc3; s12b; s14c; s16b; s20; s21,1,
code data analyst,Code data analyst,1997,2011,14,"1997, 1998, 2000, 2001, 2002, 2003, 2004, 2005, 2006, 2007, 2008, 2009, 2010, 2011",DIGIT; digit,4,
coding,Coding,1997,2011,14,"1997, 1998, 2000, 2001, 2002, 2003, 2004, 2005, 2006, 2007, 2008, 2009, 2010, 2011",CODIF; codif,3,
commune district,Commune/district,1996,2011,14,"1996, 1997, 1998, 2001, 2002, 2003, 2004, 2005, 2006, 2007, 2008, 2009, 2010, 2011",COMDIST; com; comdist,4,
country of interview,Country of interview,1996,2010,14,"1996, 1997, 1998, 2000, 2001, 2002, 2003, 2004, 2005, 2006, 2007, 2008, 2009, 2010",IDENPA; idenpa; pais,2,
day achievement of the interview,Day achievement of the interview,1997,2011,14,"1997, 1998, 2000, 2001, 2002, 2003, 2004, 2005, 2006, 2007, 2008, 2009, 2010, 2011",DIAREAL; diareal,5,
goods own home,Goods: Own home,1997,2011,14,"1997, 1998, 2000, 2001, 2002, 2003, 2004, 2005, 2006, 2007, 2008, 2009, 2010, 2011",S10C; S21E; S28C; s10c; s15c; s19c; s19e; s9c; s9d,2,
have you or your family been victim of a crime,Have you or your family been victim of a crime?,1995,2011,14,"1995, 1996, 1997, 1998, 2001, 2002, 2003, 2004, 2005, 2006, 2007, 2008, 2009, 2011",P80ST.A; p16; p17; p18na; p51sta; p68st.a; p71st.a; p72st.a; p73stm.a; p75sta; p82sta; p8sta; sp22; sp24,4,
interpersonal trust,Interpersonal Trust,1996,2010,14,"1996, 1997, 1998, 2000, 2001, 2002, 2003, 2004, 2005, 2006, 2007, 2008, 2009, 2010",P17ST; P55ST; p12; p14st; p20st; p21wvsst; p23st; p29st; p42st; p43st; p45st; p58st; sp20; sp21,1,interpersonal_trust
length interview,Length interview,1997,2011,14,"1997, 1998, 2000, 2001, 2002, 2003, 2004, 2005, 2006, 2007, 2008, 2009, 2010, 2011",DURA; dura,5,
month achievement of the interview,Month achievement of the interview,1997,2011,14,"1997, 1998, 2000, 2001, 2002, 2003, 2004, 2005, 2006, 2007, 2008, 2009, 2010, 2011",MESREAL; mesreal,4,
number of days you listen to news on the radio,Number of days you listen to news on the radio,1995,2011,14,"1995, 1996, 1997, 2000, 2001, 2002, 2003, 2004, 2005, 2006, 2007, 2009, 2010, 2011",P56ST.C; P70ST.C; P78ST.C; p22stc; p28c; p33stc; p36c; p54stc; p62stc; p67st.c; p74stc; p78stc; p91stm.c; sp64c,5,
number of days you read news in a news paper,Number of days you read news in a news paper,1995,2011,14,"1995, 1996, 1997, 2000, 2001, 2002, 2003, 2004, 2005, 2006, 2007, 2009, 2010, 2011",P56ST.B; P70ST.B; P78ST.B; p22stb; p28b; p33stb; p36b; p54stb; p62stb; p67st.b; p74stb; p78stb; p91stm.b; sp64b,5,
number of days you watch news on television,Number of days you watch news on television,1995,2011,14,"1995, 1996, 1997, 2000, 2001, 2002, 2003, 2004, 2005, 2006, 2007, 2009, 2010, 2011",P56ST.A; P70ST.A; P78ST.A; p22sta; p28a; p33sta; p36a; p54sta; p62sta; p67st.a; p74sta; p78sta; p91stm.a; sp64a,7,
opinion of japan,Opinion of Japan,1995,2010,14,"1995, 1997, 1998, 2000, 2001, 2002, 2003, 2004, 2005, 2006, 2007, 2008, 2009, 2010",P37ST.C; P39ST.C; p35st.c; p42st.c; p44stc; p47c; p53st.c; p56stb; p56stc; p68stc; p70stc; sp40c; sp44c,3,
past economic situation of the country,Past economic situation of the country,1995,2010,14,"1995, 1996, 1997, 1998, 2000, 2001, 2002, 2003, 2004, 2005, 2006, 2008, 2009, 2010",P2ST; P4ST; p2; p2st; p2stb; p3st; p4st; p5st; sp2,4,
past personal economic situation,Past personal economic situation,1995,2010,14,"1995, 1996, 1997, 1998, 2000, 2001, 2002, 2003, 2004, 2005, 2006, 2008, 2009, 2010",P5ST; P7ST; p2ste; p5; p5st; p6st; p7st; p8st; sp5,4,
personal current economic situation,Personal current economic situation,1995,2010,14,"1995, 1996, 1997, 1998, 2000, 2001, 2002, 2003, 2004, 2005, 2006, 2008, 2009, 2010",P4ST; P6ST; p2std; p4; p4st; p5st; p6st; p7st; sp4,2,
respondent education recoded,Respondent Education (recoded),1995,2009,14,"1995, 1996, 1997, 1998, 2000, 2001, 2002, 2003, 2004, 2005, 2006, 2007, 2008, 2009",reeduc1; s12a; s14a; s16a; s18; s20,1,
respondent s age,Respondent's age,1996,2010,14,"1996, 1997, 1998, 2000, 2001, 2002, 2003, 2004, 2005, 2006, 2007, 2008, 2009, 2010",S2; S8; s11; s2; s6; s7; s9,1,
respondent s sex,Respondent's sex,1996,2010,14,"1996, 1997, 1998, 2000, 2001, 2002, 2003, 2004, 2005, 2006, 2007, 2008, 2009, 2010",S1; S7; s1; s10; s5; s6; s8,1,
size of town,Size of town,1997,2011,14,"1997, 1998, 2000, 2001, 2002, 2003, 2004, 2005, 2006, 2007, 2008, 2009, 2010, 2011",TAMCIUD; tamciud,6,
how do you cover your health expenses,How do you cover your health expenses?,1998,2011,13,"1998, 2000, 2001, 2002, 2003, 2004, 2005, 2006, 2007, 2008, 2009, 2010, 2011",S11; S12M; S8; s10; s11; s12; s13; s15; s16; s20,3,
number different houses contacted by interview,Number different houses contacted by interview,1997,2011,13,"1997, 1998, 2001, 2002, 2003, 2004, 2005, 2006, 2007, 2008, 2009, 2010, 2011",NUMCASA; numcasa,3,
parents years type of education,Parents Years/Type of education,1998,2011,13,"1998, 2000, 2001, 2002, 2003, 2004, 2005, 2006, 2007, 2008, 2009, 2010, 2011",S15; S22; S7; s12; s13; s16; s7,2,
respondent s employment situation,Respondent's employment situation,1995,2010,13,"1995, 1996, 1997, 1998, 2000, 2001, 2002, 2003, 2004, 2005, 2006, 2007, 2010",S16A; S8A; s10; s13a; s17a; s7a; s8a,1,
total lost,Total lost,1997,2011,13,"1997, 1998, 2001, 2002, 2003, 2004, 2005, 2006, 2007, 2008, 2009, 2010, 2011",TOTPERD; totperd,3,
total rejections,Total rejections,1997,2011,13,"1997, 1998, 2001, 2002, 2003, 2004, 2005, 2006, 2007, 2008, 2009, 2010, 2011",TOTRECH; totrech,3,
if respondent chief income earner,If respondent Chief Income Earner,1995,2007,12,"1995, 1996, 1997, 1998, 2000, 2001, 2002, 2003, 2004, 2005, 2006, 2007",S3; s12; s3; s4; s5a; s8,1,
interest in politics,Interest in politics,1995,2010,12,"1995, 1996, 1997, 1998, 2000, 2001, 2003, 2004, 2005, 2007, 2009, 2010",P23ST; P63ST; p29st; p32st; p37st; p56st; p59st; p61st; p62; p64; sp36; sp41,2,
supervision,Supervision,1997,2009,12,"1997, 1998, 2000, 2001, 2002, 2003, 2004, 2005, 2006, 2007, 2008, 2009",SUPERV; superv; superven,3,
years type of education of chief income earner,Years/Type of education of Chief Income Earner,1995,2007,12,"1995, 1996, 1997, 1998, 2000, 2001, 2002, 2003, 2004, 2005, 2006, 2007",S13; s11; s13; s15; s17; s19; s21; s25,2,
are countrymen conscious of their obligations and duties,Are (countrymen) conscious of their obligations and duties?,1996,2011,11,"1996, 1997, 1998, 2000, 2001, 2002, 2003, 2005, 2008, 2009, 2011",P61ST.C; P66ST.C; p46stc; p57st.c; p60stc; p66st.c; p67stc; p74c; p74stc; sp61c; sp70c,2,
are countrymen lawful,Are (countrymen) lawful?,1996,2011,11,"1996, 1997, 1998, 2000, 2001, 2002, 2003, 2005, 2008, 2009, 2011",P61ST.A; P66ST.A; p46sta; p57st.a; p60sta; p66st.a; p67sta; p74a; p74sta; sp61a; sp70a,2,
confidence in the government,Confidence in the government,1995,2010,11,"1995, 1996, 2002, 2003, 2004, 2005, 2006, 2007, 2008, 2009, 2010",P18ST.A; p23stg; p24st.a; p27m; p31s.ta; p32st.a; p32std; p33m; p34std; p45stc,2,institutional_confidence
do countrymen demand their rights,Do (countrymen) demand their rights?,1996,2011,11,"1996, 1997, 1998, 2000, 2001, 2002, 2003, 2005, 2008, 2009, 2011",P61ST.B; P66ST.B; p46stb; p57st.b; p60stb; p66st.b; p67stb; p74b; p74stb; sp61b; sp70b,2,
have you or someone in your family known of a corruption act,Have you or someone in your family known of a corruption act?,2001,2011,11,"2001, 2002, 2003, 2004, 2005, 2006, 2007, 2008, 2009, 2010, 2011",P70ST.E; P80ST.F; p18nb; p51stb; p68st.b; p71st.b; p72st.d; p73st.d; p75stb; p82stb; p8stb,2,corruption
how proud are you of your nationality,How proud are you of your nationality?,1995,2009,11,"1995, 1996, 1997, 2000, 2001, 2002, 2003, 2004, 2005, 2006, 2009",P39ST; p11; p11st; p13st; p18st; p45st; p47st; p73st; p9; p9st; sp22,3,
interviewer upset the democracy questions,Interviewer upset the democracy questions,1997,2008,11,"1997, 1998, 2000, 2001, 2002, 2003, 2004, 2005, 2006, 2007, 2008",Q1C; q1c,1,democracy
interviewer upset the economics questions,Interviewer upset the economics questions,1997,2008,11,"1997, 1998, 2000, 2001, 2002, 2003, 2004, 2005, 2006, 2007, 2008",Q1A; q1a,1,
interviewer upset the environments questions,Interviewer upset the environments questions,1997,2008,11,"1997, 1998, 2000, 2001, 2002, 2003, 2004, 2005, 2006, 2007, 2008",Q1E; q1e,1,
interviewer upset the internationals relations questions,Interviewer upset the internationals relations questions,1997,2008,11,"1997, 1998, 2000, 2001, 2002, 2003, 2004, 2005, 2006, 2007, 2008",Q1D; q1d,1,
interviewer upset the politics questions,Interviewer upset the politics questions,1997,2008,11,"1997, 1998, 2000, 2001, 2002, 2003, 2004, 2005, 2006, 2007, 2008",Q1B; q1b,1,
interviewer upset the sociodemographic questions,Interviewer upset the sociodemographic questions,1997,2008,11,"1997, 1998, 2000, 2001, 2002, 2003, 2004, 2005, 2006, 2007, 2008",Q1F; q1f,1,
it was difficult to make environmental questions,It was difficult to make environmental questions,1997,2008,11,"1997, 1998, 2000, 2001, 2002, 2003, 2004, 2005, 2006, 2007, 2008",Q3E; q3e,1,
opinion of the ue,Opinion of the UE,1995,2007,11,"1995, 1996, 1997, 1998, 2000, 2001, 2003, 2004, 2005, 2006, 2007",P37ST.A; p35st.b; p39; p42a; p44stb; p53st.b; p56stb_e; p68sta; p70stb; sp40a; sp44a,3,
parents education recoded,Parents Education (recoded),1998,2009,11,"1998, 2000, 2001, 2002, 2003, 2004, 2005, 2006, 2007, 2008, 2009",reeduc2; s14b; s19,1,
satisfaction with life,Satisfaction with life,1997,2010,11,"1997, 2000, 2001, 2003, 2004, 2005, 2006, 2007, 2008, 2009, 2010",P1ST; P8ST; nsp10; p19st; p1st; p1st.a; p27st; p41st,2,
without political parties there can be no democracy,Without political parties there can be no democracy,1995,2011,11,"1995, 1997, 2000, 2001, 2002, 2005, 2006, 2008, 2009, 2010, 2011",P24ST; P35ST; P65ST; p20st; p25st; p34; p36st; p40st; p51st; p59st; sp62,3,democracy; institutional_confidence
code supervisor,Code supervisor,2002,2011,10,"2002, 2003, 2004, 2005, 2006, 2007, 2008, 2009, 2010, 2011",CODSUPER; codsuper,3,
democracy may have problems but it is still the best form of government churchilla s quote,Democracy may have problems but it is still the best form of government: Churchill´s quote,2002,2011,10,"2002, 2003, 2004, 2005, 2006, 2007, 2008, 2009, 2010, 2011",P14ST.A; P16ST.A; p13sta; p16st.c; p19s.ta; p20st.a; p22st.a; p22sta; p25stb; p38no2c,4,democracy
do you know anyone who consume drugs,Do you know anyone who consume drugs?,2001,2011,10,"2001, 2002, 2003, 2004, 2005, 2006, 2007, 2008, 2009, 2011",P80ST.D; p18nc; p51stc; p68st.c; p71st.c; p72st.b; p73st.b; p75stc; p82stc; p8stc,2,
do you know anyone who is involved in selling buying drugs,Do you know anyone who is involved in selling/buying drugs,2001,2011,10,"2001, 2003, 2004, 2005, 2006, 2007, 2008, 2009, 2010, 2011",P70ST.D; P80ST.E; p18nd; p51std; p68st.d; p71st.d; p72st.c; p73st.c; p75std; p82std,2,
interview language,Interview language,2002,2011,10,"2002, 2003, 2004, 2005, 2006, 2007, 2008, 2009, 2010, 2011",P79.B; S11.B; p90b; p93.b; s17; s19; s21; s23,1,
opinion of china,Opinion of China,2001,2010,10,"2001, 2002, 2003, 2004, 2005, 2006, 2007, 2008, 2009, 2010",P39ST.D; p35st.d; p42st.d; p44std; p53st.d; p56stc; p56std; p68std; p70std,2,
political action taking part in authorized demonstrations,Political action: Taking part in authorized demonstrations,1995,2008,10,"1995, 1996, 1998, 2000, 2002, 2003, 2005, 2006, 2007, 2008",P59ST.A; p37st.bb; p48stb; p62st.b; p65a; p68a; p72stb; p78sta; p82wvstb; sp55a,1,
the privatization of state companies has been beneficial to the country,The privatization of state companies has been beneficial to the country,1998,2011,10,"1998, 2000, 2001, 2002, 2003, 2005, 2007, 2009, 2010, 2011",P16ST.A; P69ST.C; P75ST.C; P81ST.D; np14b; p15sta; p22sta; p26st; p40stc; p54sta,2,
time beginning of the interview,Time beginning of the interview,2002,2011,10,"2002, 2003, 2004, 2005, 2006, 2007, 2008, 2009, 2010, 2011",INI; ini,1,
time finished,Time finished,2002,2011,10,"2002, 2003, 2004, 2005, 2006, 2007, 2008, 2009, 2010, 2011",FIN; fin,3,
what is your mother tongue,What is your mother tongue?,2002,2011,10,"2002, 2003, 2004, 2005, 2006, 2007, 2008, 2009, 2010, 2011",P79.A; S11.A; p90a; p93.a; s11a; s13; s15a; s18; s22,2,
without a national congress there can be no democracy,Without a National Congress there can be no Democracy,1997,2011,10,"1997, 2000, 2001, 2002, 2005, 2006, 2008, 2009, 2010, 2011",P21ST; P23ST; P64ST; nsp61; p21st; p26st; p27st; p39st; p50st; p58st,5,democracy; institutional_confidence
approves how the government led by the president is running the country,Approves how the government led by the President is running the country,2002,2010,9,"2002, 2003, 2004, 2005, 2006, 2007, 2008, 2009, 2010",P59ST.A; p18no2; p24st; p29st; p32st.a; p32sta; p43st; p46st; p68st.a,1,
confidence in newspapers,Confidence in newspapers,2001,2010,9,"2001, 2003, 2004, 2005, 2006, 2007, 2008, 2009, 2010",P18ST.D; p23ste; p24st.c; p24st.d; p31st.d; p32st.c; p34ste; p47stc; p63ste,2,institutional_confidence
confidence in president,Confidence in president,1997,2007,9,"1997, 1998, 2000, 2001, 2003, 2004, 2005, 2006, 2007",P35ST.D; p23stc; p24st.b; p24st.e; p34stc; p47stf; p61std; sp38d; sp63d,1,institutional_confidence
frequency that you talk politics,Frequency that you talk politics,1995,2007,9,"1995, 1996, 1997, 1998, 2000, 2003, 2005, 2006, 2007",P58ST.B; p37st.aa; p61st; p64b; p67b; p71sta; p79sta; sp54b; sp60b,1,
has crime increased or decreased,Has crime increased or decreased?,1995,2011,9,"1995, 1996, 1997, 1998, 2000, 2001, 2002, 2005, 2011",P21ST.C; P79ST; p13c; p15c; p16sta; p6sta; p81st; sp21c; sp23c,2,
have you and your family seriously considered living abroad,Have you and your family seriously considered living abroad?,2002,2011,9,"2002, 2003, 2004, 2005, 2006, 2007, 2008, 2009, 2011",S26; p41st; p60no2; p73st; s17; s4; s6; s7,2,
relations between country and eu,Relations between country and EU,1997,2010,9,"1997, 2003, 2004, 2005, 2006, 2007, 2008, 2009, 2010",P42ST.B; nsp46b; p37st.b; p38stb; p45st.b; p46stb; p55st.b; p58stb; p67stb,2,
relations between country and usa,Relations between country and USA,1997,2010,9,"1997, 2003, 2004, 2005, 2006, 2007, 2008, 2009, 2010",P42ST.A; bup46a; p37st.a; p38sta; p45st.a; p46stiaa; p55st.a; p58staia; p67stiaa,2,
satisfaction with the functioning of the market economy in country,Satisfaction with the functioning of the market economy in (country),2002,2010,9,"2002, 2003, 2004, 2005, 2006, 2007, 2008, 2009, 2010",P11ST.B; p11st; p12st.b; p22st.b; p23st; p31stm; p3st; p53st; p58st,2,ideology
who has the most power first mention,Who has the most power: First mention,1995,2005,9,"1995, 1996, 1997, 1998, 2000, 2001, 2003, 2004, 2005",P51ST.A; p10st.1; p15st.1; p27st_1; p61a1; p63a; p64sta; sp51a; sp55a,5,
who has the most power second mention,Who has the most power: Second mention,1995,2005,9,"1995, 1996, 1997, 1998, 2000, 2001, 2003, 2004, 2005",P51ST.B; p10st.2; p15st.2; p27st_2; p61a2; p63b; p64stb; sp51b; sp55b,6,
who has the most power third mention,Who has the most power: Third mention,1995,2005,9,"1995, 1996, 1997, 1998, 2000, 2001, 2003, 2004, 2005",P51ST.C; p10st.3; p15st.3; p27st_3; p61a3; p63c; p64stc; sp51c; sp55c,5,
will you live better the same or worse than your parents,"Will you live better, the same, or worse than your parents?",1997,2007,9,"1997, 1998, 2000, 2001, 2002, 2003, 2004, 2005, 2007",P13ST.A; bp13a; p10sta; p12sta; p3sta; p5sta; p7sta; p8sta; sp9a,2,
your children will live better the same or worse than you,"Your children will live better, the same, or worse than you",1997,2007,9,"1997, 1998, 2000, 2001, 2002, 2003, 2004, 2005, 2007",P13ST.B; bp13b; p10stb; p12stb; p3stb; p5stb; p7stb; p8stb; sp9b,1,
confidence in private enterprises,Confidence in private enterprises,2001,2010,8,"2001, 2002, 2005, 2006, 2007, 2008, 2009, 2010",P18ST.H; p24st.b; p24st.h; p31st.h; p32st.b; p34ste; p45std; p63std,2,ideology; institutional_confidence
confidence in radios,Confidence in radios,2001,2010,8,"2001, 2003, 2005, 2006, 2007, 2008, 2009, 2010",P18ST.F; p23stf; p24st.f; p27st.a; p31st.f; p35st.b; p47std; p63stf,2,institutional_confidence
confidence in trade unions,Confidence in trade unions,1995,2010,8,"1995, 1996, 2003, 2004, 2005, 2008, 2009, 2010",P18ST.G; p23sta; p24st.g; p27c; p31st.g; p32ste; p33c; p42stc,3,institutional_confidence
control of quota,Control of quota,2004,2011,8,"2004, 2005, 2006, 2007, 2008, 2009, 2010, 2011",TOTCUOT; totcuot,3,
control of re interview,Control of re-interview,2004,2011,8,"2004, 2005, 2006, 2007, 2008, 2009, 2010, 2011",TOTREVI; totrevi,3,
frequency that you try to convince politically,Frequency that you try to convince politically,1995,2006,8,"1995, 1996, 1997, 1998, 2000, 2003, 2005, 2006",P58ST.C; p37st.ab; p64c; p67c; p71stb; p79nb; sp54c; sp60c,1,
importance of voting,Importance of voting,1995,2009,8,"1995, 1996, 1997, 1998, 2003, 2004, 2005, 2009",p25; p28st; p31; p38st; p50st; p58st; sp34; sp37,2,
in favor or against regional economic integration,In favor or against regional economic integration,1997,2010,8,"1997, 1998, 2001, 2002, 2005, 2008, 2009, 2010",P43ST.A; p45st.a; p48st.a; p55st; p57st; p70st; sp48; sp52,3,
opinion of spain,Opinion of Spain,2003,2010,8,"2003, 2004, 2005, 2006, 2007, 2008, 2009, 2010",P39ST.E; p35st.e; p42st.e; p44el; p53st.e; p56ste; p70ste,2,
perception of progress of the country,Perception of progress of the country,1995,2010,8,"1995, 1996, 1997, 2000, 2005, 2008, 2009, 2010",P7ST; P9ST; p10; p11st; p12; p3st; p9st; sp9,2,
progress on reducing corruption in state institutions 2 years,Progress on reducing corruption in state institutions (2 years),2004,2011,8,"2004, 2005, 2006, 2007, 2008, 2009, 2010, 2011",P68ST; P81ST; p33st; p54st; p72st; p73st; p74st; p83st,2,corruption; institutional_confidence
relation between country and spain,Relation between country and Spain,2003,2010,8,"2003, 2004, 2005, 2006, 2007, 2008, 2009, 2010",P42ST.C; p37st.c; p38stc; p45st.c; p46el; p55st.c; p58stc; p67stc,2,
satisfaction with privatization of public services,Satisfaction with privatization of public services,2003,2011,8,"2003, 2004, 2005, 2006, 2008, 2009, 2010, 2011",P68ST; P76STM; P83ST; p27n; p41st; p59st; p71st; p75st,3,tax_tolerance
scale poor rich in the past,Scale poor-rich in the past,2000,2010,8,"2000, 2004, 2005, 2006, 2007, 2008, 2009, 2010",P13ST.B; P14CG.B; p12st.b; p13st.b; p17st.b; p6stmb; p95st; p9stb,3,
the government should give work,The government should give work,1996,2010,8,"1996, 1998, 2000, 2003, 2005, 2007, 2009, 2010",P15ST; P63ST; np11; p12st; p28a; p28st; p52st; p70st,3,
the market economy is the only system with which the country can become a developed country,The market economy is the only system with which the country can become a developed country,2003,2011,8,"2003, 2004, 2005, 2007, 2008, 2009, 2010, 2011",P69ST.B; P75ST.B; p22n.f; p22std; p25sta; p54stb; p57st.e; p81st.c,2,ideology
1,-1,2002,2009,7,"2002, 2003, 2005, 2006, 2007, 2008, 2009",P68N.BH; distr; p56iaven; p58iaven; redad; redad1; reedad; sexo,7,
2,-2,2002,2009,7,"2002, 2003, 2005, 2006, 2007, 2008, 2009",P68N.BH; distr; p56iaven; p58iaven; redad; redad1; reedad; sexo,7,
3,-3,2002,2009,7,"2002, 2003, 2005, 2006, 2007, 2008, 2009",P68N.BH; distr; p56iaven; p58iaven; redad; redad1; reedad; sexo,7,
4,-4,2002,2009,7,"2002, 2003, 2005, 2006, 2007, 2008, 2009",P68N.BH; distr; p56iaven; p58iaven; redad; redad1; reedad; sexo,7,
attention did you pay to political news in the news papers,Attention did you pay to political news in the news- papers,1995,2004,7,"1995, 1996, 1997, 2000, 2001, 2003, 2004",P57ST.B; p29b; p34stb; p37b; p75stb; p79stb; sp65b,1,
attention did you pay to political news on the radio,Attention did you pay to political news on the radio,1995,2004,7,"1995, 1996, 1997, 2000, 2001, 2003, 2004",P57ST.C; p29c; p34stc; p37c; p75stc; p79stc; sp65c,1,
attention did you pay to political news on tv,Attention did you pay to political news on TV,1995,2004,7,"1995, 1996, 1997, 2000, 2001, 2003, 2004",P57ST.A; p29a; p34sta; p37a; p75sta; p79sta; sp65a,2,
ciudad city,CIUDAD City,2013,2023,7,"2013, 2015, 2016, 2017, 2018, 2020, 2023",CIUDAD,7,
clean or rigged elections,Clean or rigged elections,1995,2009,7,"1995, 1996, 1997, 1998, 2005, 2006, 2009",p23; p29; p39st; p51st; sp32; sp35,2,
confidence in banks,Confidence in Banks,2002,2010,7,"2002, 2003, 2004, 2005, 2008, 2009, 2010",P18ST.B; p23std; p24st.b; p31st.b; p32sta; p34stb; p45ste,3,institutional_confidence
confidence in local government,Confidence in local government,2001,2010,7,"2001, 2002, 2004, 2005, 2008, 2009, 2010",P20ST.F; p26st.f; p28st.f; p34sth; p36stc; p42ste; p63stc,3,institutional_confidence
confidence in public administration,Confidence in public administration,1995,2010,7,"1995, 1996, 2001, 2005, 2008, 2009, 2010",P20ST.E; p26st.e; p27g; p28st.e; p33g; p45stf; p63stb,3,institutional_confidence
country governed for the benefit of the powerful,Country governed for the benefit of the powerful,2004,2010,7,"2004, 2005, 2006, 2007, 2008, 2009, 2010",P17ST; p16st; p20stm; p22st; p24wvs; p25st,2,
goods mobile telephone,Goods: Mobile telephone,2005,2011,7,"2005, 2006, 2007, 2008, 2009, 2010, 2011",S21I; S28G; s15g; s19g; s19i,2,
has corruption increased or decreased,Has corruption increased or decreased?,1995,2002,7,"1995, 1996, 1997, 1998, 2000, 2001, 2002",P21ST.E; p13e; p15e; p16stc; p6stc; sp21e; sp23e,2,corruption
has drug addiction increased or decreased,Has drug addiction increased or decreased?,1995,2002,7,"1995, 1996, 1997, 1998, 2000, 2001, 2002",P21ST.D; p13d; p15d; p16stb; p6stb; sp21d; sp23d,1,
most important problem in the country,Most important problem in the country,2004,2010,7,"2004, 2005, 2006, 2007, 2008, 2009, 2010",P2ST; p10st; p2st; p7st; p8st; p9st,3,
people say what they think about politics,People say what they think about politics,1995,2008,7,"1995, 1996, 1997, 2002, 2003, 2005, 2008",p24st; p43st; p63; p66; p81st; sp59,1,
political action occupy land buildings or factories,"Political action: Occupy land, buildings or factories",1995,2008,7,"1995, 1996, 1998, 2000, 2002, 2005, 2008",P59ST.C; p48std; p65d; p68c; p72std; p82st.e; sp55c,1,
present political situation,Present political situation,1995,2010,7,"1995, 1996, 2000, 2003, 2005, 2009, 2010",P3ST.B; P61ST; p17; p38st; p3st.b; p62st; p7,1,
rating of leaders fidel castro,Rating of leaders: Fidel Castro,2005,2011,7,"2005, 2006, 2007, 2008, 2009, 2010, 2011",P54ST.3; P80ST.3; p49st.3; p54stel3; p63_el_i; p92st.3,3,
rating of leaders hugo cha vez,Rating of leaders: Hugo Chávez,2005,2011,7,"2005, 2006, 2007, 2008, 2009, 2010, 2011",P54ST.5; P80ST.5; p49st.5; p54stel5; p63_el_h; p92st.5,3,
rating of leaders josac lua s rodriguez zapatero,Rating of leaders: José Luís Rodriguez Zapatero,2005,2011,7,"2005, 2006, 2007, 2008, 2009, 2010, 2011",P54ST.13; P80ST.13; p49ste11; p54ste11; p63_el_f; p92st.12; p92st.13,3,
rating of leaders rey juan carlos i de espaa a,Rating of leaders: Rey Juan Carlos I de España,2005,2011,7,"2005, 2006, 2007, 2008, 2009, 2010, 2011",P54ST.12; P80ST.12; p49ste12; p54ste12; p63_el_b; p92st.12; p92st.13,3,
scale of democracy development,Scale of democracy development,1997,2010,7,"1997, 2005, 2006, 2007, 2008, 2009, 2010",P44ST.A; np34; p10st; p18st; p19st; p51st.a,5,democracy
scale of justification manage to avoid paying all onea s taxes,Scale of justification: Manage to avoid paying all one´s taxes,1998,2011,7,"1998, 2003, 2005, 2008, 2009, 2010, 2011",P57ST.A; P71ST.A; np66b; p61st; p66stb; p70st; p80st,3,tax_tolerance
scale poor rich in the future,Scale poor-rich in the future,2000,2010,7,"2000, 2004, 2006, 2007, 2008, 2009, 2010",P13ST.C; P14CG.C; p12st.c; p13st.c; p17st.c; p6stmc; p9stc,3,
scale poor rich in the present,Scale poor-rich in the present,2000,2010,7,"2000, 2004, 2006, 2007, 2008, 2009, 2010",P13ST.A; P14CG.A; p12st.a; p13st.a; p17st.a; p6stma; p9sta,3,
state of environment in the country,State of environment in the country,1997,2007,7,"1997, 1998, 2000, 2001, 2003, 2005, 2007",P67ST; nsp72; p41st; p76st; p82st; p92st; sp70,1,
the interviewer found the depth of the interview,The interviewer found the depth of the interview,1997,2004,7,"1997, 1998, 2000, 2001, 2002, 2003, 2004",Q2B; q2b,2,
future political situation,Future political situation,1995,2010,6,"1995, 1996, 2000, 2003, 2005, 2010",P5ST.B; P62ST; p18; p39st; p63st; p8,2,
hard work does not guarantee success,Hard work does not guarantee success,1995,2002,6,"1995, 1996, 1997, 1998, 2000, 2002",P71ST.B; p13stb; p71b; p75b; sp75b; sp78b,1,meritocracy
have you ever used e mail,Have you ever used e-mail?,2002,2011,6,"2002, 2003, 2005, 2006, 2007, 2011",S33ST; p84sta; s11; s5; s7,2,
how do you inform yourself about politics friends,How do you inform yourself about politics: Friends,1996,2010,6,"1996, 2000, 2002, 2008, 2009, 2010",P55ST.B; P77ST.B; p35b; p42stb; p90st.b; p95st.b,1,
how do you inform yourself about politics newspapers,How do you inform yourself about politics: Newspapers,1996,2010,6,"1996, 2000, 2002, 2008, 2009, 2010",P55ST.F; P77ST.F; p35f; p42stf; p90st.f; p95st.f,1,
how do you inform yourself about politics none,How do you inform yourself about politics: None,1996,2010,6,"1996, 2000, 2002, 2008, 2009, 2010",P55ST.I; P77ST.J; p35i; p42sti; p90st.j; p95st.j,1,
how do you inform yourself about politics others,How do you inform yourself about politics: Others,1996,2010,6,"1996, 2000, 2002, 2008, 2009, 2010",P55ST.H; P77ST.I; p35h; p42sth; p90st.i; p95st.i,1,
how do you inform yourself about politics people i study with,How do you inform yourself about politics: People I study with,1996,2010,6,"1996, 2000, 2002, 2008, 2009, 2010",P55ST.D; P77ST.D; p35d; p42std; p90st.d; p95st.d,1,
how do you inform yourself about politics people i work with,How do you inform yourself about politics: People I work with,1996,2010,6,"1996, 2000, 2002, 2008, 2009, 2010",P55ST.C; P77ST.C; p35c; p42stc; p90st.c; p95st.c,1,
how do you inform yourself about politics radio,How do you inform yourself about politics: Radio,1996,2010,6,"1996, 2000, 2002, 2008, 2009, 2010",P55ST.E; P77ST.E; p35e; p42ste; p90st.e; p95st.e,1,
how do you inform yourself about politics television,How do you inform yourself about politics: Television,1996,2010,6,"1996, 2000, 2002, 2008, 2009, 2010",P55ST.G; P77ST.H; p35g; p42stg; p90st.h; p95st.h,1,
how do you inform yourself about politics the family,How do you inform yourself about politics: The family,1996,2010,6,"1996, 2000, 2002, 2008, 2009, 2010",P55ST.A; P77ST.A; p35a; p42sta; p90st.a; p95st.a,1,
how fair is income distribution,How fair is income distribution,1997,2010,6,"1997, 2001, 2002, 2007, 2009, 2010",P12ST; nsp20; p11st; p14st; p16st; p17st,2,
most frequent use of internet,Most frequent use of internet,2001,2007,6,"2001, 2002, 2003, 2005, 2006, 2007",p86st; s12; s14; s5a; s7a,1,
most important issue for the country,Most important issue for the country,1995,2008,6,"1995, 1996, 1998, 2000, 2002, 2008",P73ST.A; p53wvsa; p68; p70a; p91wvs.1; sp77a,1,
opportunity of your political ideas to get into power,Opportunity of your political ideas to get into power,1996,2010,6,"1996, 1997, 1998, 2002, 2009, 2010",P34ST; p30; p33st; p44st; sp33; sp36,4,
private enterprise indispensable for development,Private enterprise indispensable for development,2004,2011,6,"2004, 2005, 2007, 2009, 2010, 2011",P69ST.A; P75ST.A; p27nd; p40ste; p54std; p81st.b,3,ideology
rating of leaders evo morales,Rating of leaders: Evo Morales,2006,2011,6,"2006, 2007, 2008, 2009, 2010, 2011",P54ST.7; P80ST.7; p49st.7; p54stel7; p92st.7,2,
rating of leaders luis ina cio lula da silva,Rating of leaders: Luis Inácio Lula da Silva,2005,2010,6,"2005, 2006, 2007, 2008, 2009, 2010",P80ST.4; p49st.4; p54stel4; p63_el_g; p92st.4,2,
same opportunity for women and men to earn the same salary,Same opportunity for women and men: To earn the same salary,1995,2006,6,"1995, 1996, 1997, 2000, 2005, 2006",P70ST.B; p66b; p69b; p69st; p77st.b; sp69b,1,
success in life depends on connections,Success in life depends on connections,1995,2002,6,"1995, 1996, 1997, 1998, 2000, 2002",P71ST.A; p13sta; p71a; p75a; sp75a; sp78a,1,meritocracy
t perception of progress of the country,P2ST Perception of progress of the country,2013,2023,6,"2013, 2015, 2016, 2017, 2020, 2023",P2ST,4,
t satisfaction with life,P1ST Satisfaction with life,2013,2023,6,"2013, 2015, 2016, 2017, 2020, 2023",P1ST,4,
tgbs support for democracy,P12STGBS Support for democracy,2013,2023,6,"2013, 2015, 2016, 2017, 2018, 2023",P10STGBS; P11STGBS; P12STGBS; P8STGBS,4,democracy
access to housing in the last 5 years,Access to housing in the last 5 years,1995,2000,5,"1995, 1996, 1997, 1998, 2000",P18ST.C; p58c; p62c; sp76c; sp79c,1,
benefit of linking with a regional trading block,Benefit of linking with a regional trading block,1996,2003,5,"1996, 1997, 1998, 2001, 2003",p58; p69st; p71st; sp49; sp53,2,
chief income earner,Chief Income Earner,1995,2011,5,"1995, 2008, 2009, 2010, 2011",S11; S19; s12; s18; s9,2,
codigo code interviewer,CODIGO Code interviewer,2013,2023,5,"2013, 2015, 2016, 2020, 2023",CODIGO,4,
codsuper code supervisor,CODSUPER Code supervisor,2013,2023,5,"2013, 2015, 2016, 2020, 2023",CODSUPER,4,
democracy solves the problems,Democracy solves the problems,1995,2009,5,"1995, 2002, 2005, 2008, 2009",p16st; p22; p24st; p41st,2,democracy
difficulty to pay utilities bills electricity water gas,"Difficulty to pay utilities bills (Electricity, water, gas)",2007,2011,5,"2007, 2008, 2009, 2010, 2011",S6A; s3na; s4a,2,
drug trafficking has increased or decreased,Drug trafficking has increased or decreased,1995,2000,5,"1995, 1996, 1997, 1998, 2000",P21ST.B; p13b; p15b; sp21b; sp23b,1,
evaluation of the imf,Evaluation of the IMF,2001,2010,5,"2001, 2002, 2003, 2009, 2010",P46ST.AB; p43ste; p55ste; p56st.ab; p67nbe,3,
evaluation of the un,Evaluation of the UN,2001,2010,5,"2001, 2002, 2003, 2009, 2010",P46ST.CB; p43stf; p55stg; p56st.cb; p67nbh,3,
evaluation of the world bank,Evaluation of the World Bank,2001,2011,5,"2001, 2002, 2009, 2010, 2011",P46ST.BB; P50ST.BB; p55stf; p56st.bb; p67nbf,4,
frequency that you follow political news,Frequency that you follow political news,1995,2000,5,"1995, 1996, 1997, 1998, 2000",P58ST.A; p64a; p67a; sp54a; sp60a,1,
frequency that you work for a political party or candidate,Frequency that you work for a political party or candidate,1995,2006,5,"1995, 1996, 2000, 2005, 2006",P58ST.E; p37st.ac; p64e; p67e; p71stc,1,
goods bathroom with shower,Goods: Bathroom with shower,2007,2011,5,"2007, 2008, 2009, 2010, 2011",S21O; S28L; s19m; s19mn; s19o,2,
has your household at any time during the past 12 months run out of money to pay for food,Has your household at any time during the past 12 months run out of money to pay for food?,2007,2011,5,"2007, 2008, 2009, 2010, 2011",S6B; s3nb; s4b,2,
honest,Honest,1996,2001,5,"1996, 1997, 1998, 2000, 2001",P66ST.E; p60std; p74e; sp61e; sp70e,1,
knowledge of andean pact,Knowledge of Andean Pact,1995,2000,5,"1995, 1996, 1997, 1998, 2000",P36ST.C; p38c; p41c; sp39c; sp43c,1,
knowledge of mercosur,Knowledge of MERCOSUR,1995,2000,5,"1995, 1996, 1997, 1998, 2000",P36ST.A; p38a; p41a; sp39a; sp43a,1,
knowledge of nafta,Knowledge of NAFTA,1995,2000,5,"1995, 1996, 1997, 1998, 2000",P36ST.B; p38b; p41b; sp39b; sp43b,1,
knowledge of the european union community,Knowledge of the European Union/Community,1995,2000,5,"1995, 1996, 1997, 1998, 2000",P36ST.D; p38d; p41d; sp39d; sp43d,1,
living in country is getting safer or more unsafe,Living in (country) is getting safer or more unsafe?,2003,2011,5,"2003, 2007, 2008, 2009, 2011",P84ST; p68stm; p75st.a; p76n; p76st.a,2,
market economy is best for the country,Market economy is best for the country,1998,2009,5,"1998, 2000, 2002, 2007, 2009",P16ST.C; np14d; p22stc; p54stc; p81st.a,1,ideology
nationality,Nationality,2007,2011,5,"2007, 2008, 2009, 2010, 2011",S18; S25; s10; s16; s8n,2,
opinion regarding the countrya ts economic problems,Opinion regarding the country’s economic problems,1995,2009,5,"1995, 1998, 2005, 2008, 2009",p14; p54st; p77st; p94st; sp10,1,
people that pay all their taxes scale,People that pay all their taxes (Scale),1998,2011,5,"1998, 2007, 2009, 2010, 2011",P58ST; P72ST; np68; p62st; p93st,2,tax_tolerance
political action block the traffic,Political action: Block the traffic,1995,2005,5,"1995, 1996, 1998, 2000, 2005",P59ST.B; p65b; p68b; p72stf; sp55b,1,
political action signing a petition,Political action: Signing a petition,2002,2008,5,"2002, 2005, 2006, 2007, 2008",p37st.ba; p48sta; p62st.a; p72sta; p82wvsta,1,
politics is so complicated that people like me cannot understand,Politics is so complicated that people like me cannot understand,1995,2011,5,"1995, 2005, 2007, 2010, 2011",P26ST; P37ST; p36st; p37; p60st,2,
rating of leaders alan garca a,Rating of leaders: Alan García,2006,2010,5,"2006, 2007, 2008, 2009, 2010",P80ST.9; p49st.9; p54stel9; p92st.9,1,
rating of leaders daniel ortega,Rating of leaders: Daniel Ortega,2008,2020,5,"2008, 2009, 2010, 2011, 2020",P54ST.16; P76N.12; P80ST.16; p92n.16; p92st.16,3,
rating of leaders felipe caldera3n,Rating of leaders: Felipe Calderón,2007,2011,5,"2007, 2008, 2009, 2010, 2011",P54ST.11; P80ST.11; p49n.11; p92st.11,2,
rating of leaders rafael correa,Rating of leaders: Rafael Correa,2007,2011,5,"2007, 2008, 2009, 2010, 2011",P54ST.14; P80ST.14; p49n.13; p92st.14,2,
recently managed to avoid paying all onea s taxes,"Recently, managed to avoid paying all one´s taxes",1998,2010,5,"1998, 2002, 2007, 2009, 2010",P56ST; np64b; p49stb; p60st.b; p92stb,1,tax_tolerance
satisfaction whit services garbage collection,Satisfaction whit services: Garbage collection,2006,2010,5,"2006, 2007, 2008, 2009, 2010",P66ST.E; p57st.g; p65st.e; p72st.e; p80n.g,2,
satisfaction whit services municipal services in general,Satisfaction whit services: Municipal services in general,2006,2010,5,"2006, 2007, 2008, 2009, 2010",P66ST.B; p57st.d; p65st.b; p72st.b; p80n.d,2,
satisfaction whit services public areas,Satisfaction whit services: Public areas,2006,2010,5,"2006, 2007, 2008, 2009, 2010",P66ST.A; p57st.c; p65st.a; p72st.a; p80n.c,2,
satisfaction whit services public transport,Satisfaction whit services: Public transport,2006,2010,5,"2006, 2007, 2008, 2009, 2010",P66ST.D; p57st.f; p65st.d; p72st.d; p80n.f,2,
satisfaction whit services roads and paving,Satisfaction whit services: Roads and paving,2006,2010,5,"2006, 2007, 2008, 2009, 2010",P66ST.C; p57st.e; p65st.c; p72st.c; p80n.e,2,
satisfaction whit services sewerage services,Satisfaction whit services: Sewerage services,2006,2010,5,"2006, 2007, 2008, 2009, 2010",P66ST.F; p57st.h; p65st.f; p72st.f; p80n.h,2,
satisfaction with the education you have access to,Satisfaction with the education you have access to,2003,2007,5,"2003, 2004, 2005, 2006, 2007",p25nb; p39stb; p57st.b; p80st.b; p91stb,3,
satisfaction with the health you have access to,Satisfaction with the health you have access to,2003,2007,5,"2003, 2004, 2005, 2006, 2007",p25na; p39sta; p57st.a; p80st.a; p91sta,3,
second most important thing for the country,Second most important thing for the country,1996,2008,5,"1996, 1998, 2000, 2002, 2008",P73ST.B; p53wvsb; p70b; p91wvs.2; sp77b,2,
state of physical health,State of physical health,2001,2007,5,"2001, 2004, 2005, 2006, 2007",p40st; p81nrr; s17; s21,1,
tamciud size of town,TAMCIUD Size of town,2013,2018,5,"2013, 2015, 2016, 2017, 2018",TAMCIUD,5,
tgbs current economic situation of the country,P3STGBS Current economic situation of the country,2013,2023,5,"2013, 2015, 2016, 2020, 2023",P3STGBS; P4STGBS; P5STGBS,4,
tgbs trust in people,P29STGBS Trust in people,2013,2018,5,"2013, 2015, 2016, 2017, 2018",P11STGBS; P12STGBS; P13STGBS; P15STGBS; P29STGBS,4,institutional_confidence
to be successful with the promotion of political ideals you cana tt be very tolerant,To be successful with the promotion of political ideals you can’t be very tolerant,1995,2003,5,"1995, 1996, 1997, 2001, 2003",p32; p39; p53st; p62nusc; sp57,2,
benefit of spanish capital investment,Benefit of Spanish capital investment,2003,2006,4,"2003, 2004, 2005, 2006",p60el; p64_el; p65el; p72el,1,
best friend country in the world,Best friend country in the world,1998,2006,4,"1998, 2001, 2004, 2006",np41b; p49st.b; p66stb; p68st,2,
can you speak out and criticize freely in country,Can you speak out and criticize freely in country,2003,2008,4,"2003, 2004, 2005, 2008",p23st; p26st; p32n; p82st,1,
chief income earner education,Chief Income Earner education,2008,2011,4,"2008, 2009, 2010, 2011",REEDUC3; S23; S30; s21,3,
concern about beeing a victim of a crime with violence,Concern about beeing a victim of a crime with violence,2007,2011,4,"2007, 2009, 2010, 2011",P72ST; P78ST; p69n; p76st,2,
confidence in firemen,Confidence in firemen,2003,2007,4,"2003, 2005, 2006, 2007",p24st.g; p35st.a; p38nd; p47sta,1,institutional_confidence
confidence in large companies,Confidence in large companies,1995,2004,4,"1995, 1996, 2003, 2004",p23stb; p27f; p33f; p34sta,2,institutional_confidence
confidence in north americans south america,Confidence in North Americans (South America),1995,2005,4,"1995, 1996, 1997, 2005",p54l; p54st; p601l; sp66l,1,institutional_confidence
conflict between management and workers,Conflict between management and workers,2007,2010,4,"2007, 2008, 2009, 2010",P27ST.B; p34stm.b; p69st.c; p90nc,2,
conflict between men and women,Conflict between men and women,2007,2010,4,"2007, 2008, 2009, 2010",P27ST.E; p34stm.e; p69st.f; p90nf,2,
conflict between nationals and immigrants,Conflict between nationals and immigrants,2007,2010,4,"2007, 2008, 2009, 2010",P27ST.G; p34stm.g; p69st.h; p90nh,2,
conflict between older people and society,Conflict between older people and society,2007,2010,4,"2007, 2008, 2009, 2010",P27ST.D; p34stm.d; p69st.e; p90ne,1,
conflict between people of different race,Conflict between people of different race,2007,2010,4,"2007, 2008, 2009, 2010",P27ST.F; p34stm.f; p69st.g; p90ng,2,
conflict between rich and poor people,Conflict between rich and poor people,2007,2010,4,"2007, 2008, 2009, 2010",P27ST.A; p34stm.a; p69st.a; p90na,2,
conflict between young people and society,Conflict between young people and society,2007,2010,4,"2007, 2008, 2009, 2010",P27ST.C; p34stm.c; p69st.d; p90nd,2,
democracy v s economic development,Democracy v/s economic development,2001,2009,4,"2001, 2002, 2008, 2009",p14st; p19stm; p35st; p48nas,2,democracy
diareal day of interview,DIAREAL Day of interview,2017,2023,4,"2017, 2018, 2020, 2023",DIAREAL,3,
elections offer to the voters real option to choose between parties and candidates,Elections offer to the voters real option to choose between parties and candidates,2001,2004,4,"2001, 2002, 2003, 2004",p27stb; p3ua; p52nusc; p64st.a,1,
electricity should mostly be in the hands of state private companies,Electricity should mostly be in the hands of State /Private companies,1995,2008,4,"1995, 1998, 2007, 2008",p55stb; p60d; p93st.d; sp12d,2,
environment v s economic development,Environment v/s Economic development,1995,1998,4,"1995, 1996, 1997, 1998",p70; p71; sp71; sp73,1,
ethnicity or race with which you identify better,Ethnicity or race with which you identify better,2007,2010,4,"2007, 2008, 2009, 2010",S20; s11; s18; s9,1,
evaluation of mercosur,Evaluation of MERCOSUR,2001,2009,4,"2001, 2002, 2003, 2009",p43sta; p55sta; p56st.eb; p67nba,2,
evaluation of the american government in the fight against drug trafficking,Evaluation of the American government in the fight against drug trafficking,1997,2001,4,"1997, 1998, 2000, 2001",P28UA; bup28; p26us; sp27,1,
frequency that you work for the issues that affects your community work,Frequency that you work for the issues that affects your community work,1996,2005,4,"1996, 1998, 2000, 2005",P58ST.D; np56; p67d; p71std,1,
general future expectation,General future expectation,1997,2008,4,"1997, 1998, 2006, 2008",nsp7; p1st.b; p2st; sp7,1,
goods electricity,Goods: Electricity,2007,2010,4,"2007, 2008, 2009, 2010",S21P; s19n; s19nn; s19p,1,
guarantees equality of men and women,Guarantees: Equality of men and women,2007,2011,4,"2007, 2008, 2009, 2011",P41ST.F; p15st.f; p18nf; p26st.f,3,
how justifiable is homosexuality,How justifiable is homosexuality,2002,2009,4,"2002, 2004, 2008, 2009",p38sta; p52wvsc; p63wvsst; p64wvsst,1,
how long do you think it will take country to be developed country,How long do you think it will take (country) to be developed country?,2002,2009,4,"2002, 2005, 2006, 2009",p10st; p11st; p20no2; p78st,1,
how much equality is there before the law,How much equality is there before the law,2002,2008,4,"2002, 2003, 2005, 2008",p46std; p66st.d; p67std; p74std,1,
how much serious is drug addiction in the country,How much serious is drug addiction in the country?,1997,2001,4,"1997, 1998, 2000, 2001",P24ST.B; nsp29; p17stb; sp24,3,
how serious is the corruption problem in the country,How serious is the corruption problem in the country?,1997,2001,4,"1997, 1998, 2000, 2001",P24ST.A; nsp25; p17sta; sp23,2,corruption
i would not mind a non democratic government in power if it could solve the economics problems,I would not mind a non-democratic government in power if it could solve the economics problems,2002,2008,4,"2002, 2003, 2004, 2008",p16st.d; p19st.c; p22stb; p38stb,1,democracy
in favor or against political regional integration,In favor or against political regional integration?,2002,2010,4,"2002, 2008, 2009, 2010",P43ST.B; p45st.b; p48st.b; p58no2,3,
in favor or against to the cuba embargo,In favor or against to the Cuba embargo,1998,2010,4,"1998, 2000, 2009, 2010",P45ST; P50ST; np43; p52st,2,
it is ok for the government to disregard the law parliament and or the institutions in order to deal with a difficult,It is ok for the government to disregard the law parliament and / or the institutions in order to deal with a difficult,2001,2010,4,"2001, 2002, 2009, 2010",P14ST.B; p20st.d; p38sta; p49nasb,1,institutional_confidence
it is preferable woman in the house and man in his work,It is preferable woman in the house and man in his work,1997,2009,4,"1997, 2000, 2004, 2009",P69ST; nsp68b; p57st.a; p67st.c,1,
leaders which you admire george w bush,Leaders which you admire: George W. Bush,2005,2008,4,"2005, 2006, 2007, 2008",p49st.10; p54ste10; p63_el_d; p92st.10,2,
most important current trading partner,Most important current trading partner,1995,2000,4,"1995, 1997, 1998, 2000",P38ST; p49; sp47; sp49,1,
number in household,Number in household,1995,1998,4,"1995, 1996, 1997, 1998",s3,2,
number of corrupted civil servants,Number of corrupted civil servants,2001,2008,4,"2001, 2002, 2005, 2008",p29n; p74st; p7st; p84st,1,corruption
number of employees,Number of employees,1995,1998,4,"1995, 1996, 1997, 1998",s11a; s8a,1,
number of employees per position,Number of employees per position,1995,1998,4,"1995, 1996, 1997, 1998",s11b; s8b,1,
numentre interview number,NUMENTRE Interview number,2017,2023,4,"2017, 2018, 2020, 2023",NUMENTRE,2,
one can generally trust the people who run the government to do what is right,One can generally trust the people who run the government to do what is right,2001,2008,4,"2001, 2002, 2005, 2008",p17st; p40std; p43nas; p57st.a,1,
opinion about cuba,Opinion about Cuba,2000,2008,4,"2000, 2006, 2007, 2008",P45UA; p35st.f; p53st.f,1,
opinion of europe,Opinion of Europe,1995,2010,4,"1995, 2008, 2009, 2010",P39ST.B; p35st.b; p42st.b; p47a,2,
past quality of education,Past quality of education,1995,1998,4,"1995, 1996, 1997, 1998",p58b; p62b; sp76b; sp79b,1,
past quality of health,Past quality of health,1995,1998,4,"1995, 1996, 1997, 1998",p58a; p62a; sp76a; sp79a,1,
petrol should mostly be in the hands of state private companies,Petrol should mostly be in the hands of State /Private companies,1995,2008,4,"1995, 1998, 2007, 2008",p55sta; p60b; p93st.b; sp12b,3,
political action participate in riots,Political action: Participate in riots,1995,2008,4,"1995, 2002, 2005, 2008",p48stc; p65c; p72stc; p82st.c,1,
poverty has increased or decreased,Poverty has increased or decreased,1995,1998,4,"1995, 1996, 1997, 1998",p13a; p15a; sp21a; sp23a,1,
protection by labor law,Protection by labor law,1997,2005,4,"1997, 2000, 2001, 2005",P74ST; p33st; p86st; sp83,1,
quality of primary education,Quality of primary education,1997,2006,4,"1997, 1998, 2001, 2006",bup77a; p30sta; p78st.a; sp74a,1,
quality of primary secondary education,Quality of primary secondary education,1997,2006,4,"1997, 1998, 2001, 2006",bup77b; p30stb; p78st.b; sp74b,1,
quality of primary university education,Quality of primary university education,1997,2006,4,"1997, 1998, 2001, 2006",bup77c; p30stc; p78st.c; sp74c,1,
rating of leaders alvaro uribe,Rating of leaders: Alvaro Uribe,2006,2009,4,"2006, 2007, 2008, 2009",p49st.1; p54stel1; p92st.1,1,
rating of leaders fernando lugo,Rating of leaders: Fernando Lugo,2008,2011,4,"2008, 2009, 2010, 2011",P54ST.15; P80ST.15; p92n.15; p92st.15,2,
rating of leaders michelle bachelet,Rating of leaders: Michelle Bachelet,2006,2009,4,"2006, 2007, 2008, 2009",p49st.6; p54stel6; p92st.6,1,
rating of leaders tabarac va squez,Rating of leaders: Tabaré Vásquez,2006,2009,4,"2006, 2007, 2008, 2009",p49st.2; p54stel2; p92st.2,1,
recently enjoyed a benefit he was not entitled to,"Recently, enjoyed a benefit he was not entitled to",1998,2009,4,"1998, 2002, 2007, 2009",np64c; p49stc; p60st.c; p92stc,1,
recently pretended to be ill in order not to go to work,"Recently, pretended to be ill in order not to go to work",1998,2009,4,"1998, 2002, 2007, 2009",np64a; p49sta; p60st.a; p92sta,1,
same opportunity for women and men to find a good job,Same opportunity for women and men: To find a good job,1995,2000,4,"1995, 1996, 1997, 2000",P70ST.A; p66a; p69a; sp69a,1,
same opportunity for women and men to receive a good education,Same opportunity for women and men: To receive a good education,1995,2000,4,"1995, 1996, 1997, 2000",P70ST.C; p66c; p69c; sp69c,1,
scale of justification buying something you know is stolen,Scale of justification: Buying something you know is stolen,2002,2011,4,"2002, 2003, 2010, 2011",P57ST.C; P71ST.C; p52wvsa; p66nc,3,
scale of justification pretended to be ill in order not to go to work,Scale of justification: Pretended to be ill in order not to go to work,1998,2011,4,"1998, 2003, 2010, 2011",P57ST.B; P71ST.B; np66a; p66sta,3,
superven interview supervision,SUPERVEN Interview supervision,2017,2023,4,"2017, 2018, 2020, 2023",SUPERVEN,4,
taxes in country are,Taxes in (country) are...,2003,2011,4,"2003, 2005, 2007, 2011",P73ST; p28n; p77st; p94st,2,tax_tolerance
telephones should mostly be in the hands of state private companies,Telephones should mostly be in the hands of State/ Private companies,1995,2008,4,"1995, 1998, 2007, 2008",p55stc; p60h; p93st.g; sp12h,2,
tgbs past economic situation of the country,P4STGBS Past economic situation of the country,2013,2017,4,"2013, 2015, 2016, 2017",P4STGBS; P5STGBS,2,
tgbs personal current economic situation,P6STGBS Personal current economic situation,2013,2017,4,"2013, 2015, 2016, 2017",P6STGBS; P7STGBS,3,
the judicial system punishes those who are guilty,The judicial system punishes those who are guilty,2001,2011,4,"2001, 2003, 2005, 2011",P16ST.C; p40sta; p52nusd; p64st.b,2,
the meaning of democracy first mention,The meaning of democracy: First mention,2001,2006,4,"2001, 2002, 2005, 2006",p15sta; p30sta; p44nasa; p92st.a,1,democracy
the meaning of democracy second mention,The meaning of democracy: Second mention,2001,2006,4,"2001, 2002, 2005, 2006",p15stb; p30stb; p44nasb; p92st.b,1,democracy
there are things to be done for a full democracy,There are things to be done for a full democracy,1996,2000,4,"1996, 1997, 1998, 2000",P31ST; p21; sp30; sp33,1,democracy
there is equality before the law or not,There is equality before the law or not,1996,2000,4,"1996, 1997, 1998, 2000",P34ST; p32; sp35; sp38,1,
usa treats country with respect,USA Treats (country) with respect,2006,2009,4,"2006, 2007, 2008, 2009",p40ia.a; p46stia; p57ia.a,2,
voted in the last presidential elections,Voted in the last presidential elections,2000,2008,4,"2000, 2002, 2005, 2008",P53BD.C; p1u; p49stu; p53st,2,
what it takes to be a good citizen always obey laws and regulations,What it takes to be a good citizen: Always obey laws and regulations,2007,2010,4,"2007, 2008, 2009, 2010",P19NC; P19ST.C; P20STC; p25st.c,1,
what it takes to be a good citizen be willing to serve in the military at a time of need,What it takes to be a good citizen: Be willing to serve in the military at a time of need.,2007,2010,4,"2007, 2008, 2009, 2010",P19NH; P19ST.H; P20STH; p25st.h,2,
what it takes to be a good citizen choose products environmentally,What it takes to be a good citizen: Choose products environmentally,2007,2010,4,"2007, 2008, 2009, 2010",P19NF; P19ST.F; P20STF; p25st.f,2,
what it takes to be a good citizen dona t know no answer,What it takes to be a good citizen: Don´t know / No answer,2007,2010,4,"2007, 2008, 2009, 2010",P19NI; P19ST.Z; P20STI; p25st.z,2,
what it takes to be a good citizen help people in country who are worse off than yourself,What it takes to be a good citizen: Help people in (country)who are worse off than yourself,2007,2010,4,"2007, 2008, 2009, 2010",P19NG; P19ST.G; P20STG; p25st.g,2,
what it takes to be a good citizen participate in political organizations,What it takes to be a good citizen: Participate in political organizations,2007,2010,4,"2007, 2008, 2009, 2010",P19NE; P19ST.E; P20STE; p25st.e,2,
what it takes to be a good citizen participate in social organizations,What it takes to be a good citizen: Participate in social organizations,2007,2010,4,"2007, 2008, 2009, 2010",P19ND; P19ST.D; P20STD; p25st.d,2,
what it takes to be a good citizen pay taxes,What it takes to be a good citizen: Pay taxes,2007,2010,4,"2007, 2008, 2009, 2010",P19NB; P19ST.B; P20STB; p25st.b,2,tax_tolerance
what it takes to be a good citizen vote in elections,What it takes to be a good citizen: Vote in elections,2007,2010,4,"2007, 2008, 2009, 2010",P19NA; P19ST.A; P20STA; p25st.a,2,
which latin american country do you admire most,Which Latin American country do you admire most?,1996,2004,4,"1996, 1997, 2002, 2004",p47st; p57; p59st; sp54,4,
work in an office,Work in an office,1995,1998,4,"1995, 1996, 1997, 1998",s11c; s8c,1,
work with numbers,Work with numbers,1995,1998,4,"1995, 1996, 1997, 1998",s11d; s8d,1,
would you support a military government,Would you support a military government,2004,2010,4,"2004, 2005, 2009, 2010",P16STM; p17n; p21st; p75st,3,democracy
wt weight,WT Weight,2017,2023,4,"2017, 2018, 2020, 2023",WT,4,
age,Age,1995,2011,3,"1995, 2010, 2011",EDAD; S17; s2,4,
age of respondent,Age of respondent,2007,2011,3,"2007, 2010, 2011",REEDAD; edad,2,
agreement with nationals being allowed to invest abroad without restrictions and viceversa,Agreement with (Nationals) being allowed to invest abroad without restrictions and viceversa,2006,2008,3,"2006, 2007, 2008",p29st.b; p49st.a; p64n.b,1,
bribery in presidential elections other people,Bribery in presidential elections (other people),2002,2006,3,"2002, 2005, 2006",p42st; p4u; p52stu,1,corruption
bs a how would you say is democracy in your country,P18GBS ¿How would you say is Democracy in your country?,2017,2020,3,"2017, 2018, 2020",P14GBS; P18GBS,3,democracy
chief income earner number of employees,Chief Income Earner: Number of employees,1996,1998,3,"1996, 1997, 1998",s15a; s17a; s19a,1,
chief income earner number of employees per position,Chief Income Earner: Number of employees per position,1996,1998,3,"1996, 1997, 1998",s15b; s17b; s19b,1,
chief income earner work in an office,Chief Income Earner: work in an office,1996,1998,3,"1996, 1997, 1998",s15c; s17c; s19c,1,
chief income earner work with numbers,Chief Income Earner: work with numbers,1996,1998,3,"1996, 1997, 1998",s15d; s17d; s19d,1,
codif coding,CODIF Coding,2013,2016,3,"2013, 2015, 2016",CODIF,2,
confidence in argentineans,Confidence in Argentineans,1995,1997,3,"1995, 1996, 1997",p54a; p601a; sp66a,1,institutional_confidence
confidence in bolivians,Confidence in Bolivians,1995,1997,3,"1995, 1996, 1997",p54k; p601k; sp66k,1,institutional_confidence
confidence in brazilians,Confidence in Brazilians,1995,1997,3,"1995, 1996, 1997",p54c; p601c; sp66c,1,institutional_confidence
confidence in chileans,Confidence in Chileans,1995,1997,3,"1995, 1996, 1997",p54b; p601b; sp66b,1,institutional_confidence
confidence in colombians,Confidence in Colombians,1995,1997,3,"1995, 1996, 1997",p54j; p601j; sp66j,1,institutional_confidence
confidence in company associations,Confidence in company associations,1995,2005,3,"1995, 1996, 2005",p27k; p33k; p47stg,1,institutional_confidence
confidence in democracy as a government system with which country can become a developed country,Confidence in democracy as a government system with which (country) can become a developed country,2003,2007,3,"2003, 2006, 2007",p11st; p19st; p39n,2,democracy; institutional_confidence
confidence in ecuadorians,Confidence in Ecuadorians,1995,1997,3,"1995, 1996, 1997",p54e; p601g; sp66g,1,institutional_confidence
confidence in mexicans south america,Confidence in Mexicans (South America),1995,1997,3,"1995, 1996, 1997",p54h; p601h; sp66h,1,institutional_confidence
confidence in national electoral commission,Confidence in National Electoral Commission,2006,2010,3,"2006, 2007, 2010",P20ST.H; p27st.b; p35st.d,1,institutional_confidence
confidence in neighbors,Confidence in neighbors,2003,2007,3,"2003, 2006, 2007",p24st.e; p27st.g; p38nb,1,institutional_confidence
confidence in paraguayans,Confidence in Paraguayans,1995,1997,3,"1995, 1996, 1997",p54f; p601e; sp66e,1,institutional_confidence
confidence in peruvians,Confidence in Peruvians,1995,1997,3,"1995, 1996, 1997",p54i; p601i; sp66i,1,institutional_confidence
confidence in relatives you have never seen,Confidence in relatives you have never seen,2003,2020,3,"2003, 2007, 2020",P15N.I; p24st.h; p38nc,3,institutional_confidence
confidence in uruguayans,Confidence in Uruguayans,1995,1997,3,"1995, 1996, 1997",p54d; p601d; sp66d,1,institutional_confidence
confidence in venezuelans,Confidence in Venezuelans,1995,1997,3,"1995, 1996, 1997",p54g; p601f; sp66f,1,institutional_confidence
countries which produce drugs cause consumption in this country,Countries which produce drugs cause consumption in this country,1997,2000,3,"1997, 1998, 2000",P27ST.C; bup26c; sp25c,1,
country is going in the right direction,Country is going in the right direction,2003,2009,3,"2003, 2004, 2009",p11cbs; p79st.c; p87crb,2,
country that you prefer as foreign investor,Country that you prefer as foreign investor,1995,2006,3,"1995, 1996, 2006",p50st; p53; p57,3,
democracy is the only system of government with which the country can become a developed country,Democracy is the only system of government with which (the country) can become a developed country,2003,2005,3,"2003, 2004, 2005",p22n.d; p25stc; p27sta,1,democracy
diareal day achievement of the interview,DIAREAL Day achievement of the interview,2013,2016,3,"2013, 2015, 2016",DIAREAL,3,
digit code data analyst,DIGIT Code data analyst,2013,2016,3,"2013, 2015, 2016",DIGIT,2,
drinking water should mostly be in the hands of state private companies,Drinking water should mostly be in the hands of State/ Private companies,1995,2008,3,"1995, 1998, 2008",p60e; p93st.e; sp12e,2,
drug problems are due to us consumption,Drug problems are due to US consumption,1997,2000,3,"1997, 1998, 2000",P27ST.B; bup26b; sp25b,1,
dura length interview,DURA Length interview,2013,2016,3,"2013, 2015, 2016",DURA,2,
economic situation compared with the rest of nationality,Economic situation compared with the rest of (nationality),2001,2006,3,"2001, 2005, 2006",p7n; p8st; p9st,1,
efficient programmer is being paid more than the other,Efficient programmer is being paid more than the other,1995,2007,3,"1995, 2002, 2007",p24st; p53st; p75,1,
estate is unable to enforce any law,Estate is unable to enforce any law,2004,2008,3,"2004, 2005, 2008",p21n; p67st; p76st,2,
evaluation businessmen,Evaluation: Businessmen,2006,2008,3,"2006, 2007, 2008",p30st.d; p34n.d; p62st.d,1,
evaluation judiciary,Evaluation: Judiciary,2006,2008,3,"2006, 2007, 2008",p30st.c; p34n.c; p62st.c,1,institutional_confidence
evaluation of ftta,Evaluation of FTTA,2001,2003,3,"2001, 2002, 2003",p43stb; p55stb; p67nbb,2,
evaluation of the andean pact,Evaluation of the Andean Pact,2001,2003,3,"2001, 2002, 2003",p43std; p55std; p67nbd,2,
evaluation of the common market of central america,Evaluation of the Common Market of Central America,2001,2003,3,"2001, 2002, 2003",p43stc; p55stc; p67nbc,3,
evaluation of the functioning of public institutions,Evaluation of the functioning of public institutions,2002,2008,3,"2002, 2005, 2008",p11u; p30st; p55st,2,institutional_confidence
evaluation of the oas,Evaluation of the OAS,2001,2010,3,"2001, 2009, 2010",P46ST.DB; p56st.db; p67nbi,2,
evaluation parliament congress,Evaluation: Parliament /congress,2006,2008,3,"2006, 2007, 2008",p30st.a; p34n.a; p62st.a,1,institutional_confidence
evaluation political parties,Evaluation: Political parties,2006,2008,3,"2006, 2007, 2008",p30st.b; p34n.b; p62st.b,1,institutional_confidence
fampart family political party,FAMPART Family political party,2013,2018,3,"2013, 2015, 2018",FAMPART,3,
fin time finished,FIN Time finished,2013,2016,3,"2013, 2015, 2016",FIN,2,
frequency you pay the vat value added tax,Frequency you pay the VAT (value-added tax),2003,2005,3,"2003, 2004, 2005",p29n; p49st; p78st,1,tax_tolerance
goods an apartment or house in which the parents have a different room from the children,Goods: An apartment or house in which the parents have a different room from the children,2009,2011,3,"2009, 2010, 2011",S21A; S28A; s19a,2,
goods microwave,Goods: Microwave,1995,1997,3,"1995, 1996, 1997",s10f; s13f; s9f,1,
goods vcr,Goods: VCR,1995,1997,3,"1995, 1996, 1997",s10b; s13b; s9b,1,
guarantees chance to get a job,Guarantees: Chance to get a job,2007,2009,3,"2007, 2008, 2009",p15st.m; p18nm; p26st.m,2,
guarantees equality of life chances regardless of origin,Guarantees: Equality of life chances regardless of origin,2007,2009,3,"2007, 2008, 2009",p15st.g; p18ng; p26st.g,2,
guarantees freedom of political participation,Guarantees: Freedom of political participation,2007,2009,3,"2007, 2008, 2009",p15st.a; p18na; p26st.a,2,
guarantees freedom of religion faith,Guarantees: Freedom of religion/faith,2007,2009,3,"2007, 2008, 2009",p15st.i; p18ni; p26st.i,2,
guarantees freedom of speech always and everywhere,Guarantees: Freedom of speech always and everywhere,2007,2009,3,"2007, 2008, 2009",p15st.h; p18nh; p26st.h,2,
guarantees freedom to chose one s occupation,Guarantees: Freedom to chose one's occupation,2007,2009,3,"2007, 2008, 2009",p15st.b; p18nb; p26st.b,2,
guarantees just and fair distribution of wealth,Guarantees: Just and fair distribution of wealth,2007,2009,3,"2007, 2008, 2009",p15st.e; p18ne; p26st.e,2,
guarantees protection against crime,Guarantees: Protection against crime,2007,2009,3,"2007, 2008, 2009",p15st.j; p18nj; p26st.j,2,
guarantees protection of private property,Guarantees: Protection of private property,2007,2009,3,"2007, 2008, 2009",p15st.d; p18nd; p26st.d,2,
guarantees protection of the environment,Guarantees: Protection of the environment,2007,2009,3,"2007, 2008, 2009",p15st.c; p18nc; p26st.c,2,
guarantees social security,Guarantees: Social security,2007,2009,3,"2007, 2008, 2009",p15st.k; p18nk; p26st.k,2,
guarantees solidarity with the poor and needy,Guarantees: Solidarity with the poor and needy,2007,2009,3,"2007, 2008, 2009",p15st.l; p18nl; p26st.l,2,
health should mostly be in the hands of state private companies,Health should mostly be in the hands of State /Private companies,1995,2008,3,"1995, 1998, 2008",p60a; p93st.a; sp12a,1,
how do you inform yourself about politics internet,How do you inform yourself about politics: Internet,2008,2010,3,"2008, 2009, 2010",P77ST.G; p90st.g; p95st.g,1,
how justifiable is abortion,How justifiable is abortion,2002,2007,3,"2002, 2004, 2007",p38stb; p52wvsd; p95st.b,1,
idenpa country,IDENPA Country,2016,2018,3,"2016, 2017, 2018",IDENPA,3,
immigrants take away our jobs,Immigrants take away our jobs,2002,2010,3,"2002, 2009, 2010",P69ST.A; p62no2a; p85st.a,1,
importance of trading with japan for the national economy,Importance of trading with Japan for the national economy,1997,2003,3,"1997, 1998, 2003",bup47d; p70std; sp44d,1,
importance of trading with latin america for the national economy,Importance of trading with Latin America for the national economy,1997,2003,3,"1997, 1998, 2003",bup47c; p70stc; sp44c,1,
importance of trading with usa for the national economy,Importance of trading with USA for the national economy,1997,2003,3,"1997, 1998, 2003",bup47a; p70sta; sp44a,1,
impression of the actions of european union in your country,Impression of the actions of European Union in your country,1995,1998,3,"1995, 1996, 1998",p44a; p47; sp45,1,
in case of difficulties the president controls the media,In case of difficulties: The president controls the media,2002,2010,3,"2002, 2008, 2010",P14ST.E; p17st.c; p28uc,1,
in democracy the economic system generally works well,"In democracy, the economic system generally works well",2003,2009,3,"2003, 2008, 2009",p16wvs.a; p19wvstb; p20wvs.b,2,democracy
influence of usa in latin america,Influence of USA in Latin America,2007,2010,3,"2007, 2009, 2010",P41STIAA; p39ia; p44st.a,2,
informed about european union,Informed about European Union,1995,2004,3,"1995, 1996, 2004",p40; p43; p71stue,1,
ini time beginning of the interview,INI Time beginning of the interview,2013,2016,3,"2013, 2015, 2016",INI,2,
internet access,Internet access,2001,2003,3,"2001, 2002, 2003",p85st; s11; s13,2,
knowledge of international institutions imf international monetary fund,Knowledge of international institutions: IMF International Monetary Fund,2001,2010,3,"2001, 2009, 2010",P46ST.AA; p56st.aa; p67nae,1,institutional_confidence
knowledge of international institutions oas,Knowledge of international institutions: OAS,2001,2010,3,"2001, 2009, 2010",P46ST.DA; p56st.da; p67nai,1,institutional_confidence
knowledge of international institutions un united nations,Knowledge of international institutions: UN United Nations,2001,2010,3,"2001, 2009, 2010",P46ST.CA; p56st.ca; p67nah,1,institutional_confidence
knowledge of international institutions wb world bank,Knowledge of international institutions: WB World Bank,2001,2010,3,"2001, 2009, 2010",P46ST.BA; p56st.ba; p67naf,1,institutional_confidence
latin american best friend country,Latin American best friend country,1998,2006,3,"1998, 2001, 2006",np41a; p49st.a; p66sta,2,
level of knowledge about the political and social events in his country,Level of knowledge about the political and social events in his country,2003,2005,3,"2003, 2004, 2005",p31n; p46st; p81st,1,
local1 local variable 1,LOCAL1 Local variable 1,2013,2016,3,"2013, 2015, 2016",LOCAL1,2,
local10 local variable 10,LOCAL10 Local variable 10,2013,2016,3,"2013, 2015, 2016",LOCAL10,2,
local2 local variable 2,LOCAL2 Local variable 2,2013,2016,3,"2013, 2015, 2016",LOCAL2,2,
local3 local variable 3,LOCAL3 Local variable 3,2013,2016,3,"2013, 2015, 2016",LOCAL3,2,
local4 local variable 4,LOCAL4 Local variable 4,2013,2016,3,"2013, 2015, 2016",LOCAL4,2,
local5 local variable 5,LOCAL5 Local variable 5,2013,2016,3,"2013, 2015, 2016",LOCAL5,2,
local6 local variable 6,LOCAL6 Local variable 6,2013,2016,3,"2013, 2015, 2016",LOCAL6,2,
local7 local variable 7,LOCAL7 Local variable 7,2013,2016,3,"2013, 2015, 2016",LOCAL7,2,
local8 local variable 8,LOCAL8 Local variable 8,2013,2016,3,"2013, 2015, 2016",LOCAL8,2,
local9 local variable 9,LOCAL9 Local variable 9,2013,2016,3,"2013, 2015, 2016",LOCAL9,2,
mesreal month achievement of the interview,MESREAL Month achievement of the interview,2013,2016,3,"2013, 2015, 2016",MESREAL,3,
most frequent use of internet dk na,Most frequent use of Internet: Dk/Na,2008,2010,3,"2008, 2009, 2010",S24NAJ; S24ST.AZ; S26ST.AZ,1,
most frequent use of internet do shopping,Most frequent use of Internet: Do shopping,2008,2010,3,"2008, 2009, 2010",S24NAG; S24ST.AG; S26ST.AG,1,
most frequent use of internet entertainment,Most frequent use of Internet: Entertainment,2008,2010,3,"2008, 2009, 2010",S24NAC; S24ST.AC; S26ST.AC,1,
most frequent use of internet not applicable,Most frequent use of Internet: Not applicable,2008,2010,3,"2008, 2009, 2010",S24NAI; S24ST.AY; S26ST.AY,1,
most frequent use of internet other,Most frequent use of Internet: Other,2008,2010,3,"2008, 2009, 2010",S24NAH; S24ST.AH; S26ST.AH,1,
most frequent use of internet search information,Most frequent use of Internet: Search information,2008,2010,3,"2008, 2009, 2010",S24NAB; S24ST.AB; S26ST.AB,1,
most frequent use of internet study,Most frequent use of Internet: Study,2008,2010,3,"2008, 2009, 2010",S24NAE; S24ST.AE; S26ST.AE,1,
most frequent use of internet to do steps,Most frequent use of Internet: To do steps,2008,2010,3,"2008, 2009, 2010",S24NAF; S24ST.AF; S26ST.AF,1,
most frequent use of internet use electronic mail messaging,Most frequent use of Internet: Use electronic mail/messaging,2008,2010,3,"2008, 2009, 2010",S24NAA; S24ST.AA; S26ST.AA,1,
most frequent use of internet work,Most frequent use of Internet: Work,2008,2010,3,"2008, 2009, 2010",S24NAD; S24ST.AD; S26ST.AD,1,
most important characteristic of democracy,Most important characteristic of democracy,2001,2005,3,"2001, 2002, 2005",p17st; p31st; p47nus,1,democracy
most important environment problem first mention,Most important environment problem: First mention,1997,2001,3,"1997, 1998, 2001",bup75a; p79sta; sp72a,2,
most important environment problem second mention,Most important environment problem: Second mention,1997,2001,3,"1997, 1998, 2001",bup75b; p79stb; sp72b,2,
most important factors to determine trust in public services first mention,Most important factors to determine trust in public services: First mention,2003,2008,3,"2003, 2004, 2008",p33st.1; p40n.1; p63st.1,1,institutional_confidence; tax_tolerance
most important factors to determine trust in public services second mention,Most important factors to determine trust in public services: Second mention,2003,2008,3,"2003, 2004, 2008",p33st.2; p40n.2; p63st.2,1,institutional_confidence; tax_tolerance
most important factors to determine trust in public services third mention,Most important factors to determine trust in public services: Third mention,2003,2008,3,"2003, 2004, 2008",p33st.3; p40n.3; p63st.3,1,institutional_confidence; tax_tolerance
most important problem 1997 2000,Most important problem: 1997-2000,1997,2000,3,"1997, 1998, 2000",P12ST; sp8,2,
most important problem 2001 2003,Most important problem: 2001-2003,2001,2003,3,"2001, 2002, 2003",p13st; p4st; p8st,1,
most important thing to have success in life,Most important thing to have success in life,2000,2006,3,"2000, 2002, 2006",P72CG; p14st; p86st,1,meritocracy
most protectionist country,Most protectionist country,1995,1998,3,"1995, 1997, 1998",p48; sp46; sp48,2,
numentre number interview,NUMENTRE Number interview,2013,2016,3,"2013, 2015, 2016",NUMENTRE,1,
numinves year of survey,NUMINVES Year of survey,2016,2018,3,"2016, 2017, 2018",NUMINVES,3,
obedience of the laws,Obedience of the laws,1998,2009,3,"1998, 2003, 2009",np62; p59st; p65st,2,
order v s freedom,Order v/s freedom,2004,2009,3,"2004, 2006, 2009",p18st; p20bid; p30st,2,
past quality of public hospitals,Past quality of public hospitals,2000,2006,3,"2000, 2005, 2006",P18ST.A; p79st.a; p90sta,1,
past quality of public schools,Past quality of public schools,2000,2006,3,"2000, 2005, 2006",P18ST.B; p79st.b; p90stb,1,
pensions should mostly be in the hands of state private companies,Pensions should mostly be in the hands of State/ Private companies,1995,2008,3,"1995, 1998, 2008",p60g; p93st.f; sp12g,2,
possibility to find a job compared with 5 years ago,Possibility to find a job compared with 5 years ago,1997,2001,3,"1997, 1998, 2001",p34st; sp79; sp82,2,
prices should be determined by free competition,Prices should be determined by free competition,1998,2001,3,"1998, 2000, 2001",P16ST.B; np14c; p15ste,1,
primary education should mostly be in the hands of state private companies,Primary Education should mostly be in the hands of State /Private companies,1995,2008,3,"1995, 1998, 2008",p60c; p93st.c; sp12c,2,
quantity of poor people compared with 5 years ago,Quantity of poor people compared with 5 years ago,1997,2001,3,"1997, 2000, 2001",P11ST; nsp19; p9st,3,
rate of country citizens that are discriminated,Rate of country citizens that are discriminated,2009,2011,3,"2009, 2010, 2011",P53ST; P64ST.A; p66n,2,
rating of leaders barack obama,Rating of leaders: Barack Obama,2009,2011,3,"2009, 2010, 2011",P54ST.10; P80ST.10; p92st.10,2,
rating of leaders cristina kirchner,Rating of leaders: Cristina Kirchner,2008,2010,3,"2008, 2009, 2010",P80ST.8; p92st.8,1,
reasons why people are not treated equally,Reasons why people are not treated equally,2004,2006,3,"2004, 2005, 2006",p37n; p46stm; p93st,2,
reedad recoded age,REEDAD Recoded age,2017,2023,3,"2017, 2020, 2023",REEDAD,3,
reg region,REG Region,2016,2018,3,"2016, 2017, 2018",REG,2,
reg region geographical area,REG Region/Geographical Area,2013,2020,3,"2013, 2015, 2020",REG,3,
rich countries have the responsibility to accept immigrants coming from poor countries,Rich countries have the responsibility to accept immigrants coming from poor countries,2002,2010,3,"2002, 2009, 2010",P69ST.B; p62no2d; p85st.c,1,
s1 subjective social class,S1 Subjective social class,2017,2020,3,"2017, 2018, 2020",S1,2,
same opportunity for women and men to achieve public posts,Same opportunity for women and men: To achieve public posts,1997,2006,3,"1997, 2000, 2006",P70ST.D; p77st.a; sp69d,1,
satisfaction with the way it works judicial system,Satisfaction with the way it works: judicial system,2009,2011,3,"2009, 2010, 2011",P65ST.D; P66ST.D; p71n.d,3,
satisfaction with the way it works police,Satisfaction with the way it works: police,2009,2011,3,"2009, 2010, 2011",P65ST.C; P66ST.C; p71n.c,2,institutional_confidence
satisfaction with the way it works public education,Satisfaction with the way it works: public education,2009,2011,3,"2009, 2010, 2011",P65ST.B; P66ST.B; p71n.b,2,
satisfaction with the way it works public hospitals,Satisfaction with the way it works: public hospitals,2009,2011,3,"2009, 2010, 2011",P65ST.A; P66ST.A; p71n.a,2,
satisfaction with the way it works the place were you bring out the identity card,Satisfaction with the way it works: The place were you bring out the Identity Card,2009,2011,3,"2009, 2010, 2011",P65ST.E; P66ST.E; p71n.e,3,
scale state v s market to solve problems,Scale State v/s Market to solve problems,2001,2009,3,"2001, 2008, 2009",p20n; p80st; p94st,1,
scale to rate how democratic cuba is,Scale to rate how democratic Cuba is.,2009,2011,3,"2009, 2010, 2011",P44ST.E; P49ST.D; p51n.e,3,democracy
scale to rate how democratic venezuela is,Scale to rate how democratic Venezuela is.,2009,2011,3,"2009, 2010, 2011",P44ST.C; P49ST.C; p51n.c,3,democracy
sex,Sex,1995,2011,3,"1995, 2010, 2011",S16; SEXO; s1,4,
social networking services used facebook,Social Networking Services used: Facebook,2009,2011,3,"2009, 2010, 2011",S25.A; S27.A; S33ST.BA,2,
social networking services used friendster,Social Networking Services used: Friendster,2009,2011,3,"2009, 2010, 2011",S25.F; S27.I; S33ST.BI,2,
social networking services used myspace,Social Networking Services used: MySpace,2009,2011,3,"2009, 2010, 2011",S25.B; S27.B; S33ST.BB,2,
social networking services used no answer,Social Networking Services used: No answer,2009,2011,3,"2009, 2010, 2011",S25.Z; S27.Z; S33ST.BZ,2,
social networking services used not applicable,Social Networking Services used: Not applicable,2009,2011,3,"2009, 2010, 2011",S25.Y; S27.Y; S33ST.BY,2,
social networking services used not used,Social Networking Services used: Not used,2009,2011,3,"2009, 2010, 2011",S25.X; S27.X; S33ST.BX,2,
social networking services used orkut,Social Networking Services used: Orkut,2009,2011,3,"2009, 2010, 2011",S25.D; S27.D; S33ST.BD,2,
social networking services used other,Social Networking Services used: Other,2009,2011,3,"2009, 2010, 2011",S25.W; S27.W; S33ST.BW,2,
social networking services used twitter,Social Networking Services used: Twitter,2009,2011,3,"2009, 2010, 2011",S25.E; S27.E; S33ST.BE,2,
social networking services used youtube,Social Networking Services used: Youtube,2009,2011,3,"2009, 2010, 2011",S25.C; S27.C; S33ST.BC,2,
solidarity,Solidarity,1996,1998,3,"1996, 1997, 1998",p74d; sp61d; sp70d,1,
superven supervision of interview,SUPERVEN Supervision of interview,2013,2016,3,"2013, 2015, 2016",SUPERVEN,2,
supervision of household,Supervision of household,2009,2011,3,"2009, 2010, 2011",SUPERVVI; supervvi,1,
supervvi supervision of household,SUPERVVI Supervision of household,2013,2016,3,"2013, 2015, 2016",SUPERVVI,2,
t a relations between country and the united states,P49ST.A Relations between (country) and the United States,2013,2020,3,"2013, 2015, 2020",P31ST.A; P36ST.A; P49ST.A,2,
t f confidence in the judiciary,P14ST.F Confidence in the judiciary,2017,2023,3,"2017, 2020, 2023",P13ST.F; P14ST.F,3,institutional_confidence
t how fair is income distribution,P21ST How fair is income distribution,2016,2018,3,"2016, 2017, 2018",P20ST; P21ST; P23ST,1,
tgbs a confidence in the armed forces,P14STGBS.A Confidence in the armed forces,2017,2023,3,"2017, 2020, 2023",P13STGBS.A; P14STGBS.A,3,institutional_confidence
tgbs a satisfaction with democracy,P13STGBS.A Satisfaction with democracy,2018,2023,3,"2018, 2020, 2023",P11STGBS.A; P13STGBS.A,3,democracy
tgbs most important problem of the country,P3STGBS Most important problem of the country,2016,2020,3,"2016, 2017, 2020",P3STGBS,3,
the drug problem is due to the demand side,The drug problem is due to the demand side,1997,2000,3,"1997, 1998, 2000",P27ST.A; bup26a; sp25a,1,
the government seeks the welfare of the people,The government seeks the welfare of the people,2002,2007,3,"2002, 2006, 2007",p13stb; p22st.b; p23uc,1,
the state should leave productive activity to the private sector,The state should leave productive activity to the private sector,1998,2002,3,"1998, 2001, 2002",np14a; p15std; p22stb,1,
ticc1 future economic situation of the country,P5STICC1 Future economic situation of the country,2015,2017,3,"2015, 2016, 2017",P5STICC1; P6STICC1,2,
time to achieve the standard of living desired,Time to achieve the standard of living desired,1997,2004,3,"1997, 2002, 2004",bp14; p15st; p36st,2,
to which country are you considering to immigrate,To which country are you considering to immigrate?,2002,2004,3,"2002, 2003, 2004",p42st; p61no2; p74st,2,
totcuot control of quota,TOTCUOT Control of quota,2013,2016,3,"2013, 2015, 2016",TOTCUOT,3,
totperd total lost,TOTPERD Total lost,2013,2016,3,"2013, 2015, 2016",TOTPERD,2,
totrech total rejections,TOTRECH Total rejections,2013,2016,3,"2013, 2015, 2016",TOTRECH,2,
totrevi control of re interview,TOTREVI Control of re-interview,2013,2016,3,"2013, 2015, 2016",TOTREVI,2,
trading partner of the future,Trading partner of the future,1996,2003,3,"1996, 1997, 2003",p49; p68st; sp45,2,
usa interested in resolving the problems of country,USA interested in resolving the problems of (country),2006,2008,3,"2006, 2007, 2008",p40ia.b; p57ia.b,1,
use of electronic mail or internet connection,Use of electronic mail or Internet connection,2008,2010,3,"2008, 2009, 2010",S26ST; s24,1,
voted political party family,Voted political party family,2008,2010,3,"2008, 2009, 2010",FAMPART; fampart,1,
what is current employment situation,What is current employment situation?,2008,2011,3,"2008, 2009, 2011",S23A; s14a; s17a,2,
what is the most effective way in which you can contribute to change things,What is the most effective way in which you can contribute to change things?,2006,2009,3,"2006, 2008, 2009",p28st; p41n; p81st,2,
where do you connect to internet dk na,Where do you connect to Internet: Dk/Na,2008,2010,3,"2008, 2009, 2010",S24NBG; S24ST.BZ; S26ST.BZ,1,
where do you connect to internet free public access,Where do you connect to Internet: Free/Public access,2008,2010,3,"2008, 2009, 2010",S24NBE; S24ST.BE; S26ST.BE,1,
where do you connect to internet home,Where do you connect to Internet: Home,2008,2010,3,"2008, 2009, 2010",S24NBB; S24ST.BB; S26ST.BB,1,
where do you connect to internet internet cafac paying place,Where do you connect to Internet: Internet café/paying place,2008,2010,3,"2008, 2009, 2010",S24NBD; S24ST.BD; S26ST.BD,1,
where do you connect to internet not applicable,Where do you connect to Internet: Not applicable,2008,2010,3,"2008, 2009, 2010",S24NBY; S24ST.BY; S26ST.BY,1,
where do you connect to internet particular house,Where do you connect to Internet: Particular house,2008,2010,3,"2008, 2009, 2010",S24NBC; S24ST.BC; S26ST.BC,1,
where do you connect to internet place of study work,Where do you connect to Internet: Place of study/work,2008,2010,3,"2008, 2009, 2010",S24NBA; S24ST.BA; S26ST.BA,1,
which are the eu countries england,Which are the EU countries: England,1995,2004,3,"1995, 1996, 2004",p46d; p48d; p69stu22,1,
which are the eu countries france,Which are the EU countries: France,1995,2004,3,"1995, 1996, 2004",p46c; p48c; p69stu10,1,
which are the eu countries germany,Which are the EU countries: Germany,1995,2004,3,"1995, 1996, 2004",p46a; p48a; p69stu1,1,
which are the eu countries italy,Which are the EU countries: Italy,1995,2004,3,"1995, 1996, 2004",p46e; p48e; p69stu15,1,
which are the eu countries other countries incorrect,Which are the EU countries: Other countries / incorrect,1995,2004,3,"1995, 1996, 2004",p46h; p48h; p69stu25,1,
which are the eu countries portugal,Which are the EU countries: Portugal,1995,2004,3,"1995, 1996, 2004",p46f; p48f; p69stu21,1,
which are the eu countries spain,Which are the EU countries: Spain,1995,2004,3,"1995, 1996, 2004",p46b; p48b; p69stu7,1,
would describe as part of a group that is discriminated in country,Would describe as part of a group that is discriminated in (country),2009,2011,3,"2009, 2010, 2011",P52ST; P63ST; p65n,3,
wt weighting,WT Weighting,2013,2016,3,"2013, 2015, 2016",WT,1,
a familya ts members goes abroad to look for work so as to send money back home,A family’s members goes abroad to look for work so as to send money back home,2006,2007,2,"2006, 2007",p28st; p83n,1,
a person who is born poor and works hard can become rich,A person who is born poor and works hard can become rich,2006,2007,2,"2006, 2007",p12n; p8st,1,
adult member of your household been out of work in the last 12 months,Adult member of your household been out of work in the last 12 months,2002,2005,2,"2002, 2005",p25no2; p87st,1,
after the crime was committed to whom did you turn,"After the crime was committed, to whom did you turn?",2000,2011,2,"2000, 2011",P20BD.A; P80ST.C,2,
age of respondent recoded,Age of respondent (recoded),2007,2008,2,"2007, 2008",reedad,1,
agreement with foreigners having the same rights as nationals,Agreement with foreigners having the same rights as (Nationals),2006,2007,2,"2006, 2007",p29st.c; p64n.d,1,
agreement with nationals being allowed to work in neighboring countries and viceversa,Agreement with (Nationals) being allowed to work in neighboring countries and viceversa,2006,2007,2,"2006, 2007",p29st.a; p64n.a,1,
all the political groups have the same opportunity to appear on tv,All the political groups have the same opportunity to appear on TV,1995,2003,2,"1995, 2003",p24; p56st,1,
approve or disapprove of hugo cha vez,Approve or disapprove of Hugo Chávez,2006,2009,2,"2006, 2009",p49stia; p50stia; p58ia; p59ia,4,
closest political party,Closest political party,1996,1997,2,"1996, 1997",p39a; sp57a,2,
codif coding code,CODIF Coding code,2017,2018,2,"2017, 2018",CODIF,2,
codif encoder,CODIF Encoder,2020,2023,2,"2020, 2023",CODIF,2,
codsuper supervisor code,CODSUPER Supervisor code,2017,2018,2,"2017, 2018",CODSUPER,2,
comdist commune district,COMDIST Commune/district,2013,2015,2,"2013, 2015",COMDIST,2,
comdist sample unit,COMDIST Sample Unit,2020,2023,2,"2020, 2023",COMDIST,2,
comdist sector municipality commune neighborhood district,COMDIST Sector/Municipality/Commune/Neighborhood/District,2017,2018,2,"2017, 2018",COMDIST,1,
confidence in costa ricans,Confidence in Costa Ricans,1996,1997,2,"1996, 1997",p602h; sp67h,1,institutional_confidence
confidence in europeans south america,Confidence in Europeans (South America),1995,1996,2,"1995, 1996",p54n; p601n,1,institutional_confidence
confidence in guatemalans,Confidence in Guatemalans,1996,1997,2,"1996, 1997",p602c; sp67c,1,institutional_confidence
confidence in hondurans,Confidence in Hondurans,1996,1997,2,"1996, 1997",p602b; sp67b,1,institutional_confidence
confidence in japanese south america,Confidence in Japanese (South America),1995,1996,2,"1995, 1996",p54m; p601m,1,institutional_confidence
confidence in mexicans central america,Confidence in Mexicans (Central America),1996,1997,2,"1996, 1997",p602a; sp67a,1,institutional_confidence
confidence in nicaraguans,Confidence in Nicaraguans,1996,1997,2,"1996, 1997",p602f; sp67f,1,institutional_confidence
confidence in north americans central america,Confidence in North Americans (Central America),1996,1997,2,"1996, 1997",p602e; sp67e,1,institutional_confidence
confidence in panamanians,Confidence in Panamanians,1996,1997,2,"1996, 1997",p602g; sp67g,1,institutional_confidence
confidence in people who work study at the same place you do,Confidence in people who work/study at the same place you do,2003,2005,2,"2003, 2005",p38na; p47ste,1,institutional_confidence
confidence in press,Confidence in press,1995,1996,2,"1995, 1996",p27e; p33e,1,institutional_confidence
confidence in salvadorians,Confidence in Salvadorians,1996,1997,2,"1996, 1997",p602d; sp67d,1,institutional_confidence
confidence in stock exchange,Confidence in stock exchange,2003,2004,2,"2003, 2004",p23nh; p34stg,1,institutional_confidence
conflict betweeen unemployed and people with a job,Conflict betweeen unemployed and people with a job,2007,2008,2,"2007, 2008",p69st.b; p90nb,1,
defense of democracy,Defense of democracy,1996,1998,2,"1996, 1998",p22; sp31,1,democracy
democracy as a solution to social inequalities,Democracy as a solution to social inequalities,2008,2009,2,"2008, 2009",p13st; p30n,2,democracy
democracy gives conditions to proper,Democracy gives conditions to proper,2006,2007,2,"2006, 2007",p13stc; p22na.c,1,democracy
did you vote in the last election,Did you vote in the last election?,2006,2009,2,"2006, 2009",p37stm; p40nf,2,
digit code digitizer,DIGIT Code Digitizer,2017,2018,2,"2017, 2018",DIGIT,2,
digit code of typist,DIGIT Code of Typist,2020,2023,2,"2020, 2023",DIGIT,2,
do you have faith that money from taxes will be well spent by the government,Do you have faith that money from taxes will be well spent by the government?,2003,2005,2,"2003, 2005",p30nb; p79st,1,tax_tolerance
do you have faith that taxes will be collected impartially,Do you have faith that taxes will be collected impartially?,2003,2011,2,"2003, 2011",P74ST; p30na,2,tax_tolerance
do you know about activities of eu,Do you know about activities of EU,1995,1996,2,"1995, 1996",p42; p45,1,
dura duration minutes,DURA Duration (minutes),2020,2023,2,"2020, 2023",DURA,2,
dura interview duration minutes,DURA Interview duration (Minutes),2017,2018,2,"2017, 2018",DURA,2,
edad respondent s age,EDAD Respondent's age,2016,2017,2,"2016, 2017",EDAD,2,
edad respondenta s age,EDAD Respondent´s age,2018,2020,2,"2018, 2020",EDAD,2,
environment problem,Environment problem,1996,1997,2,"1996, 1997",p73; sp74,1,
equal opportunities to exit poverty,Equal opportunities to exit poverty,2000,2006,2,"2000, 2006",P9N; p14st,1,meritocracy
equal opportunities to have access to justice,Equal opportunities to have access to justice,2000,2007,2,"2000, 2007",P23N; p20st,1,meritocracy
evaluation of the eu,Evaluation of the EU,2002,2003,2,"2002, 2003",p43sth; p55sti,1,
evaluation of the idb,Evaluation of the IDB,2001,2010,2,"2001, 2010",P46ST.EB; p67nbg,2,
evaluation of the unasur,Evaluation of the UNASUR,2009,2010,2,"2009, 2010",P46ST.GB; p56st.fb,1,
evaluation of the wto,Evaluation of the WTO,2002,2003,2,"2002, 2003",p43stg; p55sth,1,
extremist parties should be banned allowed,Extremist parties should be banned /allowed,1995,2008,2,"1995, 2008",p36; p60st,1,polarization
fampart political party would vote family,FAMPART Political party would vote  - family,2017,2020,2,"2017, 2020",FAMPART,2,
feelings toward politics boredom,Feelings toward politics: Boredom,1996,1998,2,"1996, 1998",p24a; sp37a,1,
feelings toward politics commitment,Feelings toward politics: Commitment,1996,1998,2,"1996, 1998",p24h; sp37f,1,
feelings toward politics distrust,Feelings toward politics: Distrust,1996,1998,2,"1996, 1998",p24i; sp37g,1,
feelings toward politics dona t know no answer,Feelings toward politics: Don´t know/No answer,1996,1998,2,"1996, 1998",p24k; sp37i,1,
feelings toward politics enthusiasm,Feelings toward politics: Enthusiasm,1996,1998,2,"1996, 1998",p24b; sp37b,1,
feelings toward politics indifference,Feelings toward politics: Indifference,1996,1998,2,"1996, 1998",p24e; sp37e,1,
feelings toward politics interest,Feelings toward politics: Interest,1996,1998,2,"1996, 1998",p24d; sp37d,1,
feelings toward politics irritation,Feelings toward politics: Irritation,1996,1998,2,"1996, 1998",p24c; sp37c,1,
feelings toward politics none,Feelings toward politics: None,1996,1998,2,"1996, 1998",p24j; sp37h,1,
fin interview time end,FIN Interview time end,2017,2018,2,"2017, 2018",FIN,2,
fin time of end,FIN Time of end,2020,2023,2,"2020, 2023",FIN,2,
firm hand is not a bad thing,Firm hand is not a bad thing,1995,2004,2,"1995, 2004",p26st; p35,1,
for or against regional economic integration although it may have costs,For or against regional economic integration although it may have costs,1995,1996,2,"1995, 1996",p52; p59,1,
foreign investment for the economic development of the country is,Foreign investment for the economic development of the country is...,1995,1998,2,"1995, 1998",np17; p56,1,
foreign investment should be encouraged,Foreign investment should be encouraged,1998,2001,2,"1998, 2001",np14e; p15stf,1,
free circulation of citizens with no border control,Free circulation of citizens with no border control,2007,2008,2,"2007, 2008",p48nca; p49st.b,1,
free competition impact on job opportunities,Free competition impact on job opportunities,2004,2007,2,"2004, 2007",p51nb; p61nb,1,
frequency of church attendance,Frequency of church attendance,1997,1998,2,"1997, 1998",nsp86; sp82,1,
gb a frequency talk about politics with friends,P30TGB.A Frequency: Talk about politics with friends,2013,2015,2,"2013, 2015",P20TGB.A; P30TGB.A,1,
gbsm if elections were held this sunday which party would you vote for,"P22TGBSM If elections were held this Sunday, which party would you vote for?",2013,2015,2,"2013, 2015",P22TGBSM; P23TGBSM,2,polarization
goods an average of one hot cooked meal per day,Goods: An average of one hot  cooked meal per day,2009,2010,2,"2009, 2010",S21B; s19b,1,
goods camera,Goods: Camera,1995,1996,2,"1995, 1996",s10d; s13d,1,
government people should take responsability for their welfare,Government/People should take responsability for their welfare,2004,2006,2,"2004, 2006",p15st; p19gb,2,
happiness,Happiness,2002,2008,2,"2002, 2008",p1wvs; p1wvsst,1,
has suffered sexual harassment in the workplace,Has suffered sexual harassment in the workplace,2006,2007,2,"2006, 2007",p68n.e; p71st.e,1,
have you ever browsed surfed the internet,Have you ever browsed / surfed the internet?,2002,2003,2,"2002, 2003",p84stb; s12,1,
have you heard about european union actions in latin america,Have you heard about European Union actions in Latin America,1995,1996,2,"1995, 1996",p43a; p46,1,
how democratic canada is,How democratic Canada is,2010,2011,2,"2010, 2011",P44N.G; P49ST.F,2,democracy
how do you think that the problem of energy can be solved more effective,How do you think that the problem of energy can be solved more effective,2007,2008,2,"2007, 2008",p45nc; p47st,1,
how global warmings affects the country,How global warmings affects the country,2007,2010,2,"2007, 2010",P48ST.A; p43na,1,
how have you managed the health problems,How have you managed the health problems?,2006,2007,2,"2006, 2007",p75st; p90n,1,
how justifiable is for someone to accept bribe,How justifiable is for someone to accept bribe,2002,2007,2,"2002, 2007",p52wvsb; p95st.a,1,corruption
how likely is a hit state in country,How likely is a hit state in (country),2009,2010,2,"2009, 2010",P22ST; p31n,2,
how much do you think that it affects you,How much do you think  that it affects you.,2007,2010,2,"2007, 2010",P48M.IAB; p43nb,1,
how proud i am of my country,How proud I am of my country,2007,2009,2,"2007, 2009",p29n.d; p67st.b,1,
how strongly do you support that political party,How strongly do you support that political party,2010,2011,2,"2010, 2011",P33N; P39STM.B,2,
how would you rate public security in the country,How would you rate public security in the country,2010,2011,2,"2010, 2011",P67N; P77ST,2,
idenpa country code,IDENPA Country code,2013,2015,2,"2013, 2015",IDENPA,2,
idenpa country identification,IDENPA Country Identification,2020,2023,2,"2020, 2023",IDENPA,2,
if people really want a job they can find one,"If people really want a job, they can find one",2002,2006,2,"2002, 2006",p22essg; p22na.g,1,
if the woman earns more than the man she will almost certainly have problems,"If the woman earns more than the man, she will almost certainly have problems",2004,2009,2,"2004, 2009",p57n.c; p67st.e,1,
if you have the opportunity would you join a union,"If you have the opportunity, would you join a Union",1995,2003,2,"1995, 2003",p73; p83st,1,
importance of trading with eu for the national economy,Importance of trading with EU for the national economy,1997,1998,2,"1997, 1998",bup47b; sp44b,1,
in case of difficulties the president maintains order with force,In case of difficulties: The president maintains order with force,2002,2008,2,"2002, 2008",p17st.b; p28ub,1,
in case of difficulties the president puts the congress and parties to the side,In case of difficulties: The president puts the Congress and parties to the side,2002,2008,2,"2002, 2008",p17st.d; p28ud,1,institutional_confidence
in case of difficulties the president should not be limited by the law,In case of difficulties: The president should not be limited by the law,2002,2008,2,"2002, 2008",p17st.a; p28ua,1,
in my country justice arrives late but it arrives,"In my country, justice arrives late, but it arrives",2003,2005,2,"2003, 2005",p40stb; p64gb.e,1,
indispensable institutions for the country courts,Indispensable institutions for the country: Courts,1997,2003,2,"1997, 2003",nsp42c; p55stc,1,institutional_confidence
indispensable institutions for the country mayors,Indispensable institutions for the country: Mayors,1997,2003,2,"1997, 2003",nsp42e; p55ste,1,institutional_confidence
indispensable institutions for the country members of parliament,Indispensable institutions for the country: Members of Parliament,1997,2003,2,"1997, 2003",nsp42b; p55stb,1,institutional_confidence
indispensable institutions for the country none,Indispensable institutions for the country: None,1997,2003,2,"1997, 2003",nsp42i; p55stg,1,institutional_confidence
indispensable institutions for the country police,Indispensable institutions for the country: Police,1997,2003,2,"1997, 2003",nsp42d; p55std,1,institutional_confidence
indispensable institutions for the country political parties,Indispensable institutions for the country: Political parties,1997,2003,2,"1997, 2003",nsp42a; p55sta,1,institutional_confidence
indispensable institutions for the country president,Indispensable institutions for the country: President,1997,2003,2,"1997, 2003",nsp42f; p55stf,1,institutional_confidence
influence of spain in latin america,Influence of spain in Latin America,2007,2009,2,"2007, 2009",p50nel; p54st,2,
influence of venezuela,Influence of Venezuela,2009,2010,2,"2009, 2010",P41STIAB; p44n.b,2,
ini interview time start,INI Interview time start,2017,2018,2,"2017, 2018",INI,2,
ini time of start,INI Time of start,2020,2023,2,"2020, 2023",INI,2,
interest in international affairs,Interest in international affairs,2004,2008,2,"2004, 2008",p34n; p66n,1,
international free trades impact on job opportunities,International free trades impact on job opportunities,2004,2007,2,"2004, 2007",p51nc; p61nc,1,
is democracy necessary in order to become a developed country,Is democracy necessary in order to become a developed country?,2002,2008,2,"2002, 2008",p15st; p37no2,1,democracy
is there political party to which feels closer to,Is there political party to which feels closer to,2010,2011,2,"2010, 2011",P32N; P39ST.A,2,
it is your neighborhood safe,It is your neighborhood safe?,2000,2011,2,"2000, 2011",P19BD; P85ST,2,
kind of organizations that you participate artistic,Kind of organizations that you participate: Artistic,1998,2000,2,"1998, 2000",P60ST.C; np57c,1,
kind of organizations that you participate communal,Kind of organizations that you participate: Communal,1998,2000,2,"1998, 2000",P60ST.B; np57b,1,
kind of organizations that you participate environmental,Kind of organizations that you participate: Environmental,1998,2000,2,"1998, 2000",P60ST.E; np57e,1,
kind of organizations that you participate none,Kind of organizations that you participate: None,1998,2000,2,"1998, 2000",P60ST.J; np57j,1,
kind of organizations that you participate political,Kind of organizations that you participate: Political,1998,2000,2,"1998, 2000",P60ST.I; np57i,1,
kind of organizations that you participate professional,Kind of organizations that you participate: Professional,1998,2000,2,"1998, 2000",P60ST.F; np57f,1,
kind of organizations that you participate religious,Kind of organizations that you participate: Religious,1998,2000,2,"1998, 2000",P60ST.A; np57a,1,
kind of organizations that you participate sport,Kind of organizations that you participate: Sport,1998,2000,2,"1998, 2000",P60ST.H; np57h,1,
kind of organizations that you participate union,Kind of organizations that you participate: Union,1998,2000,2,"1998, 2000",P60ST.D; np57d,1,
kind of organizations that you participate youth,Kind of organizations that you participate: Youth,1998,2000,2,"1998, 2000",P60ST.G; np57g,1,
knowledge of global warming,Knowledge of global warming,2007,2010,2,"2007, 2010",P47STMIA; p42n,2,
knowledge of international institutions iadb interamerican development bank,Knowledge of international institutions: IADB Interamerican Development Bank,2001,2010,2,"2001, 2010",P46ST.EA; p67nag,1,institutional_confidence
knowledge of international institutions mercosur,Knowledge of international institutions: MERCOSUR,2001,2009,2,"2001, 2009",p56st.ea; p67naa,1,institutional_confidence
knowledge of international institutions unasur,Knowledge of international institutions: UNASUR,2009,2010,2,"2009, 2010",P46ST.GA; p56st.fa,1,institutional_confidence
knowledge of the un,Knowledge of the UN,1995,1996,2,"1995, 1996",p38e; p41e,1,
language english,Language: English,1995,1996,2,"1995, 1996",s12a; s15a,1,
language portuguese,Language: Portuguese,1995,1996,2,"1995, 1996",s12b; s15b,1,
language spanish,Language: Spanish,1995,1996,2,"1995, 1996",s12c; s15c,1,
latin american country gives you more confidence,Latin American country gives you more confidence,2000,2005,2,"2000, 2005",P43NST; p44st,2,
leaders which you admire nestor kirchner,Leaders which you admire: Nestor Kirchner,2006,2007,2,"2006, 2007",p49st.8; p54stel8,1,
life in your neighborhood is more safe or unsafe each day,Life in your neighborhood is more safe or unsafe each day,2008,2009,2,"2008, 2009",p75n.b; p76n.b,1,
local variable 1,Local variable 1,2010,2011,2,"2010, 2011",LOCAL1; local.1,1,
local variable 10,Local Variable 10,2010,2011,2,"2010, 2011",LOCAL10; local.10,1,
local variable 2,Local variable 2,2010,2011,2,"2010, 2011",LOCAL2; local.2,1,
local variable 3,Local Variable 3,2010,2011,2,"2010, 2011",LOCAL3; local.3,1,
local variable 4,Local Variable 4,2010,2011,2,"2010, 2011",LOCAL4; local.4,1,
local variable 5,Local Variable 5,2010,2011,2,"2010, 2011",LOCAL5; local.5,1,
local variable 6,Local Variable 6,2010,2011,2,"2010, 2011",LOCAL6; local.6,1,
local variable 7,Local Variable 7,2010,2011,2,"2010, 2011",LOCAL7; local.7,1,
local variable 8,Local Variable 8,2010,2011,2,"2010, 2011",LOCAL8; local.8,1,
local variable 9,Local Variable 9,2010,2011,2,"2010, 2011",LOCAL9; local.9,1,
main reason for unemployment today countrymen do not the initiative to create new businesses to give create more empl,Main reason for unemployment today: (countrymen) do not the initiative to create new businesses to give create more empl,2001,2006,2,"2001, 2006",P81ST_3; p31n.c,1,
main reason for unemployment today others,Main reason for unemployment today: Others,2001,2006,2,"2001, 2006",P81ST_4; p31n.d,1,
main reason for unemployment today private companies do not invest enough,Main reason for unemployment today: Private companies do not invest enough,2001,2006,2,"2001, 2006",P81ST_1; p31n.a,1,
main reason for unemployment today the state has an inadequate economic policy,Main reason for unemployment today: The state has an inadequate economic policy,2001,2006,2,"2001, 2006",P81ST_2; p31n.b,1,
mass media independent influenced,Mass media Independent/ Influenced,2004,2007,2,"2004, 2007",p21st; p84nw,1,
men are better political leader,Men are better political leader,2004,2009,2,"2004, 2009",p57wvs.b; p67wvs.d,1,
mesreal month,MESREAL Month,2020,2023,2,"2020, 2023",MESREAL,2,
mesreal month of interview,MESREAL Month of interview,2017,2018,2,"2017, 2018",MESREAL,2,
most discriminated people,Most discriminated people,2001,2008,2,"2001, 2008",p36b; p68st,2,
most important problem 1995 1996,Most important problem: 1995-1996,1995,1996,2,"1995, 1996",p11; p13,1,
most important qualities to teach to children determination and perseverance,Most important qualities to teach to children: Determination and perseverance,2002,2010,2,"2002, 2010",P30WVS.6; p28wvsf,1,
most important qualities to teach to children good manners,Most important qualities to teach to children: Good Manners,2002,2010,2,"2002, 2010",P30WVS.1; p28wvsa,1,
most important qualities to teach to children hard work,Most important qualities to teach to children: Hard work,2002,2010,2,"2002, 2010",P30WVS.3; p28wvsc,1,meritocracy
most important qualities to teach to children obedience,Most important qualities to teach to children: Obedience,2002,2010,2,"2002, 2010",P30WVS.2; p28wvsb,1,
most important qualities to teach to children religious beliefs faith,"Most important qualities to teach to children: Religious beliefs, faith",2002,2010,2,"2002, 2010",P30WVS.7; p28wvsg,1,
most important qualities to teach to children saving money and things,Most important qualities to teach to children: Saving money and things,2002,2010,2,"2002, 2010",P30WVS.5; p28wvse,1,
most important qualities to teach to children tolerance and respect for other people,Most important qualities to teach to children: Tolerance and respect for other people,2002,2010,2,"2002, 2010",P30WVS.4; p28wvsd,1,
my family and i are going in the right direction,My family and I are going in the right direction,2003,2009,2,"2003, 2009",p79st.b; p87crc,1,
number of days you read news in internet,Number of days you read news in Internet,2010,2011,2,"2010, 2011",P70ST.D; P78N.D,2,
number of hours worked per week,Number of hours worked per week,1995,1996,2,"1995, 1996",s12; s9,1,
numcasa number different houses contacted by interview,NUMCASA Number different houses contacted by interview,2013,2015,2,"2013, 2015",NUMCASA,1,
numcasa number of different households contacted to get this interview,NUMCASA Number of different households contacted to get this interview,2017,2018,2,"2017, 2018",NUMCASA,2,
numcasa number of households contacted to get interview,NUMCASA Number of households contacted to get interview,2020,2023,2,"2020, 2023",NUMCASA,2,
numinves research number,NUMINVES Research Number,2020,2023,2,"2020, 2023",NUMINVES,2,
numinves study year,NUMINVES Study year,2013,2015,2,"2013, 2015",NUMINVES,2,
opinion in favour of foreign leaders barack obama,Opinion in favour of foreign leaders: Barack Obama,2009,2010,2,"2009, 2010",P40STIAA; p43n.a,2,
opinion in favour of foreign leaders hugo cha vez,Opinion in favour of foreign leaders: Hugo Chávez?,2009,2010,2,"2009, 2010",P40STIAC; p43n.c,2,
opinion in favour of foreign leaders lula da silva,Opinion in favour of foreign leaders: Lula da Silva,2009,2010,2,"2009, 2010",P40STIAB; p43n.b,2,
opinion of canada,Opinion of Canada.,2009,2010,2,"2009, 2010",P39ST.F; p42n.f,2,
opinion of cuba,Opinion of Cuba,2009,2010,2,"2009, 2010",P39ST.G; p42st.g,2,
opinion russia,P35N.B Opinion: Russia,2015,2017,2,"2015, 2017",P35N.B; P45N.B,1,
own home,Own Home,1995,1996,2,"1995, 1996",s11; s14,1,
past scale of accessing to health,Past scale of accessing to health,1997,2006,2,"1997, 2006",bp15a; p74st.b,2,
people should be prepared to sacrifice their personal interest for the best of the country,People should be prepared to sacrifice their personal interest for the best of the country,2003,2006,2,"2003, 2006",p22gb.b; p22na.e,1,
perception of economic stability of your country,Perception of economic stability of your country,1997,2001,2,"1997, 2001",bup30b; p12st,1,
perpart belong to political party,PERPART Belong to political party,2013,2015,2,"2013, 2015",PERPART,1,
perpart political party would vote participation in government,PERPART Political party would vote - participation in government,2017,2020,2,"2017, 2020",PERPART,2,
political action taking part in unauthorized demonstrations,Political action: Taking part in unauthorized demonstrations,2003,2005,2,"2003, 2005",p72ste; p78nb,1,
political leaders are concerned about the issues,Political leaders are concerned about the issues,1996,2005,2,"1996, 2005",p26; p35st,1,
political party voted participation in government,Political party voted participation in government,2009,2010,2,"2009, 2010",PERPART; pertpart,1,
politicians offer solution of the problems,Politicians offer solution of the problems,1996,2001,2,"1996, 2001",p27; p65st,1,
possibility to catch someone in an illegal act,Possibility to catch someone in an illegal act,1998,2007,2,"1998, 2007",np67; p96st,1,
present scale of accessing job security,Present scale of accessing job security,1997,2006,2,"1997, 2006",bp16c; p85n,2,
present scale of accessing to health,Present scale of accessing to health,1997,2006,2,"1997, 2006",bp16a; p74st.a,2,
private investment impact on job opportunities,Private Investment impact on job opportunities,2004,2007,2,"2004, 2007",p51sta; p61na,1,
private sector participation in education,Private sector participation in: Education,2006,2007,2,"2006, 2007",p56st.b; p76n.b,2,
private sector participation in health,Private sector participation in: Health,2006,2007,2,"2006, 2007",p56st.a; p76n.a,2,
privileges of the ruling party,Privileges of the ruling party,2002,2005,2,"2002, 2005",p31stu; p7u,1,
probability to bribe a judge,Probability to bribe a Judge,2004,2008,2,"2004, 2008",p56nb; p77st.b,1,corruption
probability to bribe a police man,Probability to bribe a police man,2004,2008,2,"2004, 2008",p56na; p77st.a,1,corruption; institutional_confidence
probability to bribe someone in a ministry,Probability to bribe someone in a ministry,2004,2008,2,"2004, 2008",p56nc; p77st.c,1,corruption
province of birth,Province of birth,1995,1996,2,"1995, 1996",s13; s16,1,
rating of leaders josac mujica,Rating of leaders: José Mujica,2010,2011,2,"2010, 2011",P54ST.2; P80N.2,2,
rating of leaders juan manuel santos,Rating of leaders: Juan Manuel Santos,2010,2011,2,"2010, 2011",P54ST.1; P80N.1,2,
rating of leaders laura chinchilla,Rating of leaders: Laura Chinchilla,2010,2011,2,"2010, 2011",P54ST.17; P80N.17,2,
rating of leaders mauricio funes,Rating of leaders: Mauricio Funes,2010,2011,2,"2010, 2011",P54ST.18; P80N.18,2,
rating of leaders sebastia n pia era,Rating of leaders: Sebastián Piñera,2010,2011,2,"2010, 2011",P54ST.6; P80N.6,2,
reasons not to pay all the taxes because nationals are quick witted and sly,Reasons not to pay all the taxes: Because [nationals] are quick-witted and sly,1998,2004,2,"1998, 2004",np69b; p50stb,1,tax_tolerance
reasons not to pay all the taxes because the taxes are ill spent,Reasons not to pay all the taxes: Because the taxes are ill-spent,1998,2004,2,"1998, 2004",np69f; p50stf,1,tax_tolerance
reasons not to pay all the taxes because the taxes are too high,Reasons not to pay all the taxes: Because the taxes are too high,1998,2004,2,"1998, 2004",np69g; p50stg,1,tax_tolerance
reasons not to pay all the taxes because there is corruption,Reasons not to pay all the taxes: Because there is corruption,1998,2004,2,"1998, 2004",np69h; p50sth,1,corruption; tax_tolerance
reasons not to pay all the taxes dona t know no answer,Reasons not to pay all the taxes: Don´t know/No answer,1998,2004,2,"1998, 2004",np69i; p50sti,1,tax_tolerance
reasons not to pay all the taxes lack of civic conscience,Reasons not to pay all the taxes: Lack of civic conscience,1998,2004,2,"1998, 2004",np69d; p50std,1,tax_tolerance
reasons not to pay all the taxes lack of honesty,Reasons not to pay all the taxes: Lack of honesty,1998,2004,2,"1998, 2004",np69a; p50sta,1,tax_tolerance
reasons not to pay all the taxes they dona t see the point in paying taxes,Reasons not to pay all the taxes: They don´t see the point in paying taxes,1998,2004,2,"1998, 2004",np69c; p50stc,1,tax_tolerance
recently hid goods not to pay in supermarket,"Recently, hid goods not to pay in supermarket",1998,2002,2,"1998, 2002",np64d; p49std,1,
reedad summary of respondent s age,REEDAD Summary of Respondent's Age,2015,2016,2,"2015, 2016",REEDAD,1,
reeduc 1 respondent education summary,REEDUC_1 Respondent Education Summary.,2016,2017,2,"2016, 2017",REEDUC.1; REEDUC_1,1,
reeduc 2 respondent education summary parents,REEDUC_2 Respondent Education Summary Parents,2016,2017,2,"2016, 2017",REEDUC.2; REEDUC_2,1,
relations between country and japan,Relations between country and Japan,1997,2003,2,"1997, 2003",nsp46d; p46std,1,
relations between country and other latin america countries,Relations between country and other Latin America countries,1997,2003,2,"1997, 2003",nsp46c; p46stc,1,
relations between country and the rest of the countries of latin american,Relations between country and the rest of the countries of Latin American,2006,2008,2,"2006, 2008",p36st; p52n,1,
respecting their rights a rich person,Respecting their rights: A rich person,2002,2005,2,"2002, 2005",p24ua; p68stu,1,
s1 in the last 12 months how often have you or your family not had enough to eat,"S1 In the last 12 months, how often have you or your family not had enough to eat?",2015,2016,2,"2015, 2016",S1,2,
s19 respondent kind of work,S19 Respondent kind of work,2016,2017,2,"2016, 2017",S19,1,
s2 how do you cover your health expenses,S2 How do you cover your health expenses?,2015,2016,2,"2015, 2016",S2,2,
s20 age chief income earner finished education,S20 Age Chief Income Earner finished education,2016,2017,2,"2016, 2017",S20,1,
s21 chief income earner current kind of work,S21 Chief Income Earner current kind of work,2016,2017,2,"2016, 2017",S21,1,
s22 socioeconomic level,S22 Socioeconomic level,2016,2017,2,"2016, 2017",S22,1,
s3 how concerned would you say you are that you will be left without work within the next 12 months,S3 How concerned would you say you are that you will be left without work within the next 12 months?,2015,2016,2,"2015, 2016",S3,2,
s4 subjective income,S4 Subjective Income,2015,2016,2,"2015, 2016",S4,2,
scale of freedom to choose,Scale of freedom to choose,2001,2008,2,"2001, 2008",p19nwvs; p79wvsst,1,
scale of sacrifice in order to achieve a pollution free environment,Scale of sacrifice in order to achieve a pollution free environment,1997,1998,2,"1997, 1998",nsp76; sp73,2,
scale to rate how democratic espaa a is,Scale to rate how democratic España is.,2009,2010,2,"2009, 2010",P44ST.F; p51n.f,2,democracy
scale to rate how democratic honduras is,Scale to rate how democratic Honduras is.,2009,2010,2,"2009, 2010",P44ST.D; p51n.d,2,democracy
scale to rate how democratic the united states are,Scale to rate how democratic the United States are.,2009,2010,2,"2009, 2010",P44ST.B; p51n.b,2,democracy
sewage water should mostly be in the hands of state private companies,Sewage water should mostly be in the hands of State/ Private companies,1995,1998,2,"1995, 1998",p60f; sp12f,2,
sexo respondent s sex,SEXO Respondent's sex,2016,2017,2,"2016, 2017",SEXO,1,
social networking services used hi5,Social Networking Services used: Hi5,2010,2011,2,"2010, 2011",S27.F; S33ST.BF,2,
social networking services used sonico,Social Networking Services used: Sonico,2010,2011,2,"2010, 2011",S27.H; S33ST.BH,2,
social networking services used windows live space,Social Networking Services used: Windows Live Space,2010,2011,2,"2010, 2011",S27.G; S33ST.BG,2,
source of information of the eu,Source of information of the EU,1995,1996,2,"1995, 1996",p41; p44,1,
special condition to others countries,Special condition to others countries,2007,2008,2,"2007, 2008",p46nc; p46st,1,
supervision of interview,Supervision of interview,2010,2011,2,"2010, 2011",SUPERVEN,2,
supervvi household supervision,SUPERVVI household supervision,2020,2023,2,"2020, 2023",SUPERVVI,2,
supervvi housing supervision,SUPERVVI Housing supervision,2017,2018,2,"2017, 2018",SUPERVVI,2,
t a degree of agreement democracy may have problems but it is the best system of government,P43ST.A Degree of agreement: Democracy may have problems but it is the best system of government,2013,2015,2,"2013, 2015",P13ST.A; P43ST.A,2,democracy
t a opinion usa,P48ST.A Opinion: USA,2013,2015,2,"2013, 2015",P35ST.A; P48ST.A,1,
t a willing to demonstrate and protest about higher wages and better working conditions,P22ST.A Willing to demonstrate and protest about: Higher wages and better working conditions,2015,2020,2,"2015, 2020",P22ST.A; P59ST.A,2,
t aa institutions you know mercosur,P51ST.AA Institutions you know: MERCOSUR,2013,2015,2,"2013, 2015",P37ST.AA; P51ST.AA,2,institutional_confidence
t ab scale 1 10 mercosur,P51ST.AB Scale 1-10: MERCOSUR,2013,2015,2,"2013, 2015",P37ST.AB; P51ST.AB,1,
t b frequency work for a political party or candidate,P30ST.B Frequency: Work for a political party or candidate,2013,2015,2,"2013, 2015",P20ST.B; P30ST.B,1,
t b how do you inform yourself about politics friends,P15ST.B How do you inform yourself about politics: Friends,2017,2018,2,"2017, 2018",P15ST.B; P19ST.B,2,
t b rating of the relationship between the country and the russia,P41ST.B Rating of the relationship between the country and the Russia,2018,2023,2,"2018, 2023",P24ST.B; P41ST.B,2,
t b relations between country and russia,P46ST.B Relations between [country] and Russia,2017,2020,2,"2017, 2020",P31ST.B; P46ST.B,2,
t b willing to demonstrate and protest about improvement in healthcare and education,P22ST.B Willing to demonstrate and protest about: Improvement in healthcare and education,2015,2020,2,"2015, 2020",P22ST.B; P59ST.B,2,
t c confidence in the church,P13ST.C Confidence in the Church,2020,2023,2,"2020, 2023",P13ST.C,2,institutional_confidence
t c frequency try to persuade others to vote for a certain candidate or party,P30ST.C Frequency: Try to persuade others to vote for a certain candidate or party,2013,2015,2,"2013, 2015",P20ST.C; P30ST.C,1,polarization
t c how do you inform yourself about politics people i work with,P15ST.C How do you inform yourself about politics: People I work with,2017,2018,2,"2017, 2018",P15ST.C; P19ST.C,2,
t c opinion about china,P40ST.C Opinion about: China,2018,2020,2,"2018, 2020",P30ST.C; P40ST.C,2,
t c opinion china,P48ST.C Opinion: China,2013,2015,2,"2013, 2015",P35ST.C; P48ST.C,1,
t c relations between country and china,P46ST.C Relations between (country) and China,2017,2020,2,"2017, 2020",P31ST.C; P46ST.C,2,
t c relations between country and spain,P49ST.C Relations between (country) and Spain,2013,2015,2,"2013, 2015",P36ST.C; P49ST.C,1,
t country governed for the benefit of the powerful,P10ST Country governed for the benefit of the powerful,2016,2017,2,"2016, 2017",P10ST,2,
t country is governed for a few powerful groups in their own interest or governed for the good of all,P14ST Country is governed for a few powerful groups in their own interest or governed for the good of all,2013,2020,2,"2013, 2020",P12ST; P14ST,2,
t d confidence in national congress parliament,P14ST.D Confidence in National Congress / Parliament,2017,2020,2,"2017, 2020",P13ST.D; P14ST.D,2,institutional_confidence
t d how do you inform yourself about politics people i study with,P15ST.D How do you inform yourself about politics: People I study with,2017,2018,2,"2017, 2018",P15ST.D; P19ST.D,2,
t d opinion about the european union,P30ST.D Opinion about the European Union,2020,2023,2,"2020, 2023",P23ST.D; P30ST.D,2,
t d opinion spain,P48ST.D Opinion: Spain,2013,2015,2,"2013, 2015",P35ST.D; P48ST.D,1,
t d rating of the relationship between the country and the european union,P41ST.D Rating of the relationship between the country and the European Union,2018,2023,2,"2018, 2023",P24ST.D; P41ST.D,2,
t d willing to demonstrate and protest about to defend democratic rights,P22ST.D Willing to demonstrate and protest about: To defend democratic rights,2015,2020,2,"2015, 2020",P22ST.D; P59ST.D,2,democracy
t e confidence in the national government,P13ST.E Confidence in the National Government,2020,2023,2,"2020, 2023",P13ST.E,2,institutional_confidence
t e how do you inform yourself about politics radio,P15ST.E How do you inform yourself about politics: Radio,2017,2018,2,"2017, 2018",P15ST.E; P19ST.E,2,
t e opinion about cuba,P40ST.E Opinion about: Cuba,2018,2020,2,"2018, 2020",P30ST.E; P40ST.E,2,
t ea institutions you know undp united nations development program,P51ST.EA Institutions you know: UNDP (United Nations Development Program),2013,2015,2,"2013, 2015",P37ST.EA; P51ST.EA,2,institutional_confidence
t eb scale 1 10 undp united nations development program,P51ST.EB Scale 1-10: UNDP (United Nations Development Program),2013,2015,2,"2013, 2015",P37ST.EB; P51ST.EB,1,
t fa institutions you know unasur,P51ST.FA Institutions you know: UNASUR,2013,2015,2,"2013, 2015",P37ST.FA; P51ST.FA,2,institutional_confidence
t fb scale 1 10 unasur,P51ST.FB Scale 1-10: UNASUR,2013,2015,2,"2013, 2015",P37ST.FB; P51ST.FB,1,
t g confidence in the political parties,P13ST.G Confidence in the Political Parties,2020,2023,2,"2020, 2023",P13ST.G,2,institutional_confidence
t how fair do you think income distribution is in country,P27ST How fair do you think income distribution is in (country)?,2013,2015,2,"2013, 2015",P18ST; P27ST,1,
t how often are you concerned that you could be a victim of a violent crime,P67ST How often are you concerned that you could be a victim of a violent crime?,2013,2015,2,"2013, 2015",P57ST; P67ST,2,
t how often do you care that you may become the victim of a crime with violence,P66ST How often do you care that you may become the victim of a crime with violence?,2017,2018,2,"2017, 2018",P66ST; P70ST,1,
t justification scale avoid paying taxes,P58ST Justification scale: Avoid paying taxes,2013,2015,2,"2013, 2015",P56ST; P58ST,2,tax_tolerance
t left right placement in political scale,P41ST Left-Right placement in political scale,2013,2015,2,"2013, 2015",P27ST; P41ST,1,ideology; polarization
t most people say what they think about politics,P60ST Most people say what they think about politics,2020,2023,2,"2020, 2023",P48ST; P60ST,2,interpersonal_trust
t rating of public safety in country,P66ST Rating of public safety in (country),2013,2015,2,"2013, 2015",P59ST; P66ST,2,
t self positioning in left right scale,P17ST Self-positioning in Left- Right scale,2016,2020,2,"2016, 2020",P17ST; P18ST,2,ideology; polarization
tamciud size of habitat,TAMCIUD Size of habitat,2020,2023,2,"2020, 2023",TAMCIUD,2,
tgbs b confidence in the police,P13STGBS.B Confidence in the Police,2020,2023,2,"2020, 2023",P13STGBS.B,2,institutional_confidence
tgbs b satisfaction with the functioning of the economy in general in country,P9STGBS.B Satisfaction with the functioning of the economy (in general) in (country),2017,2018,2,"2017, 2018",P13STGBS.B; P9STGBS.B,2,
tgbs b vote for winning or losing camp,P21STGBS.B Vote for winning or losing camp,2018,2020,2,"2018, 2020",P21STGBS.B; P51STGBS.B,2,polarization
tgbs for which party would you vote this sunday,P15STGBS For which party would you vote this sunday?,2016,2017,2,"2016, 2017",P15STGBS; P16STGBS,2,
tgbs future personal economic situation,P8STGBS Future personal economic situation,2013,2015,2,"2013, 2015",P8STGBS,1,
tgbs how strongly do you support this political party,P24STGBS How strongly do you support this political party,2013,2015,2,"2013, 2015",P24STGBS; P31STGBS,1,
tgbs interest in politics,P46STGBS Interest in politics,2020,2023,2,"2020, 2023",P40STGBS; P46STGBS,2,
tgbs interpersonal trust,P9STGBS Interpersonal Trust,2020,2023,2,"2020, 2023",P9STGBS,2,interpersonal_trust
tgbs most important problem in the country,P9STGBS Most important problem in the country,2013,2015,2,"2013, 2015",P9STGBS,1,
tgbs past personal economic situation,P7STGBS Past personal economic situation,2013,2015,2,"2013, 2015",P7STGBS,1,
tgbsc current economic situation of the country,P4STGBSC Current economic situation of the country,2017,2018,2,"2017, 2018",P4STGBSC; P6STGBSC,1,
the decisions of the government seek to privilege the few,The decisions of the government seek to privilege the few,2002,2010,2,"2002, 2010",P14ST.D; p23uh,1,
the future of most people no longer depends on governments,The future of most people no longer depends on governments,2003,2009,2,"2003, 2009",p79st.d; p87crd,1,interpersonal_trust
the medias must be able to publish news without being afraid of being closed,The medias must be able to publish news without being afraid of being closed,2009,2010,2,"2009, 2010",P14ST.C; p20n.g,2,
the state has the resources to solve the problems of our society,The State has the resources to solve the problems of our society,2010,2011,2,"2010, 2011",P62N; P65ST,2,
there ought to be laws to prevent immigrants entry into country,There ought to be laws to prevent immigrants entry into (country),2002,2009,2,"2002, 2009",p62no2c; p85st.b,1,
things would be ready to do for the preservation of the environment choose a recycled product even if it were more expe,Things would be ready to do for the preservation of the environment: Choose a recycled product even if it were more expe,2000,2001,2,"2000, 2001",P68ST.A; p80sta,1,
things would be ready to do for the preservation of the environment divide the home trash in plastics glass paper et,"Things would be ready to do for the preservation of the environment: Divide the home trash in plastics, glass, paper, et",2000,2001,2,"2000, 2001",P68ST.C; p80stb,1,
things would be ready to do for the preservation of the environment pay taxes to protect the environment,Things would be ready to do for the preservation of the environment: Pay taxes to protect the environment,2000,2001,2,"2000, 2001",P68ST.D; p80stc,1,tax_tolerance
tm foreign investment for the economic development of the country is,P48STM Foreign investment for the economic development of the country is...,2016,2017,2,"2016, 2017",P48STM,2,
tm multilateral institution which contributes most to the development of the country,P50STM Multilateral Institution which contributes most to the development of the (country),2016,2017,2,"2016, 2017",P50STM,1,institutional_confidence
to advance in the integration of the region country has to do some concessions or if country has to do concessions,To advance in the integration of the region (country) has to do  some concessions or if (country) has to do concessions,2007,2008,2,"2007, 2008",p47nc; p48st,1,
to resolve problems that affect your community attended comunal or union meetings,To resolve problems that affect your community: Attended comunal or union meetings,2002,2008,2,"2002, 2008",p83st.a; p8ua,1,
to resolve problems that affect your community contacted a deputy parliamentary,To resolve problems that affect your community: Contacted a deputy (parliamentary),2002,2008,2,"2002, 2008",p83st.d; p8ud,1,institutional_confidence
to resolve problems that affect your community contacted a government official,To resolve problems that affect your community: Contacted a government official,2002,2008,2,"2002, 2008",p83st.c; p8uc,1,
to resolve problems that affect your community contacted a municipal official,To resolve problems that affect your community: Contacted a municipal official,2002,2008,2,"2002, 2008",p83st.b; p8ub,1,
to resolve problems that affect your community contacted the media,To resolve problems that affect your community: Contacted the media,2002,2008,2,"2002, 2008",p83st.e; p8ue,1,
to resolve problems that affect your community spoken in front of an audience to raise a problem,To resolve problems that affect your community: Spoken in front of an audience to raise a problem,2002,2008,2,"2002, 2008",p83st.f; p8uf,1,
to solve problems in neighborhood contacted a government official,To solve problems in neighborhood : Contacted a government official,2001,2005,2,"2001, 2005",p57nasb; p73stb,1,
to solve problems in neighborhood contacted elected legislative representatives,To solve problems in neighborhood: Contacted elected legislative representatives,2001,2005,2,"2001, 2005",p57nasc; p73stc,1,
to solve problems in neighborhood contacted local government,To solve problems in neighborhood: Contacted local government,2001,2005,2,"2001, 2005",p57nasa; p73sta,2,
to solve problems in neighborhood contacted media,To solve problems in neighborhood: Contacted media,2001,2005,2,"2001, 2005",p57nasf; p73stf,1,
to solve problems in neighborhood contacted non government civil society associations,To solve problems in neighborhood: Contacted non- government/ civil society associations,2001,2005,2,"2001, 2005",p57nase; p73ste,1,
to solve problems in neighborhood contacted political parties or other political organizations,To solve problems in neighborhood: Contacted political parties or other political organizations,2001,2005,2,"2001, 2005",p57nasd; p73std,1,institutional_confidence
to solve problems in neighborhood other kind of action,To solve problems in neighborhood : Other (kind of action),2001,2005,2,"2001, 2005",p57nash; p73stg,1,
topics of conversation over which you would fight with a friend first mention,Topics of conversation over which you would fight with a friend: First mention,2004,2007,2,"2004, 2007",p12st.1; p63st,2,
totcuot cuota control,TOTCUOT Cuota control,2020,2023,2,"2020, 2023",TOTCUOT,2,
totcuot quota control,TOTCUOT Quota control,2017,2018,2,"2017, 2018",TOTCUOT,2,
totperd total number of losses,TOTPERD Total number of losses,2017,2018,2,"2017, 2018",TOTPERD,2,
totperd total of lost,TOTPERD Total of lost,2020,2023,2,"2020, 2023",TOTPERD,2,
totrech total number of rejects,TOTRECH Total number of rejects,2017,2018,2,"2017, 2018",TOTRECH,2,
totrech total refusal,TOTRECH Total refusal,2020,2023,2,"2020, 2023",TOTRECH,2,
totrevi revisit control,TOTREVI Revisit control,2017,2018,2,"2017, 2018",TOTREVI,2,
totrevi visit control,TOTREVI Visit control,2020,2023,2,"2020, 2023",TOTREVI,2,
usa helps the development of poor countries,USA Helps the development of poor countries,2006,2007,2,"2006, 2007",p40ia.c; p57ia.d,1,
usaa ts role in the world affairs,USA’s role in the world affairs,1998,2003,2,"1998, 2003",np26; p52st,1,
we are winning in the war against crime,We are winning in the war against crime,2003,2004,2,"2003, 2004",p27stc; p64gb.f,1,
which are the eu countries no answer,Which are the EU countries: No answer,1996,2004,2,"1996, 2004",p48i; p69stu26,1,
which are the eu countries other countries of the eu,Which are the EU countries: Other countries of the EU,1995,1996,2,"1995, 1996",p46g; p48g,1,
who do you believe entrepreneurs,Who do you believe: Entrepreneurs,1996,2003,2,"1996, 2003",p17stj; p55j,1,
who do you believe government,Who do you believe: Government,1996,2003,2,"1996, 2003",p17stl; p55l,1,
who do you believe judges,Who do you believe: Judges,1996,2003,2,"1996, 2003",p17std; p55d,1,
who do you believe military,Who do you believe: Military,1996,2003,2,"1996, 2003",p17stn; p55n,1,
who do you believe newspaper,Who do you believe: Newspaper,1996,2003,2,"1996, 2003",p17stk; p55k,1,
who do you believe none,Who do you believe: None,1996,2003,2,"1996, 2003",p17stp; p55o,1,
who do you believe parliamentarians,Who do you believe: Parliamentarians,1996,2003,2,"1996, 2003",p17stm; p55m,1,institutional_confidence
who do you believe police,Who do you believe: Police,1996,2003,2,"1996, 2003",p17ste; p55e,1,institutional_confidence
who do you believe politicians,Who do you believe: Politicians,1996,2003,2,"1996, 2003",p17sti; p55i,1,
who do you believe priests,Who do you believe: Priests,1996,2003,2,"1996, 2003",p17stb; p55b,1,
who do you believe public officials,Who do you believe: Public officials,1996,2003,2,"1996, 2003",p17stg; p55g,1,
who do you believe relatives,Who do you believe: Relatives,1996,2003,2,"1996, 2003",p17sth; p55h,1,
who do you believe teachers,Who do you believe: Teachers,1996,2003,2,"1996, 2003",p17sta; p55a,1,
who do you believe tv news,Who do you believe: TV News,1996,2003,2,"1996, 2003",p17stc; p55c,1,
who do you believe union leaders,Who do you believe: Union leaders,1996,2003,2,"1996, 2003",p17stf; p55f,1,
who do you think has the most power in nation dk na,Who do you think has the most power in [nation]: Dk/Na,2006,2010,2,"2006, 2010",P36ST.Z; P61ST.Z,1,
who do you think has the most power in nation the banks,Who do you think has the most power in [nation]: The Banks,2006,2010,2,"2006, 2010",P36ST.E; P61ST.E,1,
who do you think has the most power in nation the big companies,Who do you think has the most power in [nation]: The Big Companies,2006,2010,2,"2006, 2010",P36ST.A; P61ST.A,2,
who do you think has the most power in nation the government,Who do you think has the most power in [nation]: The Government,2006,2010,2,"2006, 2010",P36ST.G; P61ST.G,1,
who do you think has the most power in nation the labour unions,Who do you think has the most power in [nation]: The Labour Unions,2006,2010,2,"2006, 2010",P36ST.C; P61ST.C,1,
who do you think has the most power in nation the media,Who do you think has the most power in [nation]: The Media,2006,2010,2,"2006, 2010",P36ST.D; P61ST.D,1,
who do you think has the most power in nation the military,Who do you think has the most power in [nation]: The Military,2006,2010,2,"2006, 2010",P36ST.B; P61ST.B,1,
who do you think has the most power in nation the parliament congress,Who do you think has the most power in [nation]: The Parliament / Congress,2006,2010,2,"2006, 2010",P36ST.H; P61ST.H,1,institutional_confidence
who do you think has the most power in nation the political parties,Who do you think has the most power in [nation]: The Political Parties,2006,2010,2,"2006, 2010",P36ST.F; P61ST.F,1,institutional_confidence
who is giving most economic help to the development of the country,Who is giving most economic help to the development of the country,1995,2005,2,"1995, 2005",p45; p57st_e,1,
who is responsible for the economic problems we face dona t know,Who is responsible for the economic problems we face: Don´t know,2002,2003,2,"2002, 2003",P19NO2k; p9stk,1,
who is responsible for the economic problems we face lack of production of finished products,Who is responsible for the economic problems we face: Lack of production of finished products,2002,2003,2,"2002, 2003",P19NO2h; p9sth,1,
who is responsible for the economic problems we face nobody is responsible directly,Who is responsible for the economic problems we face: Nobody is responsible directly,2002,2003,2,"2002, 2003",P19NO2i; p9sti,1,
who is responsible for the economic problems we face other,Who is responsible for the economic problems we face: Other,2002,2003,2,"2002, 2003",P19NO2j; p9stj,1,
who is responsible for the economic problems we face the banks,Who is responsible for the economic problems we face: The banks,2002,2003,2,"2002, 2003",P19NO2b; p9stb,1,
who is responsible for the economic problems we face the globalization,Who is responsible for the economic problems we face: The globalization,2002,2003,2,"2002, 2003",P19NO2d; p9std,1,
who is responsible for the economic problems we face the governmenta s economic policy,Who is responsible for the economic problems we face: The government´s economic policy,2002,2003,2,"2002, 2003",P19NO2f; p9stf,1,
who is responsible for the economic problems we face the international monetary fund,Who is responsible for the economic problems we face: The international monetary fund,2002,2003,2,"2002, 2003",P19NO2e; p9ste,1,
who is responsible for the economic problems we face the lack of initiative of entrepreneurship,Who is responsible for the economic problems we face: The lack of initiative of entrepreneurship,2002,2003,2,"2002, 2003",P19NO2a; p9sta,1,
who is responsible for the economic problems we face the lack of initiative of the people,Who is responsible for the economic problems we face: The lack of initiative of the people,2002,2003,2,"2002, 2003",P19NO2c; p9stc,1,
who is responsible for the economic problems we face the world trade organization,Who is responsible for the economic problems we face: The world trade organization,2002,2003,2,"2002, 2003",P19NO2g; p9stg,1,
who would not like to have as a neighbors africans,Who would not like to have as a neighbors: Africans,1998,2009,2,"1998, 2009",np63d; p64st.e,1,
who would not like to have as a neighbors homosexuals,Who would not like to have as a neighbors: Homosexuals,1998,2009,2,"1998, 2009",np63a; p64st.a,1,
who would not like to have as a neighbors poor people,Who would not like to have as a neighbors: Poor People,1998,2009,2,"1998, 2009",np63e; p64st.b,1,
world is going in the right direction,World is going in the right direction,2003,2009,2,"2003, 2009",p79st.a; p87cra,1,
worry for shortage of energy affects your family s economy,Worry for shortage of energy affects your family's economy,2006,2008,2,"2006, 2008",p33st.a; p62n.b,1,
1 country you prefer products come from areas of economy national tourism,P57N1 Country you prefer products come from - areas of economy: National tourism,2016,2016,1,2016,P57N1,1,
2 country you prefer products come from areas of economy gastronomy,P57N2 Country you prefer products come from - areas of economy: Gastronomy,2016,2016,1,2016,P57N2,1,
3 country you prefer products come from areas of economy music,P57N3 Country you prefer products come from - areas of economy: Music,2016,2016,1,2016,P57N3,1,
4 country you prefer products come from areas of economy sport,P57N4 Country you prefer products come from - areas of economy: Sport,2016,2016,1,2016,P57N4,1,
5,-5,2002,2002,1,2002,distr,1,
5 country you prefer products come from areas of economy soap operas cinema,P57N5 Country you prefer products come from - areas of economy: Soap operas/cinema,2016,2016,1,2016,P57N5,1,
6 country you prefer products come from areas of economy electronic equipment or household appliances,P57N6 Country you prefer products come from - areas of economy: Electronic equipment or household appliances,2016,2016,1,2016,P57N6,1,
7 country you prefer products come from areas of economy clothing footwear,P57N7 Country you prefer products come from - areas of economy: Clothing/footwear,2016,2016,1,2016,P57N7,1,
a 1 aspect comes to mind about human rights 2nd mention,P52IA.1 Aspect comes to mind about human rights (2nd mention),2013,2013,1,2013,P52IA.1,1,
a a ability of us to deal with the problems of latin america,P42IA.A Ability of US to deal with the problems of Latin America,2015,2015,1,2015,P42IA.A,1,
a a ability of us to deal with the problems of the world,P43IA.A Ability of US to deal with the problems of the World,2015,2015,1,2015,P43IA.A,1,
a a areas do you think has been positively impacted in your country employment sources of work,P52NA_A Areas do you think has been positively impacted in your country: Employment/Sources of work,2016,2016,1,2016,P52NA_A,1,
a a heard or read about the decision of the united stares and cuba to renew diplomatic relations,P40IA.A Heard or read about the decision of the United Stares and Cuba to renew diplomatic relations,2015,2015,1,2015,P40IA.A,1,
a a how much time did it take altogether hours decimal,"P34NA ¿How much time did it take altogether? (Hours, decimal)",2017,2017,1,2017,P34NA,1,
a a how would you evaluate the current governmenta ts performance on regarding individual freedom of expression,P55IA.A How would you evaluate the current government’s performance on regarding individual freedom of expression,2013,2013,1,2013,P55IA.A,1,
a a mx live work in other country or stay in mexico,P40IA.A_MX Live/Work in other country or stay in Mexico,2015,2015,1,2015,P40IA.A_MX,1,
a aspect comes to mind about human rights 1st mention,P52IA Aspect comes to mind about human rights (1st mention),2013,2013,1,2013,P52IA,1,
a b ability of china to deal with the problems of latin america,P42IA.B Ability of  China to deal with the problems of Latin America,2015,2015,1,2015,P42IA.B,1,
a b ability of china to deal with the problems of the world,P43IA.B Ability of China to deal with the problems of the World,2015,2015,1,2015,P43IA.B,1,
a b areas do you think has been positively impacted in your country foreign investment in your country,P52NA_B Areas do you think has been positively impacted in your country: Foreign investment in your country,2016,2016,1,2016,P52NA_B,1,
a b degree of agreement with the us decision to renew diplomatic relations with cuba,P40IA.B Degree of agreement with the US decision to renew diplomatic relations with Cuba,2015,2015,1,2015,P40IA.B,1,
a b how would you evaluate the current governmenta ts performance on regarding individual press freedom,P55IA.B How would you evaluate the current government’s performance on regarding individual press freedom,2013,2013,1,2013,P55IA.B,1,
a b mx country in which you prefer to live or work,P40IA.B_MX Country in which you prefer to live or work,2015,2015,1,2015,P40IA.B_MX,1,
a c ability of brazil to deal with the problems of latin america,P42IA.C Ability of Brazil to deal with the problems of Latin America,2015,2015,1,2015,P42IA.C,1,
a c ability of brazil to deal with the problems of the world,P43IA.C Ability of Brazil to deal with the problems of the World,2015,2015,1,2015,P43IA.C,1,
a c areas do you think has been positively impacted in your country exportations of your country,P52NA_C Areas do you think has been positively impacted in your country: Exportations of your country,2016,2016,1,2016,P52NA_C,1,
a certain degree of corruption as long as the problems of the country are solved,A certain degree of corruption as long as the problems of the country are solved,2002,2002,1,2002,p23uf,1,corruption
a d areas do you think has been positively impacted in your country access of your country to technology,P52NA_D Areas do you think has been positively impacted in your country: Access of your country to technology,2016,2016,1,2016,P52NA_D,1,
a decisive leader to resolving problems,A decisive leader to resolving problems,2003,2003,1,2003,p16gb.e,1,
a e areas do you think has been positively impacted in your country public safety,P52NA_E Areas do you think has been positively impacted in your country: Public safety,2016,2016,1,2016,P52NA_E,1,
a f areas do you think has been positively impacted in your country your personal or family situation,P52NA_F Areas do you think has been positively impacted in your country: Your personal or family situation,2016,2016,1,2016,P52NA_F,1,
a g areas do you think has been positively impacted in your country not applicable,P52NA_G Areas do you think has been positively impacted in your country: Not applicable,2016,2016,1,2016,P52NA_G,1,
a h areas do you think has been positively impacted in your country dk na,P52NA_H Areas do you think has been positively impacted in your country: DK/ NA,2016,2016,1,2016,P52NA_H,1,
a how citizens of chile are treated in the united states,P41IA How citizens of Chile are treated in the United States,2015,2015,1,2015,P41IA,1,
a how would you rate the current governmenta ts performance on the protection of human rights,P54IA How would you rate the current government’s performance on the protection of human rights,2013,2013,1,2013,P54IA,1,
a in favor or against regional economic integration,P45NA In favor or against regional economic integration,2016,2016,1,2016,P45NA,1,
a in your opinion what basic freedoms or rights if any are most threatened in survey country,"P53IA In your opinion, what basic freedoms or rights, if any, are most threatened in [survey country]",2013,2013,1,2013,P53IA,1,
a issues that have to do with the integration of latin america political dialogue,P52NA Issues that have to do with the integration of Latin America: Political dialogue,2017,2017,1,2017,P52NA,1,
a military government solve problems,A military government solve problems,2004,2004,1,2004,p18n,1,democracy
a more egalitarian society,P59N.F A more egalitarian society,2020,2020,1,2020,P59N.F,1,
a most affected by climate change the everyday life of the people,P62NA Most affected by climate change: The everyday life of the people,2017,2017,1,2017,P62NA,1,
a most important aspects for the way of governing first mention,P35NA Most important aspects for the way of governing: First mention,2023,2023,1,2023,P35NA,1,
a please tell me if you agree or disagree with each of the following statements when you know something corrupt be,"P81NA Please, tell me if you agree or disagree with each of the following statements: When you know something corrupt be",2018,2018,1,2018,P81NA,1,corruption
a problem of drug trafficking more resources greater prevention and social programs to reduce drug consumption,P70NA Problem of drug trafficking - more resources: Greater prevention and social programs to reduce drug consumption,2013,2013,1,2013,P70NA,1,
a scale of importance 1 10 encourage creativity in children,P59NA Scale of importance 1-10: Encourage creativity in children,2016,2016,1,2016,P59NA,1,
a teacher or employee of an educational institution,A teacher or employee of an educational institution,2011,2011,1,2011,S12NE.B,1,institutional_confidence
a trading benefit between usa and country,P32NA Trading benefit between USA and (country),2020,2020,1,2020,P32NA,1,
a who should play the most important role in defending press freedom and freedom of expression in country,P56IA Who should play the most important role in defending press freedom and freedom of expression in [Country],2013,2013,1,2013,P56IA,1,
access to a tribunal in case of a claim,Access to a tribunal in case of a claim,2002,2002,1,2002,p15u,1,
actions for public good to help the needy dona t know no answer,Actions for public good to help the needy: Don´t know / No answer,2002,2002,1,2002,P9UE_5,1,
actions for public good to help the needy money,Actions for public good to help the needy: Money,2002,2002,1,2002,P9UE_2,1,
actions for public good to help the needy none,Actions for public good to help the needy: None,2002,2002,1,2002,P9UE_4,1,
actions for public good to help the needy reunions,Actions for public good to help the needy: Reunions,2002,2002,1,2002,P9UE_3,1,
actions for public good to help the needy work,Actions for public good to help the needy: Work,2002,2002,1,2002,P9UE_1,1,
actions for public good to improve labor and conditions in your profession dona t know no answer,Actions for public good to improve labor and conditions in your profession: Don´t know / No answer,2002,2002,1,2002,P9UB_5,1,
actions for public good to improve labor and conditions in your profession money,Actions for public good to improve labor and conditions in your profession: Money,2002,2002,1,2002,P9UB_2,1,
actions for public good to improve labor and conditions in your profession none,Actions for public good to improve labor and conditions in your profession: None,2002,2002,1,2002,P9UB_4,1,
actions for public good to improve labor and conditions in your profession reunions,Actions for public good to improve labor and conditions in your profession: Reunions,2002,2002,1,2002,P9UB_3,1,
actions for public good to improve labor and conditions in your profession work,Actions for public good to improve labor and conditions in your profession: Work,2002,2002,1,2002,P9UB_1,1,
actions for public good to improve the quality of leisure time dona t know no answer,Actions for public good to improve the quality of leisure time: Don´t know / No answer,2002,2002,1,2002,P9UC_5,1,
actions for public good to improve the quality of leisure time money,Actions for public good to improve the quality of leisure time: Money,2002,2002,1,2002,P9UC_2,1,
actions for public good to improve the quality of leisure time none,Actions for public good to improve the quality of leisure time: None,2002,2002,1,2002,P9UC_4,1,
actions for public good to improve the quality of leisure time reunions,Actions for public good to improve the quality of leisure time: Reunions,2002,2002,1,2002,P9UC_3,1,
actions for public good to improve the quality of leisure time work,Actions for public good to improve the quality of leisure time: Work,2002,2002,1,2002,P9UC_1,1,
actions for public good to make things better for neighborhood community dona t know no answer,Actions for public good to make things better for neighborhood/community: Don´t know / No answer,2002,2002,1,2002,P9UA_5,1,
actions for public good to make things better for neighborhood community money,Actions for public good to make things better for neighborhood/community: Money,2002,2002,1,2002,P9UA_2,1,
actions for public good to make things better for neighborhood community none,Actions for public good to make things better for neighborhood/community: None,2002,2002,1,2002,P9UA_4,1,
actions for public good to make things better for neighborhood community reunions,Actions for public good to make things better for neighborhood/community: Reunions,2002,2002,1,2002,P9UA_3,1,
actions for public good to make things better for neighborhood community work,Actions for public good to make things better for neighborhood/community: Work,2002,2002,1,2002,P9UA_1,1,
actions for public good to represent interests of people before authorities dona t know no answer,Actions for public good to represent interests of people before authorities: Don´t know / No answer,2002,2002,1,2002,P9UD_5,1,
actions for public good to represent interests of people before authorities money,Actions for public good to represent interests of people before authorities: Money,2002,2002,1,2002,P9UD_2,1,
actions for public good to represent interests of people before authorities none,Actions for public good to represent interests of people before authorities: None,2002,2002,1,2002,P9UD_4,1,
actions for public good to represent interests of people before authorities reunions,Actions for public good to represent interests of people before authorities: Reunions,2002,2002,1,2002,P9UD_3,1,
actions for public good to represent interests of people before authorities work,Actions for public good to represent interests of people before authorities: Work,2002,2002,1,2002,P9UD_1,1,
actions for the public good to improve education and or develop culture dona t know no answer,Actions for the public good to improve education and/or develop culture: Don´t know / No answer,2002,2002,1,2002,P9UF_5,1,
actions for the public good to improve education and or develop culture money,Actions for the public good to improve education and/or develop culture: Money,2002,2002,1,2002,P9UF_2,1,
actions for the public good to improve education and or develop culture none,Actions for the public good to improve education and/or develop culture: None,2002,2002,1,2002,P9UF_4,1,
actions for the public good to improve education and or develop culture reunion,Actions for the public good to improve education and/or develop culture: Reunion,2002,2002,1,2002,P9UF_3,1,
actions for the public good to improve education and or develop culture work,Actions for the public good to improve education and/or develop culture: Work,2002,2002,1,2002,P9UF_1,1,
actions for the public good to improve the environment dona t know no answer,Actions for the public good to improve the environment: Don´t know / No answer,2002,2002,1,2002,P9UG_5,1,
actions for the public good to improve the environment money,Actions for the public good to improve the environment: Money,2002,2002,1,2002,P9UG_2,1,
actions for the public good to improve the environment none,Actions for the public good to improve the environment: None,2002,2002,1,2002,P9UG_4,1,
actions for the public good to improve the environment reunia3n,Actions for the public good to improve the environment: Reunión,2002,2002,1,2002,P9UG_3,1,
actions for the public good to improve the environment work,Actions for the public good to improve the environment: Work,2002,2002,1,2002,P9UG_1,1,
actions used to get procedures completed by the judicial system ask for a loan to pay for procedures,Actions used to get procedures completed by the judicial system: Ask for a loan to pay for procedures.,2002,2002,1,2002,P20U_2,1,
actions used to get procedures completed by the judicial system dona t know no answer,Actions used to get procedures completed by the judicial system: Don´t know / No answer,2002,2002,1,2002,P20U_5,1,
actions used to get procedures completed by the judicial system none,Actions used to get procedures completed by the judicial system: None,2002,2002,1,2002,P20U_3,1,
actions used to get procedures completed by the judicial system not applicable,Actions used to get procedures completed by the judicial system: Not applicable,2002,2002,1,2002,P20U_4,1,
actions used to get procedures completed by the judicial system rely on the influence of a friend or important person,Actions used to get procedures completed by the judicial system: Rely on the influence of a friend or important person,2002,2002,1,2002,P20U_1,1,
actions which have done make a complaint through the social media,P21N.E Actions which have done: Make a complaint through the social media,2015,2015,1,2015,P21N.E,1,
actions which have done make a complaint to the media,P21N.D Actions which have done: Make a complaint to the media,2015,2015,1,2015,P21N.D,1,
activities you do or would like to do buy a product or service through e commerce,P60N.F Activities you do or would like to do: Buy a product or service through e-commerce,2018,2018,1,2018,P60N.F,1,
activities you do or would like to do control the operation of your home appliances from your cell phone,P60N.A Activities you do or would like to do: Control The operation of your home appliances from your cell phone,2018,2018,1,2018,P60N.A,1,
activities you do or would like to do control the state of your health through an application on your cell phone,P60N.B Activities you do or would like to do: Control the state of your health through an application on your cell phone,2018,2018,1,2018,P60N.B,1,
activities you do or would like to do deposit your savings in a bank where the investments are decided by smart,P60N.E Activities you do or would like to do: Deposit your savings in a bank where the investments are decided by smart,2018,2018,1,2018,P60N.E,1,
activities you do or would like to do donot know do not answer none,P60N.NSNC Activities you do or would like to do: Donot know / Do not answer / None,2018,2018,1,2018,P60N.NSNC,1,
activities you do or would like to do learn more skills associated with new technologies computing programming,"P60N.D Activities you do or would like to do: Learn more skills associated with new technologies (computing, programming",2018,2018,1,2018,P60N.D,1,
activities you do or would like to do use your cell phone to pay the bank s bills,P60N.C Activities you do or would like to do: Use your cell phone to pay the bank's bills,2018,2018,1,2018,P60N.C,1,
after september 11 is there a world terrorist threat,"After September 11, is there a world terrorist threat?",2002,2002,1,2002,p10no2,1,
age at which men should retire,Age at which men should retire,2007,2007,1,2007,p74nb,1,
age at which women should retire,Age at which women should retire,2007,2007,1,2007,p74na,1,
agreement disagreement artificial intelligence and robotics will make more jobs disappear than the ones that cre,P56N.A Agreement/Disagreement: Artificial Intelligence and robotics will make more jobs disappear than the ones that cre,2017,2017,1,2017,P56N.A,1,
agreement disagreement en los pra3ximos 10 aa os su paa s se destacara por sus emprendimientos y desarrollos tecnol,P56N.G Agreement/Disagreement: En los próximos 10 años su país se destacará por sus emprendimientos y desarrollos tecnol,2017,2017,1,2017,P56N.G,1,
agreement disagreement even if we have a government with a a ohard handa it will not be able to solve problems,"P18N.G Agreement/Disagreement: Even if we have a government with a “hard hand”, it will not be able to solve problems",2023,2023,1,2023,P18N.G,1,
agreement disagreement for democracy to work diversity of sources must be guaranteed in the media,P18N.D Agreement/Disagreement: For democracy to work diversity of sources must be guaranteed in the media,2023,2023,1,2023,P18N.D,1,democracy
agreement disagreement globalization is an opportunity for economic growth,P56N.F Agreement/Disagreement: Globalization is an opportunity for economic growth,2017,2017,1,2017,P56N.F,1,
agreement disagreement immigrants are good for the countrya s economy,P33N.A Agreement/Disagreement: Immigrants are good for the country´s economy.,2023,2023,1,2023,P33N.A,1,
agreement disagreement immigrants improve our society with ideas and culture,P33N.D Agreement/Disagreement: Immigrants improve our society with ideas and culture,2023,2023,1,2023,P33N.D,1,
agreement disagreement immigrants increase crime rates,P33N.C Agreement/Disagreement: Immigrants increase crime rates.,2023,2023,1,2023,P33N.C,1,
agreement disagreement in the future the care of sick older adults and children is going to be equally necessar,"P56N.E Agreement/Disagreement: In the future the care of sick, older adults and children is going to be equally necessar",2017,2017,1,2017,P56N.E,1,
agreement disagreement independent of whether or not we have enough roads today it is not possible postpone uni,"P56N.D Agreement/Disagreement: Independent of whether or not we have enough roads, today it is not possible postpone uni",2017,2017,1,2017,P56N.D,1,
agreement disagreement it is essential to know how to use the internet and new technologies to moving the world,P56N.C Agreement/Disagreement: It is essential to know how to use the Internet and new technologies to moving the world,2017,2017,1,2017,P56N.C,1,
agreement disagreement judiciary power must be independent from excecutive power,P18N.E Agreement/Disagreement: Judiciary power must be independent from excecutive power,2023,2023,1,2023,P18N.E,1,institutional_confidence
agreement disagreement political parties in country work well,P18N.F Agreement/Disagreement: Political parties in (COUNTRY) work well,2023,2023,1,2023,P18N.F,1,institutional_confidence
agreement disagreement science and technology can jeopardize our jobs,P56N.B Agreement/Disagreement: Science and technology can jeopardize our jobs,2017,2017,1,2017,P56N.B,1,
agreement disagreement we can have a pandemic similar to covid 19 in the next years,P18N.H Agreement/Disagreement: We can have a pandemic similar to Covid-19 in the next years,2023,2023,1,2023,P18N.H,1,
agreement disagreement with affirmations in general domestic products are of lower quality than imported prod,"P52N.C Agreement / Disagreement with affirmations: In general, domestic products are of lower quality than imported prod",2018,2018,1,2018,P52N.C,1,
agreement disagreement with affirmations the free importation of goods and services favors the consumer,P52N.B Agreement / Disagreement with affirmations: The free importation of goods and services favors the consumer,2018,2018,1,2018,P52N.B,1,
agreement disagreement with affirmations women have the same capabilities as men for science and technology,P52N.D Agreement / Disagreement with affirmations: Women have the same capabilities as men for science and technology,2018,2018,1,2018,P52N.D,1,
agreement disagreement with assertions the use of private information on the internet for commercial purposes,P52N.F Agreement / Disagreement with assertions: The use of private information on the internet for commercial purposes,2018,2018,1,2018,P52N.F,1,
agreement half of judges are women,P53N.G Agreement: Half of Judges are women,2017,2017,1,2017,P53N.G,1,
agreement how us is managing the world conflicts,Agreement how US is managing the world conflicts,2004,2004,1,2004,p77na,1,
agreement human beings are the main responsible for climate change,P53N.I Agreement: Human beings are the main responsible for Climate Change,2017,2017,1,2017,P53N.I,1,
agreement juries should be members of the general public,"P53N.H Agreement: Juries should be members
of the general public",2017,2017,1,2017,P53N.H,1,
agreement of integration commitments about environmental protection is included,P46N.B Agreement of integration: Commitments about environmental protection is included...,2015,2015,1,2015,P46N.B,1,
agreement of integration commitments about the rights of workers,P46N.C Agreement of integration: Commitments about the rights of workers...,2015,2015,1,2015,P46N.C,1,
agreement that employees can work in any country of their choice,P53N.E Agreement:That employees can work in any country of their choice,2017,2017,1,2017,P53N.E,1,
agreement that half of the members of parliament have to be women,P53N.F Agreement: That half of the Members of Parliament have to be women,2017,2017,1,2017,P53N.F,1,institutional_confidence
agreement that judges and prosecutors are elected by popular vote,P53N.B Agreement: That judges and prosecutors are elected by popular vote,2017,2017,1,2017,P53N.B,1,
agreement that parliamentarians be selected as in ancient greece by draw,P53N.C Agreement: That parliamentarians be selected as in ancient Greece by draw,2017,2017,1,2017,P53N.C,1,institutional_confidence
agreement there is no such thing as a problem of climate change,P53N.D Agreement: There is no such thing as a problem of Climate Change,2017,2017,1,2017,P53N.D,1,
agreement with affirmations about education i would be comfortable with my children receiving classes through th,P62N.A Agreement with affirmations about education: I would be comfortable with my children receiving classes through th,2018,2018,1,2018,P62N.A,1,
agreement with affirmations about education my education allows me to be prepared for the works of the future,P62N.B Agreement with affirmations about education: My education allows me to be prepared for the works of the future,2018,2018,1,2018,P62N.B,1,
agreement with homosexual marriage,Agreement with homosexual marriage,2010,2010,1,2010,P14N.G,1,
agreement with nationals being allowed to buy goods and services from any other country and viceversa,Agreement with (Nationals) being allowed to buy goods and services from any other country and viceversa,2006,2006,1,2006,p64n.c,1,
agreement with protests,P62N.A Agreement with: Protests,2020,2020,1,2020,P62N.A,1,
agreement with the militaries expulsing president zelaya out of honduras,Agreement with the militaries expulsing President Zelaya out of Honduras,2009,2009,1,2009,p20n.f,1,
agreement with the military removing the president if this violates the constitution,Agreement with the military removing the president if this violates the constitution,2009,2009,1,2009,p59n,1,
agreement with the us actions in iraq,Agreement with the US actions in Iraq,2004,2004,1,2004,p77nb,1,
agreement with these services gas,P52N.I Agreement with these services: Gas,2015,2015,1,2015,P52N.I,1,
agreement with these services light electricity,P52N.H Agreement with these services: Light/electricity,2015,2015,1,2015,P52N.H,1,
agreement with these services mobile phone signal,P52N.G Agreement with these services: Mobile phone signal,2015,2015,1,2015,P52N.G,1,
agreement with these services potable water,P52N.F Agreement with these services: Potable water,2015,2015,1,2015,P52N.F,1,
and how much do you think it affects you and how much do you think it affects you and your family,And how much do you think it affects you? And how much do you think it affects you and your family?,2011,2011,1,2011,P52ST.B,1,
and how would you describe the countrya ts political situation would you say it is,And how would you describe the country’s political situation? Would you say it is..?,2011,2011,1,2011,P3ST.B,1,
and in the next 12 months do you think that in general the economic situation of your country will be much better a l,"And in the next 12 months do you think that, in general, the economic situation of your country will be much better, a l",2011,2011,1,2011,P5STIC1A,1,
and what has the state done for the country s development,And what has the state done for the country's development?,2011,2011,1,2011,P57N.B,1,
and with the working of the economy,And with the working of the economy?,2011,2011,1,2011,P14ST.B,1,
anyone to discuss personal matters,Anyone to discuss personal  matters?,2007,2007,1,2007,p77n,1,
approve disapprove the way how the government manages the security crime issue,Approve/disapprove the way how the government manages the security/crime issue,2010,2010,1,2010,P59N.B,1,
approves how the government led by the president is running the country honduras,Approves how the government led by the President is running the country (Honduras),2009,2009,1,2009,P68ST.AH,1,
approves the way micheletti comes to power,Approves the way Micheletti comes to power,2009,2009,1,2009,p31nh,1,
approves way in which the government is confronting economic crisis,Approves way in which the Government is confronting: Economic crisis.,2009,2009,1,2009,p68n.b,1,
are you willing to support any social movement and which one or you arena tt willing to support a social movement,"Are you willing to support any social movement and which one, or you aren’t willing to support a social movement?",2009,2009,1,2009,p23n,1,
areas where scientific and technological innovations will have a positive impact in 15 years adapting of society,P60N_G Areas where scientific and technological innovations will have a positive impact in 15 years: Adapting of society,2016,2016,1,2016,P60N_G,1,
areas where scientific and technological innovations will have a positive impact in 15 years availability and qu,P60N_H Areas where scientific and technological innovations will have a positive impact in 15 years: Availability and qu,2016,2016,1,2016,P60N_H,1,
areas where scientific and technological innovations will have a positive impact in 15 years citizen security,P60N_B Areas where scientific and technological innovations will have a positive impact in 15 years: Citizen security,2016,2016,1,2016,P60N_B,1,
areas where scientific and technological innovations will have a positive impact in 15 years combating climate c,P60N_A Areas where scientific and technological innovations will have a positive impact in 15 years: Combating climate c,2016,2016,1,2016,P60N_A,1,
areas where scientific and technological innovations will have a positive impact in 15 years dk na,P60N_L Areas where scientific and technological innovations will have a positive impact in 15 years: DK/NA,2016,2016,1,2016,P60N_L,1,
areas where scientific and technological innovations will have a positive impact in 15 years education and techn,P60N_J Areas where scientific and technological innovations will have a positive impact in 15 years: Education and techn,2016,2016,1,2016,P60N_J,1,
areas where scientific and technological innovations will have a positive impact in 15 years energy supply,P60N_D Areas where scientific and technological innovations will have a positive impact in 15 years: Energy supply,2016,2016,1,2016,P60N_D,1,
areas where scientific and technological innovations will have a positive impact in 15 years health care and med,P60N_E Areas where scientific and technological innovations will have a positive impact in 15 years: Health care and med,2016,2016,1,2016,P60N_E,1,
areas where scientific and technological innovations will have a positive impact in 15 years housing quality,P60N_K Areas where scientific and technological innovations will have a positive impact in 15 years: Housing quality,2016,2016,1,2016,P60N_K,1,
areas where scientific and technological innovations will have a positive impact in 15 years job creation,P60N_C Areas where scientific and technological innovations will have a positive impact in 15 years: Job creation,2016,2016,1,2016,P60N_C,1,
areas where scientific and technological innovations will have a positive impact in 15 years reducing inequaliti,P60N_F Areas where scientific and technological innovations will have a positive impact in 15 years: Reducing inequaliti,2016,2016,1,2016,P60N_F,1,
areas where scientific and technological innovations will have a positive impact in 15 years transport and trans,P60N_I Areas where scientific and technological innovations will have a positive impact in 15 years: Transport and trans,2016,2016,1,2016,P60N_I,1,
as a consumer i can make a difference in how responsible a company behaves,As a consumer I can make a difference in how responsible a company behaves,2003,2003,1,2003,p13cr,1,
as far as you know or have heard from the list on the card what would you say is best in your country,"As far as you know or have heard, from the list on the card what would you say is best in your country?",2011,2011,1,2011,P55N,1,
asian crisis affects the national economy scale,Asian crisis affects the national economy (Scale),1998,1998,1,1998,np18,1,
asian crisis affects the personal economy scale,Asian crisis affects the personal economy (Scale),1998,1998,1,1998,np19,1,
at some level of the educational system,At some level of the educational system,2011,2011,1,2011,S12NE.A,1,
at what age did you smoke for the first time,At what age did you smoke for the first time,2001,2001,1,2001,p84nrr,1,
attention of the new us president to latin america,Attention of the new US president to Latin America,2008,2008,1,2008,p52n,1,
attention to issues on television culture,Attention to issues on television: Culture,2004,2004,1,2004,p86nw.8,1,
attention to issues on television economy,Attention to issues on television: Economy,2004,2004,1,2004,p86nw.4,1,
attention to issues on television environment,Attention to issues on television: Environment,2004,2004,1,2004,p86nw.6,1,
attention to issues on television international affairs or foreing policy,Attention to issues on television: International affairs or foreing policy,2004,2004,1,2004,p86nw.7,1,
attention to issues on television politics,Attention to issues on television: Politics,2004,2004,1,2004,p86nw.1,1,
attention to issues on television social issues like education health poverty,"Attention to issues on television: Social issues like education, health, poverty",2004,2004,1,2004,p86nw.2,1,
attention to issues on television sports,Attention to issues on television: Sports,2004,2004,1,2004,p86nw.5,1,
attention to issues on television the eu,Attention to issues on television: The EU,2004,2004,1,2004,p86nw.3,1,
attitude towards climate change,Attitude towards climate change,2010,2010,1,2010,P49NIA,1,
b in favor or against political regional integration,P45NB In favor or against political regional integration?,2016,2016,1,2016,P45NB,1,
b issues that have to do with the integration of latin america free trade,P52NB Issues that have to do with the integration of Latin America: Free trade,2017,2017,1,2017,P52NB,1,
b minutes,P34NB Minutes,2017,2017,1,2017,P34NB,1,
b most affected by climate change the economic development of my country,P62NB Most affected by climate change: The economic development of my country,2017,2017,1,2017,P62NB,1,
b most important aspects for the way of governing second mention,P35NB Most important aspects for the way of governing: Second mention,2023,2023,1,2023,P35NB,1,
b opinion russia,P46NB Opinion: Russia,2016,2016,1,2016,P46NB,1,
b problem of drug trafficking more resources greater eradication of plants and plantations to reduce drug product,P70NB Problem of drug trafficking - more resources: Greater eradication of plants and plantations to reduce drug product,2013,2013,1,2013,P70NB,1,
b scale of importane 1 10 propose new ideas in the workplae,P59NB Scale of importane 1-10: Propose new ideas in the workplae,2016,2016,1,2016,P59NB,1,
b with which of the following public services are you most satisfied or have you never had contact used any of th,"P83NB With which of the following public services are you most satisfied, or have you never had contact / used any of th",2018,2018,1,2018,P83NB,1,tax_tolerance
bcs have you been offered for the past two months to buy some good or object that you thought could be stolen,P68NBCS Have you been offered for the past two months to buy some good or object that you thought could be stolen,2017,2017,1,2017,P68NBCS,1,
bcs how many people in your neighborhood do you think have purchased stolen items such as tvs dvd players or cell,"P67NBCS How many people in your neighborhood do you think  have purchased stolen items such as TVs, DVD players, or cell",2017,2017,1,2017,P67NBCS,1,
bcs how often do you see the police walking patrolling and watching your neighborhood on foot or in car,"P69NBCS How often do you see the police walking, patrolling and watching your neighborhood, on foot or in car?",2017,2017,1,2017,P69NBCS,1,institutional_confidence
being rubbed against on purpose flattering or offensive,Being rubbed against on purpose: flattering or offensive,2007,2007,1,2007,p70n.b,1,
beloging political party,Beloging political party,2008,2008,1,2008,pertpart,1,
belong to organizations a church or other religious organization,Belong to organizations: A church or other religious organization,2007,2007,1,2007,p65nc,1,
belong to organizations a sports leisure or cultural group,"Belong to organizations: A sports, leisure or cultural group",2007,2007,1,2007,p65nd,1,
belong to organizations another association,Belong to organizations: Another association,2007,2007,1,2007,p65ne,1,
belong to political parties,Belong to political parties,2007,2007,1,2007,p65na,1,institutional_confidence
belong to political party,Belong to political party,2011,2011,1,2011,PERPART,1,
belong to trade union,Belong to trade union,2007,2007,1,2007,p65nb,1,
benefit of commercial treaties between countries,Benefit of commercial treaties between countries,2003,2003,1,2003,p71n,1,
benefit of the arrival of inmigrants,P38N Benefit of the arrival of inmigrants,2020,2020,1,2020,P38N,1,
benefits of alca in the economic development of the country,Benefits of ALCA in the economic development of the country,2001,2001,1,2001,p69n,1,
benefits of regional pact,Benefits of regional pact,1995,1995,1,1995,p51,1,
benefits que you expect from participating in organizations,Benefits que you expect from participating in organizations,2001,2001,1,2001,p59n,1,
best for country global agreements with latinamerican countries or follow own road,Best for country: Global agreements  with latinamerican countries or follow own road,2006,2006,1,2006,p60n,1,
better way for you and the country move further,P32N Better way for you and the country move further,2015,2015,1,2015,P32N,1,
bribery in presidential elections interviewee,Bribery in presidential elections (interviewee),2002,2002,1,2002,p5ub,1,corruption
bs 1 government is our employee the people should tell government what needs to be done,"P16GBS_1 Government is our employee, the people should tell government what needs to be done",2013,2013,1,2013,P16GBS_1,1,
bs 1 government leaders do what they think is best for the people,P15GBS_1 Government leaders do what they think is best for the people,2013,2013,1,2013,P15GBS_1,1,
bs 1 the media should have the right to publish news and ideas without government control,P17GBS_1 The media should have the right to publish news and ideas without government control,2013,2013,1,2013,P17GBS_1,1,
bs 2 government leaders implement what voters want,P15GBS_2 Government leaders implement what voters want,2013,2013,1,2013,P15GBS_2,1,
bs 2 the government is like parent it should decide what is good for us,"P16GBS_2 The government is like parent, it should decide what is good for us",2013,2013,1,2013,P16GBS_2,1,
bs 2 the government should have the right to prevent the media from publishing things that might be politically dest,P17GBS_2 The government should have the right to prevent the media from publishing things that might be politically dest,2013,2013,1,2013,P17GBS_2,1,
bs a do you strongly agree or just agree with the chosen statement about government learders,P15GBS.A Do you strongly agree or just agree with the chosen statement about Government learders?,2013,2013,1,2013,P15GBS.A,1,
bs a do you strongly agree or just agree with the chosen statement about the media and the government,P17GBS.A Do you strongly agree or just agree with the chosen statement about the media and the government?,2013,2013,1,2013,P17GBS.A,1,
bs a do you strongly agree or just agree with the chosen statement about the role of the government,P16GBS.A Do you strongly agree or just agree with the chosen statement about the role of the government?,2013,2013,1,2013,P16GBS.A,1,
bs actions as citizens refused to play taxes or fees to the government,P34GBS Actions as citizens: Refused to play taxes or fees to the government,2013,2013,1,2013,P34GBS,1,tax_tolerance
bs actions as citizens used force or violence for a political cause,P35GBS Actions as citizens: Used force or violence for a political cause,2013,2013,1,2013,P35GBS,1,
bs b scale china is democratic,P50GBS.B Scale China is democratic,2013,2013,1,2013,P50GBS.B,1,democracy
bs c level of agreement allow only one party in elections,P43GBS.C Level of agreement: Allow only one party in elections,2013,2013,1,2013,P43GBS.C,1,
bs corruption and bribe taking in national government,P65GBS Corruption and bribe-taking in national government,2013,2013,1,2013,P65GBS,1,corruption
bs e level of agreement get rid of parliament and elections and let the experts make decisions for people,P43GBS.E Level of agreement: Get rid of parliament and elections and let the experts make decisions for people,2013,2013,1,2013,P43GBS.E,1,institutional_confidence
bs e scale country democratic ten years ago,P50GBS.E Scale (country) democratic ten years ago,2013,2013,1,2013,P50GBS.E,1,democracy
bs f scale country democratic in the future,P50GBS.F Scale (country) democratic in the future,2013,2013,1,2013,P50GBS.F,1,democracy
bs government is our employee vs government is like a parent,P16GBS Government is our employee vs. Government is like a parent,2013,2013,1,2013,P16GBS,1,
bs government leaders do what they think is best for the people or implement what voters want,P15GBS Government leaders do what they think is best for the people or implement what voters want,2013,2013,1,2013,P15GBS,1,
bs in your opinion how much of a democracy is country,P37GBS In your opinion how much of a democracy is [Country]?,2013,2013,1,2013,P37GBS,1,democracy
bs media right to publish news and ideas without government control vs prevent the media from publishing things tha,P17GBS Media: Right to publish news and ideas without government control vs Prevent the media from publishing things tha,2013,2013,1,2013,P17GBS,1,
bs the most essential characteristic of a democracy a,P44GBS The most essential characteristic of a democracy (A),2013,2013,1,2013,P44GBS,1,democracy
bs the most essential characteristic of a democracy b,P45GBS The most essential characteristic of a democracy (B),2013,2013,1,2013,P45GBS,1,democracy
bs the most essential characteristic of a democracy c,P46GBS The most essential characteristic of a democracy (C),2013,2013,1,2013,P46GBS,1,democracy
bs the most essential characteristic of a democracy d,P47GBS The most essential characteristic of a democracy (D),2013,2013,1,2013,P47GBS,1,democracy
bsm corruption and bribe taking in your local municipal government,P64GBSM Corruption and bribe-taking in your local/municipal government,2013,2013,1,2013,P64GBSM,1,corruption
c a do you think your vote is secret or do you think that government parties or the government can find out how you v,P37NC ¿Do you think your vote is secret or do you think that government parties or the government can find out how you v,2017,2017,1,2017,P37NC,1,
c a how many hours a day do you generally spend watching television on weekdays,P74NC.A How many hours a day do you generally spend watching television on weekdays?,2013,2013,1,2013,P74NC.A,1,
c a how much confidence do you have that they operate to improve our quality of life ngo,P16NC.A How much confidence do you have that they operate to improve our quality of life? NGO,2018,2018,1,2018,P16NC.A,1,
c a how much corruption do you think there is in courts,P42NC.A How much corruption do you think there is in: Courts,2017,2017,1,2017,P42NC.A,1,corruption
c a knowledge of international relations between country and international organizations iadb interamerican deve,P47NC.A Knowledge of international relations between (COUNTRY) and international organizations: IADB (Interamerican Deve,2018,2018,1,2018,P47NC.A,1,
c a most relevant international organizations that can improve the quality of life in your country iadb interameri,P46NC.A Most relevant international organizations that can improve the quality of life in your country: IADB (Interameri,2018,2018,1,2018,P46NC.A,1,
c a thinking about situations that may occur in a relationship or within the family tell me with how many of the fo,"P40NC_A Thinking about situations that may occur in a relationship or within the family, tell me with HOW many of the fo",2017,2017,1,2017,P40NC_A,1,
c a what is the worst thing about the idb your projects do not influence in improving my life,P48NC.A What is the worst thing about the IDB: Your projects do not influence in improving my life,2018,2018,1,2018,P48NC.A,1,
c a when was the last time you read a book for professional reasons or as part of your studies,P75NC.A When was the last time you read a book for professional reasons or as part of your studies?,2013,2013,1,2013,P75NC.A,1,
c b 1 place for connecting to internet mobile phone cellular smartphone,P85NC.B_1 Place for connecting to Internet: Mobile Phone / Cellular / Smartphone,2013,2013,1,2013,P85NC.B_1,1,
c b 2 place for connecting to internet other,P85NC.B_2 Place for connecting to Internet: Other,2013,2013,1,2013,P85NC.B_2,1,
c b how many hours a day do you generally spend watching television at weekends and on public holidays,P74NC.B How many hours a day do you generally spend watching television at weekends and on public holidays?,2013,2013,1,2013,P74NC.B,1,
c b how much corruption do you think there is in big companies,P42NC.B How much corruption do you think there is in: Big companies,2017,2017,1,2017,P42NC.B,1,corruption
c b knowledge of international relations between country and international organizations caf development bank of,P47NC.B Knowledge of international relations between (COUNTRY) and international organizations: CAF (Development Bank of,2018,2018,1,2018,P47NC.B,1,
c b most relevant international organizations that can improve the quality of life in your country caf development,P46NC.B Most relevant international organizations that can improve the quality of life in your country: CAF (Development,2018,2018,1,2018,P46NC.B,1,
c b thinking about situations that may occur in a relationship or within the family tell me with how many of the fo,"P40NC_B Thinking about situations that may occur in a relationship or within the family, tell me with HOW many of the fo",2017,2017,1,2017,P40NC_B,1,
c b what is the worst thing about the idb they are arrogant,P48NC.B What is the worst thing about the IDB: They are arrogant,2018,2018,1,2018,P48NC.B,1,
c b when was the last time you read a book for other reasons leisure entertainment personal interest etc,"P75NC.B When was the last time you read a book for other reasons: leisure, entertainment,personal interest, etc.?",2013,2013,1,2013,P75NC.B,1,
c c how many hours a day do you generally spend listening to the radio on weekdays,P74NC.C How many hours a day do you generally spend listening to the radio on weekdays?,2013,2013,1,2013,P74NC.C,1,
c c how much confidence do you have that they operate to improve our quality of life trade unions,P16NC.C How much confidence do you have that they operate to improve our quality of life: Trade Unions,2018,2018,1,2018,P16NC.C,1,
c c how much corruption do you think there is in national government,P42NC.C How much corruption do you think there is in: National government,2017,2017,1,2017,P42NC.C,1,corruption
c c knowledge of international relations between country and international organizations world bank,P47NC.C Knowledge of international relations between (COUNTRY) and international organizations: World Bank,2018,2018,1,2018,P47NC.C,1,
c c most relevant international organizations that can improve the quality of life in your country oas organizatio,P46NC.C Most relevant international organizations that can improve the quality of life in your country: OAS (Organizatio,2018,2018,1,2018,P46NC.C,1,
c c what is the worst thing about the idb they do not communicate well what they do,P48NC.C What is the worst thing about the IDB: They do not communicate well what they do,2018,2018,1,2018,P48NC.C,1,
c considering the past 10 years do you think that access to culture has increased or decreased in c,"P91NC Considering  the  past  10  years,  do  you  think that  access  to  culture  has  increased  or  decreased  in (c",2013,2013,1,2013,P91NC,1,
c d how many hours a day do you generally spend listening to the radio at weekends and on public holidays,P74NC.D How many hours a day do you generally spend listening to the radio at weekends and on public holidays?,2013,2013,1,2013,P74NC.D,1,
c d how much confidence do you have that they operate to improve our quality of life media,P16NC.D How much confidence do you have that they operate to improve our quality of life:  Media,2018,2018,1,2018,P16NC.D,1,
c d how much corruption do you think there is in municipalities,P42NC.D How much corruption do you think there is in: Municipalities,2017,2017,1,2017,P42NC.D,1,corruption
c d most relevant international organizations that can improve the quality of life in your country cabei central a,P46NC.D Most relevant international organizations that can improve the quality of life in your country: CABEI (Central A,2018,2018,1,2018,P46NC.D,1,
c d what is the worst thing about the idb they are distant,P48NC.D What is the worst thing about the IDB: They are distant,2018,2018,1,2018,P48NC.D,1,
c e how much confidence do you have that they operate to improve our quality of life international companies,P16NC.E How much confidence do you have that they operate to improve our quality of life: International companies,2018,2018,1,2018,P16NC.E,1,
c e how much corruption do you think there is in national congress,P42NC.E How much corruption do you think there is in: National congress,2017,2017,1,2017,P42NC.E,1,corruption; institutional_confidence
c e most relevant international organizations that can improve the quality of life in your country world bank,P46NC.E Most relevant international organizations that can improve the quality of life in your country: World Bank,2018,2018,1,2018,P46NC.E,1,
c e what is the worst thing about the idb they do the same as always instead of new things,P48NC.E What is the worst thing about the IDB: They do the same as always instead of new things,2018,2018,1,2018,P48NC.E,1,
c f how much confidence do you have that they operate to improve our quality of life banks,P16NC.F How much confidence do you have that they operate to improve our quality of life: Banks,2018,2018,1,2018,P16NC.F,1,
c f how much corruption do you think there is in trade unions,P42NC.F How much corruption do you think there is in: Trade Unions,2017,2017,1,2017,P42NC.F,1,corruption
c f most relevant international organizations that can improve the quality of life in your country any,P46NC.F Most relevant international organizations that can improve the quality of life in your country: Any,2018,2018,1,2018,P46NC.F,1,
c f what is the worst thing about the idb your ideas solutions are not relevant to my community,P48NC.F What is the worst thing about the IDB: Your ideas / solutions are not relevant to my community,2018,2018,1,2018,P48NC.F,1,
c g how much confidence do you have that they operate to improve our quality of life multilateral international o,P16NC.G How much confidence do you have that they operate to improve our quality of life: Multilateral / international o,2018,2018,1,2018,P16NC.G,1,
c g what is the worst thing about the idb your knowledge about development is not useful or practical,P48NC.G What is the worst thing about the IDB: Your knowledge about development is not useful or practical,2018,2018,1,2018,P48NC.G,1,
c h what is the worst thing about the idb does not know,P48NC.H What is the worst thing about the IDB: Does not know,2018,2018,1,2018,P48NC.H,1,
c have you participated in community celebrations of cultural or historic events for example a carnival in,"P87NC Have you participated in community celebrations of cultural or  historic  events  (for  example,  a  carnival)  in",2013,2013,1,2013,P87NC,1,
c have you visited an historic or cultural park or a heritage site monument historic or artistic p,"P86NC Have  you  visited  an  historic  or  cultural  park or  a  heritage  site  (monument,  historic  or  artistic   p",2013,2013,1,2013,P86NC,1,
c how are the multilateral international organizations like the idb compared to the government of your country,P50NC How are the multilateral / international organizations like the IDB compared to the government of your country,2018,2018,1,2018,P50NC,1,
c how many books did you read last year,P76NC How many books did you read last year?,2013,2013,1,2013,P76NC,1,
c how many of the activities referred were done by the candidates and activists during the last election campaign,P35NC How many of the activities referred were done by the candidates and activists during the last election campaign,2017,2017,1,2017,P35NC,1,
c how much do you think the offer of cultural goods and services will increase in country,P94NC How much  do  you  think  the  offer  of  cultural  goods  and services  will  increase  in  (country)?,2013,2013,1,2013,P94NC,1,
c how often do you generally listen to recorded music,P79NC How  often  do  you  generally listen  to  recorded  music?,2013,2013,1,2013,P79NC,1,
c how often do you generally watch a video in vhs dvd or another format,"P78NC How often do you generally watch a video in VHS, DVD or another format?",2013,2013,1,2013,P78NC,1,
c how often do you use a computer in your free time for reasons of leisure entertainment personal i,"P81NC How  often  do  you  use  a  computer  in  your  free time  for  reasons  of  leisure,  entertainment,  personal i",2013,2013,1,2013,P81NC,1,
c how often have you been to a film showing cinema film festival in the past 12 months,P77NC How often have you been to a film showing/cinema/film festival in the past 12 months?,2013,2013,1,2013,P77NC,1,
c i how do you inform yourself about politics facebook,P19NC.I How do you inform yourself about politics: Facebook,2018,2018,1,2018,P19NC.I,1,
c in addition to spanish brazilian do you speak one or more of the languages of your countrya s indigenous peo,"P89NC In addition to Spanish/Brazilian, do you speak one or more of the  languages  of  your  country´s  indigenous  peo",2013,2013,1,2013,P89NC,1,
c in the next 10 years how much do you think access to culture will increase in country,"P93NC In  the  next  10  years,  how  much  do  you  think access  to  culture  will  increase  in  (country)?",2013,2013,1,2013,P93NC,1,
c in the past 10 years the amount of cultural goods and services has increased or decreased in country,"P92NC In  the  past  10  years,  the amount of cultural goods and services has increased or decreased  in  (country)?",2013,2013,1,2013,P92NC,1,
c in the past 12 months have you attended concerts recitals presentations of music live in open,"P88NC In  the  past  12  months,  have  you  attended concerts,  recitals,  presentations  of  music  (live  in   open",2013,2013,1,2013,P88NC,1,
c issues that have to do with the integration of latin america mobility of people and workers from one country to a,P52NC Issues that have to do with the integration of Latin America: Mobility of people and workers from one country to a,2017,2017,1,2017,P52NC,1,
c j how do you inform yourself about politics twitter,P19NC.J How do you inform yourself about politics: Twitter,2018,2018,1,2018,P19NC.J,1,
c most affected by climate change the health of people,P62NC Most affected by climate change: The health of People,2017,2017,1,2017,P62NC,1,
c most important problem for you and your family,P5NC Most important problem for you and your family,2018,2018,1,2018,P5NC,1,
c most important problem of your municipality,P4NC Most important problem of your municipality,2018,2018,1,2018,P4NC,1,
c nc what is the worst thing about the idb no answer,P48NC.NC What is the worst thing about the IDB:  No answer,2018,2018,1,2018,P48NC.NC,1,
c now i would ask you to tell me from your point of view and that of your family if you believe that the arrival of,P42NC Now I would ask you to tell me from your point of view and that of your family if you believe that the arrival of,2018,2018,1,2018,P42NC,1,
c problem of drug trafficking more resources greater repression and control to reduce drug trafficking,P70NC Problem of drug trafficking - more resources: Greater repression and control to reduce drug trafficking,2013,2013,1,2013,P70NC,1,
c progress in recognizing and valuing the rights languages traditions and forms of cultural expression,"P95NC Progress  in  recognizing  and  valuing  the rights, languages,  traditions  and  forms  of  cultural  expression",2013,2013,1,2013,P95NC,1,
c scale of importance 1 10 innovation to succeed in country,P59NC Scale of importance 1-10: Innovation to succeed in [Country],2016,2016,1,2016,P59NC,1,
c spoken indigenous languages,P90NC Spoken indigenous languages,2013,2013,1,2013,P90NC,1,
c what aspect of the following list do you associate more with multilateral international organizations,P49NC What aspect of the following list do you associate more with multilateral / international organizations?,2018,2018,1,2018,P49NC,1,
c when was the last time you went to the theater,P80NC When was the last time you went to the theater?,2013,2013,1,2013,P80NC,1,
ca place for connecting to internet work office,P85NCA Place for connecting to Internet: Work/office,2013,2013,1,2013,P85NCA,1,
ca search for or visit websites for professional reasons,P84NCA Search for or visit websites for professional reasons,2013,2013,1,2013,P84NCA,1,
can you assume an active role in a group involved in political matters,Can you assume an active role in a group involved in political matters,2003,2003,1,2003,p80n,1,
cb how much confidence do you have that they operate to improve our quality of life national companies,P16NCB How much confidence do you have that they operate to improve our quality of life: National Companies,2018,2018,1,2018,P16NCB,1,
cb place for connecting to internet home,P85NCB Place for connecting to Internet: Home,2013,2013,1,2013,P85NCB,1,
cb search for or visit websites for academic reasons,P84NCB Search for or visit websites for academic reasons,2013,2013,1,2013,P84NCB,1,
cc place for connecting to internet cybercafac,P85NCC Place for connecting to Internet: Cybercafé,2013,2013,1,2013,P85NCC,1,
cc search for or visit websites for entertainment or information,P84NCC Search for or visit websites for entertainment or information,2013,2013,1,2013,P84NCC,1,
cd activities done in internet buy or download software,P84NCD Activities done in Internet: Buy or download software,2013,2013,1,2013,P84NCD,1,
cd place for connecting to internet house of friends relatives,P85NCD Place for connecting to Internet: House of friends/relatives,2013,2013,1,2013,P85NCD,1,
ce activities done in internet buy or download videogame programs,P84NCE Activities done in Internet: Buy or download videogame programs,2013,2013,1,2013,P84NCE,1,
ce place for connecting to internet school institute university,P85NCE Place for connecting to Internet: School/institute/ university,2013,2013,1,2013,P85NCE,1,
cf activities done in internet use videogames directly on internet,P84NCF Activities done in Internet: Use videogames directly on Internet,2013,2013,1,2013,P84NCF,1,
cf place for connecting to internet library municipality or other public plac,"P85NCF Place for connecting to Internet: Library, municipality or other public plac",2013,2013,1,2013,P85NCF,1,
cg activities done in internet read books newspapers magazines blogs directly on internet,"P84NCG Activities done in Internet: Read books, newspapers, magazines,blogs directly on Internet",2013,2013,1,2013,P84NCG,1,
cg place for connecting to internet wireless connection wi fi,P85NCG Place for connecting to Internet: Wireless connection (Wi-Fi),2013,2013,1,2013,P85NCG,1,
ch activities done in internet buy or download books newspapers magazines,"P84NCH Activities done in Internet: Buy or download books, newspapers, magazines",2013,2013,1,2013,P84NCH,1,
ch place for connecting to internet plan ceibal only uruguay,P85NCH Place for connecting to Internet: Plan Ceibal (only Uruguay),2013,2013,1,2013,P85NCH,1,
chief income earner education summary,Chief Income Earner Education Summary,2010,2010,1,2010,REEDUC3,1,
choice between illegally and nationally imported product of the same quality if the illegal product is cheaper t,P58N.B Choice between illegally and nationally imported product of the same quality: If the illegal product is cheaper t,2018,2018,1,2018,P58N.B,1,
choice between illegally and nationally imported product of the same quality if the illegal product is worth hal,P58N.C Choice between illegally and nationally imported product of the same quality: If the illegal product is worth hal,2018,2018,1,2018,P58N.C,1,
choice between illegally and nationally imported product of the same quality if the two products have the same p,P58N.A Choice between illegally and nationally imported product of the same quality: If the two products have the same p,2018,2018,1,2018,P58N.A,1,
choice between imported or national product if the domestic product is cheaper than the imported,P56N.B Choice between imported or national product: If the domestic product is cheaper than the imported,2018,2018,1,2018,P56N.B,1,
choice between imported or national product if the imported product is cheaper than the national,P56N.C Choice between imported or national product: If the imported product is cheaper than the national,2018,2018,1,2018,P56N.C,1,
choice between imported or national product if the imported product is worth half the national,P56N.D Choice between imported or national product: If the imported product is worth half the national,2018,2018,1,2018,P56N.D,1,
choice between imported or national product if the two products have the same price,P56N.A Choice between imported or national product: If the two products have the same price,2018,2018,1,2018,P56N.A,1,
ci activities done in internet search for information about tourism,P84NCI Activities done in Internet: Search for information about tourism,2013,2013,1,2013,P84NCI,1,
circulation of false information in printed press,P53N.D Circulation of false information in printed press,2023,2023,1,2023,P53N.D,1,
circulation of false information in radio,P53N.C Circulation of false information in radio,2023,2023,1,2023,P53N.C,1,
circulation of false information in social media,P53N.A Circulation of false information in social media,2023,2023,1,2023,P53N.A,1,
circulation of false information in tv,P53N.B Circulation of false information in TV,2023,2023,1,2023,P53N.B,1,
cj activities done in internet search for information about museums libraries archives etc,"P84NCJ Activities done in Internet: Search for information about museums, libraries, archives, etc",2013,2013,1,2013,P84NCJ,1,
ck activities done in internet virtual visits to museums exhibitions and monuments,"P84NCK Activities done in Internet: Virtual visits to museums, exhibitions and monuments",2013,2013,1,2013,P84NCK,1,
cl activities done in internet buy or reserve tickets for cultural activities cinemas concerts theaters exhibiti,"P84NCL Activities done in Internet: Buy or reserve tickets for cultural activities (cinemas, concerts, theaters,exhibiti",2013,2013,1,2013,P84NCL,1,
climate change,P59N.C Climate change,2020,2020,1,2020,P59N.C,1,
close to latin america as a region,Close to Latin America as a region,2003,2003,1,2003,p41n,1,
closed congress and abolished political parties,Closed Congress and abolished political parties,2001,2001,1,2001,p53nrr,1,institutional_confidence
cm activities done in internet search for information about music films and shows,"P84NCM Activities done in Internet: Search for information about music, films and shows",2013,2013,1,2013,P84NCM,1,
cn activities done in internet see shows directly on internet concerts plays dance etc,"P84NCN Activities done in Internet: See shows directly on Internet (concerts, plays, dance, etc.)",2013,2013,1,2013,P84NCN,1,
co activities done in internet listen to music directly on internet,P84NCO Activities done in Internet: Listen to music directly on Internet,2013,2013,1,2013,P84NCO,1,
codenc interviewer code,CODENC Interviewer code,2018,2018,1,2018,CODENC,1,
codigo interviewer code,CODIGO Interviewer code,2017,2017,1,2017,CODIGO,1,
collaborated with work help people in need,Collaborated with work: Help people in need,2008,2008,1,2008,p85st.e,1,
collaborated with work improve education and or culture development,Collaborated with work: Improve education and/or culture development,2008,2008,1,2008,p85st.f,1,
collaborated with work improve environment,Collaborated with work: Improve environment,2008,2008,1,2008,p85st.g,1,
collaborated with work improve free time,Collaborated with work: Improve free time,2008,2008,1,2008,p85st.c,1,
collaborated with work improve labor conditions and economic activity,Collaborated with work: Improve labor conditions and economic activity,2008,2008,1,2008,p85st.b,1,
collaborated with work make things for neighborhood or community,Collaborated with work: Make things for neighborhood or community,2008,2008,1,2008,p85st.a,1,
collaborated with work represent interest of people like me,Collaborated with work: Represent interest of people like me,2008,2008,1,2008,p85st.d,1,
comdist neighborhood municipality suburb district,COMDIST Neighborhood/Municipality/Suburb/District,2016,2016,1,2016,COMDIST,1,
commitment of public administration to serve the people,Commitment of public administration to serve the  people,2007,2007,1,2007,p97n,1,
commitment of the us in practice to free trade with country and latin america,Commitment of the US in practice to free trade with (country) and Latin America,2004,2004,1,2004,p64ia04,1,
companies like facebook,P15N.H Companies like Facebook,2020,2020,1,2020,P15N.H,1,
compare the job with the fathera s one,Compare the job with the father´s one,2006,2006,1,2006,p84n,1,
compared with five years ago do you think the educational system in your country offers more less or the same opportun,"Compared with five years ago, do you think the educational system in your country offers more, less or the same opportun",2011,2011,1,2011,P33NE.A,1,
concerned about terrorist attacks,Concerned about terrorist attacks,2004,2004,1,2004,p76n,1,
confidence in a foreigner,Confidence in a foreigner,2007,2007,1,2007,p27n.h,1,institutional_confidence
confidence in a indigenous person,Confidence in a indigenous person,2007,2007,1,2007,p27n.i,1,institutional_confidence
confidence in a national,Confidence in a national,2007,2007,1,2007,p27n.k,1,institutional_confidence
confidence in a poor person,Confidence in a poor person,2007,2007,1,2007,p27n.j,1,institutional_confidence
confidence in chinese central america,Confidence in Chinese (Central America),1996,1996,1,1996,p602k,1,institutional_confidence
confidence in chinese south america,Confidence in Chinese (South America),1996,1996,1,1996,p601o,1,institutional_confidence
confidence in commitment to deliver energy to other countries argentina,Confidence in commitment to deliver energy to other countries: Argentina,2006,2006,1,2006,p61n.c,1,institutional_confidence
confidence in commitment to deliver energy to other countries bolivia,Confidence in commitment to deliver energy to other countries: Bolivia,2006,2006,1,2006,p61n.b,1,institutional_confidence
confidence in commitment to deliver energy to other countries ecuador,Confidence in commitment to deliver energy to other countries: Ecuador,2006,2006,1,2006,p61n.d,1,institutional_confidence
confidence in commitment to deliver energy to other countries mexico,Confidence in commitment to deliver energy to other countries: Mexico,2006,2006,1,2006,p61n.e,1,institutional_confidence
confidence in commitment to deliver energy to other countries venezuela,Confidence in commitment to deliver energy to other countries: Venezuela,2006,2006,1,2006,p61n.a,1,institutional_confidence
confidence in europeans central america,Confidence in Europeans (Central America),1996,1996,1,1996,p602j,1,institutional_confidence
confidence in groups institutions people electoral institution,P19N.H Confidence in groups-institutions-people: Electoral Institution,2015,2015,1,2015,P19N.H,1,institutional_confidence
confidence in japanese central america,Confidence in Japanese (Central America),1996,1996,1,1996,p602i,1,institutional_confidence
confidence in municipal functionaries,Confidence in municipal functionaries,2003,2003,1,2003,p38nf,1,institutional_confidence
confidence in telephone operator,Confidence in telephone operator,2003,2003,1,2003,p38ne,1,institutional_confidence
confidence in the armed forces of china,P36N.B Confidence in the Armed Forces of China,2020,2020,1,2020,P36N.B,1,institutional_confidence
confidence in the capacity of the european union to deal with world problems in a responsible manner,Confidence in the capacity of the European Union to deal with world problems in a responsible manner,2003,2003,1,2003,p48stiac,1,institutional_confidence
confidence in the capacity of the un to deal with world problems in a responsible manner,Confidence in the capacity of the UN to deal with world problems in a responsible manner,2003,2003,1,2003,p48stiab,1,institutional_confidence
confidence in the capacity of the us to resolve conflicts in the world,Confidence in the capacity of the US to resolve conflicts in the world,2003,2003,1,2003,p51nc,1,institutional_confidence
confidence in the state,Confidence in the State,2010,2010,1,2010,P20ST.I,1,institutional_confidence
confidence in the usa armed forces,P36N.A Confidence in the USA Armed Forces,2020,2020,1,2020,P36N.A,1,institutional_confidence
confidence in usa as a world power,Confidence in USA as a world power,2003,2003,1,2003,p51na,1,institutional_confidence
confidence in usaa s ability to solve conflicts in the world,Confidence in USA´s ability to solve conflicts in the world,2003,2003,1,2003,p48stiaa,1,institutional_confidence
confidence that the usa will help the economic development in latin america,Confidence that the USA will help the economic development in Latin America,2003,2003,1,2003,p51nb,1,
confidence that usa will respect international law,Confidence that USA will respect international law,2003,2003,1,2003,p51nd,1,
conflict between left and right ideology,Conflict between left and right ideology,2010,2010,1,2010,P27N.H,1,ideology; polarization
conflicts between the countries of latin america first mention,Conflicts between the countries of Latin America: First mention,2004,2004,1,2004,p48n.1,1,
conflicts between the countries of latin america second mention,Conflicts between the countries of Latin America: Second mention,2004,2004,1,2004,p48n.2,1,
construction of nuclear power stations to produce electricity,Construction of nuclear power stations to produce electricity,2008,2008,1,2008,p38n,1,
cooperate more with the countries of the region,Cooperate more with the countries of the region,2011,2011,1,2011,P83N.C,1,
cooperate more with the usa,Cooperate more with the USA,2011,2011,1,2011,P83N.B,1,
corrupt institutions fifth mention,Corrupt institutions: Fifth mention,2001,2001,1,2001,p28n5,1,corruption; institutional_confidence
corrupt institutions first mention,Corrupt institutions: First mention,2001,2001,1,2001,p28n1,1,corruption; institutional_confidence
corrupt institutions fourth mention,Corrupt institutions: Fourth mention,2001,2001,1,2001,p28n4,1,corruption; institutional_confidence
corrupt institutions second mention,Corrupt institutions: Second mention,2001,2001,1,2001,p28n2,1,corruption; institutional_confidence
corrupt institutions third mention,Corrupt institutions: Third mention,2001,2001,1,2001,p28n3,1,corruption; institutional_confidence
corruption among politicians,Corruption among politicians,2008,2008,1,2008,p75n,1,corruption
country,Country,1995,1995,1,1995,pais,1,
country becomes a worse or better place with foreingners scale,Country becomes a worse or better place with foreingners - scale,2007,2007,1,2007,p34n,1,
country can not solve crime problems it needs help from international police organizations,"Country can not solve crime problems, it needs help from international police organizations",2000,2000,1,2000,P42N.B,1,institutional_confidence
country can not solve environment problems it needs help from international organizations,"Country can not solve environment problems, it needs help from international organizations",2000,2000,1,2000,P42N.A,1,
country goals,Country goals,1995,1995,1,1995,p67,1,
country id,Country ID,2011,2011,1,2011,IDENPA,1,
country in latin america which has more leadership over the region,Country in Latin America which has more leadership over the region,2009,2009,1,2009,p41n,1,
country increases production or improves wealth,Country increases production or improves wealth,1998,1998,1,1998,np15,1,
country should help or not help colombia execute plan colombia,Country should help or not help Colombia execute Plan Colombia,2001,2001,1,2001,p25us,1,
country that produces the most advance technology,Country that produces the most advance technology,1996,1996,1,1996,p50,1,
country with which should not integrate,Country with which should not integrate,2008,2008,1,2008,p39n,1,
countrya s ability to combat the coronavirus pandemic,P41N Country´s ability to combat the Coronavirus Pandemic,2020,2020,1,2020,P41N,1,
countrya ts future as being closer to eu usa or japan,"Country’s future as being closer to EU, USA or Japan",1995,1995,1,1995,p50,1,
countrymen are conscious of their obligations and duties,(Countrymen) are conscious of their obligations and duties,2010,2010,1,2010,P50ST.C,1,
countrymen demand their rights,(Countrymen) demand their rights,2010,2010,1,2010,P50ST.B,1,
countrymen follow the lawful,[Countrymen] follow the lawful,2010,2010,1,2010,P50ST.A,1,
cp activities done in internet buy or download music,P84NCP Activities done in Internet: Buy or download music,2013,2013,1,2013,P84NCP,1,
cq activities done in internet see films directly on internet,P84NCQ Activities done in Internet: See films directly on Internet,2013,2013,1,2013,P84NCQ,1,
cr activities done in internet buy or download films,P84NCR Activities done in Internet: Buy or download films,2013,2013,1,2013,P84NCR,1,
creation of the south american central bank,Creation of the South American Central Bank,2008,2008,1,2008,p49st.d,1,
credibility of politics and politicians,Credibility of politics and politicians,2003,2003,1,2003,p59st,1,
criteria that would put in disadvantage a young person dk na,Criteria that would put in disadvantage a young person: Dk/Na,2008,2008,1,2008,P88NH,1,
criteria that would put in disadvantage a young person nationality,Criteria that would put in disadvantage a young person: Nationality,2008,2008,1,2008,P88NE,1,
criteria that would put in disadvantage a young person none,Criteria that would put in disadvantage a young person: None,2008,2008,1,2008,P88NG,1,
criteria that would put in disadvantage a young person other,Criteria that would put in disadvantage a young person: Other,2008,2008,1,2008,P88NF,1,
criteria that would put in disadvantage a young person personal cleanliness,Criteria that would put in disadvantage a young person: Personal cleanliness,2008,2008,1,2008,P88NC,1,
criteria that would put in disadvantage a young person place of residence neighborhood,"Criteria that would put in disadvantage a young person: Place of residence, neighborhood",2008,2008,1,2008,P88ND,1,
criteria that would put in disadvantage a young person skin color or ethnic origin,Criteria that would put in disadvantage a young person: Skin color or ethnic origin,2008,2008,1,2008,P88NB,1,
criteria that would put in disadvantage a young person way of speaking accent,"Criteria that would put in disadvantage a young person: Way of speaking, accent",2008,2008,1,2008,P88NA,1,
cs activities done in internet post content music videos to be shared,"P84NCS Activities done in Internet: Post content (music, videos) to be shared",2013,2013,1,2013,P84NCS,1,
ct activities done in internet listen to the radio,P84NCT Activities done in Internet: Listen to the radio,2013,2013,1,2013,P84NCT,1,
cu activities done in internet watch television,P84NCU Activities done in Internet: Watch television,2013,2013,1,2013,P84NCU,1,
cua les son actualmente en su opinia3n las dos primeras prioridades de estados unidos en amacrica latina primera mencia3n,Cuáles son actualmente en su opinión las dos primeras prioridades de Estados Unidos en América Latina: Primera mención,2005,2005,1,2005,p60b_ia1,1,
cua les son actualmente en su opinia3n las dos primeras prioridades de estados unidos en amacrica latina segunda mencia3n,Cuáles son actualmente en su opinión las dos primeras prioridades de Estados Unidos en América Latina: Segunda mención,2005,2005,1,2005,p60b_ia2,1,
cuales debera an ser las dos primeras prioridades de estados unidos en latinoamacrica primera mencia3n,Cuales deberían ser las dos primeras prioridades de Estados Unidos en Latinoamérica: Primera mención,2005,2005,1,2005,p60a_ia1,1,
cuales debera an ser las dos primeras prioridades de estados unidos en latinoamacrica segunda mencia3n,Cuales deberían ser las dos primeras prioridades de Estados Unidos en Latinoamérica: Segunda mención,2005,2005,1,2005,p60a_ia2,1,
cuban problems are because of poor administration or the embargo,Cuban problems are because of poor administration or the embargo,2000,2000,1,2000,P48UA,1,
cuban regime is accepted voluntarily or by force,Cuban regime is accepted voluntarily or by force,2000,2000,1,2000,P47UA,1,
cv activities done in internet participate in cultural forums literary about films etc,"P84NCV Activities done in Internet: Participate in cultural forums (literary, about films, etc.)",2013,2013,1,2013,P84NCV,1,
cw activities done in internet participate in chats social networks,"P84NCW Activities done in Internet: Participate in chats, social networks",2013,2013,1,2013,P84NCW,1,
cx activities done in internet use instant messaging messenger,P84NCX Activities done in Internet: Use instant messaging (Messenger),2013,2013,1,2013,P84NCX,1,
cy activities done in internet not applicable,P84NCY Activities done in Internet: Not applicable,2013,2013,1,2013,P84NCY,1,
cz activities done in internet no answer,P84NCZ Activities done in Internet: No answer,2013,2013,1,2013,P84NCZ,1,
d a consequences of an increase in trade with other countries more employment,P28ND.A Consequences of an increase in trade with other countries: More employment,2018,2018,1,2018,P28ND.A,1,
d a in favor of or against country increasing trade with other countries in a way that lowers prices and increases,P27ND.A In favor of or against (country) increasing trade with other countries in a way that lowers prices and increases,2018,2018,1,2018,P27ND.A,1,
d a which of the following alternatives about work is closest to your way of thinking,P62BD.A Which of the following alternatives about work is closest to your way of thinking,2013,2013,1,2013,P62BD.A,1,
d b alternatives about work you would prefer for your children,P62BD.B Alternatives about work you would prefer for your children,2013,2013,1,2013,P62BD.B,1,
d b consequences of an increase in trade with other countries higher wages,P28ND.B Consequences of an increase in trade with other countries: Higher wages,2018,2018,1,2018,P28ND.B,1,
d b in favor of or against country increasing trade with other countries in a way that lowers prices and increases,P27ND.B In favor of or against (country) increasing trade with other countries in a way that lowers prices and increases,2018,2018,1,2018,P27ND.B,1,
d c consequences of an increase in trade with other countries larger variety of products,P28ND.C Consequences of an increase in trade with other countries: Larger variety of products,2018,2018,1,2018,P28ND.C,1,
d c in favor of or against country increasing trade with other countries,P27ND.C In favor of or against (country) increasing trade with other countries,2018,2018,1,2018,P27ND.C,1,
d d consequences of an increase in trade with other countries lower prices,P28ND.D Consequences of an increase in trade with other countries: Lower prices,2018,2018,1,2018,P28ND.D,1,
d d in favor of or against country increasing trade with other countries even if jobs are lost in some importing s,P27ND.D In favor of or against (country) increasing trade with other countries even if jobs are lost in some importing s,2018,2018,1,2018,P27ND.D,1,
d e consequences of an increase in trade with other countries more and better access to technology,P28ND.E Consequences of an increase in trade with other countries: More and better access to technology,2018,2018,1,2018,P28ND.E,1,
d f consequences of an increase in trade with other countries better personal economic situation,P28ND.F Consequences of an increase in trade with other countries: Better personal economic situation,2018,2018,1,2018,P28ND.F,1,
d g consequences of an increase in trade with other countries lower wages,P28ND.G Consequences of an increase in trade with other countries: Lower wages,2018,2018,1,2018,P28ND.G,1,
d h consequences of an increase in trade with other countries less employment,P28ND.H Consequences of an increase in trade with other countries: Less employment,2018,2018,1,2018,P28ND.H,1,
d i consequences of an increase in trade with other countries no consequences,P28ND.I Consequences of an increase in trade with other countries: No consequences,2018,2018,1,2018,P28ND.I,1,
d issues that have to do with the integration of latin america promotion of national and foreign investments,P52ND Issues that have to do with the integration of Latin America: Promotion of national and foreign investments,2017,2017,1,2017,P52ND,1,
d level of corruption in the private sector,P61BD Level of corruption in the private sector,2013,2013,1,2013,P61BD,1,corruption
d most affected by climate change those who will have to emigrate by the rise of the sea or the rise of the desert,P62ND Most affected by climate change: Those who will have to emigrate by the rise of the sea or the rise of the desert,2017,2017,1,2017,P62ND,1,
d problem of drug trafficking more resources all the above prevention eradication repression,P70ND Problem of drug trafficking - more resources: All the above (prevention/eradication/repression),2013,2013,1,2013,P70ND,1,
danger which production and traffic of drugs represent for the region,Danger which production and traffic of drugs represent for the region,2001,2001,1,2001,p24us,1,
danger wich is presented by drug production and traffic for countrymen,Danger wich is presented by drug production and traffic for countrymen,2001,2001,1,2001,p23us,1,
defense of the life style of the country,Defense of the life-style of the country,2001,2001,1,2001,p62nusd,1,
degree of concern if you will be left without work within the next 12 months,Degree of concern if you will be left without work within the next 12 months,2010,2010,1,2010,S3,1,
democracy discussions and agreements,Democracy: Discussions and agreements,2004,2004,1,2004,p22nc,1,democracy
democracy or no the same people always rule,"Democracy or no, the same people always rule",2002,2002,1,2002,p23ui,1,democracy
democracy should be supported no matter what,Democracy should be supported no matter what,2002,2002,1,2002,p23ua,1,democracy
democracya s most important aspects,Democracy´s most important aspects,1996,1996,1,1996,p23,1,democracy
democratic governments are better prepared to confront economic crisis than non democratic government,Democratic governments are better prepared to confront economic crisis than non democratic government,2009,2009,1,2009,p20n.e,1,democracy
deposit in national or foreign currency,Deposit in national or foreign currency,2011,2011,1,2011,S3NICC10,1,
deputies and senators concerned about what people think,Deputies and Senators concerned about what people think,1995,1995,1,1995,p26,1,
dictatorship democracy scale,Dictatorship-Democracy scale,2007,2007,1,2007,p15n,1,democracy
did interviewees find any of the questions offensive or too intrusive or indiscrete to be answered fifth answer,Q1.5 Did interviewees find any of the questions offensive or too intrusive or indiscrete to be answered? (fifth answer),2015,2015,1,2015,Q1.5,1,
did interviewees find any of the questions offensive or too intrusive or indiscrete to be answered first answer,Q1.1 Did interviewees find any of the questions offensive or too intrusive or indiscrete to be answered? (first answer),2015,2015,1,2015,Q1.1,1,
did interviewees find any of the questions offensive or too intrusive or indiscrete to be answered fourth answer,Q1.4 Did interviewees find any of the questions offensive or too intrusive or indiscrete to be answered? (fourth answer),2015,2015,1,2015,Q1.4,1,
did interviewees find any of the questions offensive or too intrusive or indiscrete to be answered second answer,Q1.2 Did interviewees find any of the questions offensive or too intrusive or indiscrete to be answered? (second answer),2015,2015,1,2015,Q1.2,1,
did interviewees find any of the questions offensive or too intrusive or indiscrete to be answered third answer,Q1.3 Did interviewees find any of the questions offensive or too intrusive or indiscrete to be answered? (third answer),2015,2015,1,2015,Q1.3,1,
did you personally witness it or were you told about it by a family member or friend who personally witnessed it,P63A Did you personally witness it or were you told about it by a family member or friend who personally witnessed it?,2013,2013,1,2013,P63A,1,
diffculty of acces to health care cost of seeing a doctor,Diffculty of acces to health care: Cost of seeing a doctor,2007,2007,1,2007,P76ND,1,
diffculty of acces to health care distance to the hospital,Diffculty of acces to health care: Distance to the hospital,2007,2007,1,2007,P76NA,1,
diffculty of acces to health care dona t know no answer,Diffculty of acces to health care: Don´t know / No answer,2007,2007,1,2007,P76NF,1,
diffculty of acces to health care none,Diffculty of acces to health care: None,2007,2007,1,2007,P76NE,1,
diffculty of acces to health care time to obtain an appointment,Diffculty of acces to health care: Time to obtain an appointment,2007,2007,1,2007,P76NB,1,
diffculty of acces to health care time waiting in the doctora ts office,Diffculty of acces to health care: Time waiting in the doctor’s office,2007,2007,1,2007,P76NC,1,
difficulties for women to integrate at the labor market difficulty to children are cared,P68N_C Difficulties for women to integrate at the labor market: Difficulty to children are cared,2015,2015,1,2015,P68N_C,1,
difficulties for women to integrate at the labor market discrimination for be in childbearing age,P68N_D Difficulties for women to integrate at the labor market: Discrimination for be in childbearing age,2015,2015,1,2015,P68N_D,1,
difficulties for women to integrate at the labor market employers don t hire women with children,P68N_F Difficulties for women to integrate at the labor market: Employers don't hire women with children,2015,2015,1,2015,P68N_F,1,
difficulties for women to integrate at the labor market flexible timetable,P68N_E Difficulties for women to integrate at the labor market: Flexible timetable,2015,2015,1,2015,P68N_E,1,
difficulties for women to integrate at the labor market high unemployment,P68N_A Difficulties for women to integrate at the labor market : High unemployment,2015,2015,1,2015,P68N_A,1,
difficulties for women to integrate at the labor market lack of education training,P68N_G Difficulties for women to integrate at the labor market: Lack of education/training,2015,2015,1,2015,P68N_G,1,
difficulties for women to integrate at the labor market low wages,P68N_B Difficulties for women to integrate at the labor market: Low wages,2015,2015,1,2015,P68N_B,1,
difficulties for women to integrate at the labor market no answer,P68N_I Difficulties for women to integrate at the labor market: No answer,2015,2015,1,2015,P68N_I,1,
difficulties for women to integrate at the labor market none,P68N_H Difficulties for women to integrate at the labor market: None,2015,2015,1,2015,P68N_H,1,
difficulties of other countries which affect the national development,Difficulties of other countries which affect the national development,2001,2001,1,2001,p32n,1,
difficulty for get illegal drugs in the place where you live,P62N Difficulty for get illegal drugs in the place where you live,2015,2015,1,2015,P62N,1,
discussing political issues is good for democracy,Discussing political issues is good for democracy,2004,2004,1,2004,p23n,1,democracy
dn a to what extent do you believe that china it is a reliable partner for your country,P26SDN.A To what extent do you believe that China...?: It is a reliable partner for your country,2023,2023,1,2023,P26SDN.A,1,
dn b to what extent do you believe that china interferes in our countrya ts internal affairs,P26SDN.B To what extent do you believe that China...?: Interferes in our country’s internal affairs,2023,2023,1,2023,P26SDN.B,1,
dn c to what extent do you believe that china upholds its international commitments,P26SDN.C To what extent do you believe that China...?: Upholds its international commitments,2023,2023,1,2023,P26SDN.C,1,
dn country should have a closer relationship with the united states or china,P27SDN {COUNTRY} should have a closer relationship with the United States or China,2023,2023,1,2023,P27SDN,1,
dn d to what extent do you believe that china contributes to stability in latin america,P26SDN.D To what extent do you believe that China...?: Contributes to stability in Latin America,2023,2023,1,2023,P26SDN.D,1,
dn e to what extent do you believe that china provides a good political model for our country,P26SDN.E To what extent do you believe that China...?: Provides a good political model for our country,2023,2023,1,2023,P26SDN.E,1,
dn f to what extent do you believe that china provides a good economic model for our country,P26SDN.F To what extent do you believe that China...?: Provides a good economic model for our country,2023,2023,1,2023,P26SDN.F,1,
do know people that regularly consume drugs,Do know people that regularly consume drugs?,2000,2000,1,2000,P25N,1,
do the right thing no matter what,Do the right thing no matter what,2006,2006,1,2006,p22na.d,1,
do you approve or not of the performance of the government led by president name,Do you approve or not of the performance of the government led by President (name)?,2011,2011,1,2011,P36ST,1,
do you believe that the political sector which you support has the same opportunities to get into power as others or yo,Do you believe that the political sector which you support has the same opportunities to get into power as others? Or yo,2011,2011,1,2011,P40ST,1,
do you consider that robots are going to take your job or someone from your family,P61N Do you consider that robots are going to take your job or someone from your family?,2018,2018,1,2018,P61N,1,
do you consider the countrya ts present economic situation to be better a little better the same a little worse or much,"Do you consider the country’s present economic situation to be better, a little better, the same, a little worse or much",2011,2011,1,2011,P4ST,1,
do you consider your economic situation and that of your family to be better the same or worse than 12 months ago,"Do you consider your economic situation and that of your family to be better, the same, or worse than 12 months ago?.",2011,2011,1,2011,P7STICC3,1,
do you consider your economic situation and that of your family to be much better a little better about the same a li,"Do you consider your economic situation and that of your family to be much better, a little better, about the same, a li",2011,2011,1,2011,P8STICC4,1,
do you feel informed by the authorities,Do you feel informed by the authorities,1996,1996,1,1996,p34,1,
do you or any member of your household own a gun,Do you or any member of your household own a gun?,2011,2011,1,2011,P82N,1,
do you still smoke at least one cigarette each day,Do you still smoke at least one cigarette each day,2001,2001,1,2001,p85nrr,1,
do you strongly agree 1 agree 2 disagree 3 or strongly disagree 4 with the following statements trade schools,"Do you strongly agree (1), agree (2), disagree (3) or strongly disagree (4) with the following statements? Trade schools",2011,2011,1,2011,P31NE.A,1,
do you strongly agree 1 agree 2 disagree 3 or strongly disagree 4 with the following statements university e,"Do you strongly agree (1), agree (2), disagree (3) or strongly disagree (4) with the following statements?  University e",2011,2011,1,2011,P31NE.B,1,
do you think democracy in country has,Do you think democracy in (country) has.. ?,2011,2011,1,2011,P15N,1,democracy
do you think that a team of men and women will have better or worse results than a team made up of men only,P43N Do you think that a team of men and women will have better or worse results than a team made up of men only?,2018,2018,1,2018,P43N,1,
do you think that technology is beneficial or harmful to your use,P57N Do you think that technology is beneficial or harmful to your use?,2018,2018,1,2018,P57N,1,
do you think that within the next ten years state education in your country will improve stay the same or get worse,"Do you think that within the next ten years state education in your country will improve, stay the same or get worse?",2011,2011,1,2011,P28NE,1,
dona t know,Don´t know,2011,2011,1,2011,P56NY,1,
drug legalization,P71N Drug legalization,2013,2013,1,2013,P71N,1,
drug traffickers should be tried in the us or in the country,Drug traffickers should be tried in the US or in the country,1998,1998,1,1998,np50,1,
drugs you agree for personal consumption all,P43N_C Drugs you agree for personal consumption: All,2016,2016,1,2016,P43N_C,1,
drugs you agree for personal consumption cocaine,P43N_B Drugs you agree for personal consumption: Cocaine,2016,2016,1,2016,P43N_B,1,
drugs you agree for personal consumption dk na,P43N_E Drugs you agree for personal consumption: DK/NA,2016,2016,1,2016,P43N_E,1,
drugs you agree for personal consumption marihuana,P43N_A Drugs you agree for personal consumption: Marihuana,2016,2016,1,2016,P43N_A,1,
drugs you agree for personal consumption none,P43N_D Drugs you agree for personal consumption: None,2016,2016,1,2016,P43N_D,1,
during the las electoral campaign a did you see candidates or people from the parties giving gift or doing favors i,"P36C During the las electoral campaign, ¿did you see candidates or people from the parties giving gift or doing favors i",2017,2017,1,2017,P36C,1,
e issues that have to do with the integration of latin america scientific or academic exchange,P52NE Issues that have to do with the integration of Latin America: Scientific or academic exchange,2017,2017,1,2017,P52NE,1,
e most affected by climate change plants and animals,P62NE Most affected by climate change: Plants and animals,2017,2017,1,2017,P62NE,1,
e problem of drug trafficking more resources others legalization of drugs only ar co cr uy,"P70NE Problem of drug trafficking - more resources: Others-Legalization of drugs (only AR,CO,CR,UY)",2013,2013,1,2013,P70NE,1,
economic activity that most contributes to the countrya ts development agriculture,Economic activity that most contributes to the country’s development: Agriculture,1997,1997,1,1997,nsp18a,1,
economic activity that most contributes to the countrya ts development banking,Economic activity that most contributes to the country’s development: Banking,1997,1997,1,1997,nsp18g,1,
economic activity that most contributes to the countrya ts development building industry,Economic activity that most contributes to the country’s development: Building industry,1997,1997,1,1997,nsp18f,1,
economic activity that most contributes to the countrya ts development fisheries,Economic activity that most contributes to the country’s development: Fisheries,1997,1997,1,1997,nsp18b,1,
economic activity that most contributes to the countrya ts development forestry,Economic activity that most contributes to the country’s development: Forestry,1997,1997,1,1997,nsp18d,1,
economic activity that most contributes to the countrya ts development industries,Economic activity that most contributes to the country’s development: Industries,1997,1997,1,1997,nsp18e,1,
economic activity that most contributes to the countrya ts development mining,Economic activity that most contributes to the country’s development: Mining,1997,1997,1,1997,nsp18c,1,
economic activity that most contributes to the countrya ts development none,Economic activity that most contributes to the country’s development: None,1997,1997,1,1997,nsp18k,1,
economic activity that most contributes to the countrya ts development others,Economic activity that most contributes to the country’s development: Others,1997,1997,1,1997,nsp18j,1,
economic activity that most contributes to the countrya ts development tourism,Economic activity that most contributes to the country’s development: Tourism,1997,1997,1,1997,nsp18i,1,
economic activity that most contributes to the countrya ts development trade,Economic activity that most contributes to the country’s development: Trade,1997,1997,1,1997,nsp18h,1,
economic situation compared to the rest of the community scale,Economic situation compared to the rest of the community (scale),2001,2001,1,2001,p8ncg,1,
economic system opportunities,Economic system opportunities,1996,1996,1,1996,p15,1,
edad age,EDAD Age,2023,2023,1,2023,EDAD,1,
education is fundamental in order to exit poverty,Education is fundamental in order to exit poverty,1998,1998,1,1998,np14h,1,
education state or private school,Education: state or private school,2011,2011,1,2011,S13NE,1,
egalitarian treat by police when accused for minor offences,Egalitarian treat by police when accused for minor offences,2010,2010,1,2010,P51NCC,1,institutional_confidence
employment discrimination by age,Employment discrimination by age,2008,2008,1,2008,p89n.d,1,
employment discrimination by nationality,Employment discrimination by nationality,2008,2008,1,2008,p89n.b,1,
employment discrimination by race,Employment discrimination by race,2008,2008,1,2008,p89n.c,1,
employment discrimination by sex,Employment discrimination by sex,2008,2008,1,2008,p89n.a,1,
energy problem,Energy problem,2007,2007,1,2007,p32ncb,1,
ensuring freedom of expression vs controlling false information,P46N Ensuring Freedom of Expression vs. Controlling False Information,2023,2023,1,2023,P46N,1,
entetrprises investing in other countries helps latin american s integration,Entetrprises investing in other countries helps Latin american's integration,2011,2011,1,2011,P69N.D,1,
environmental regulations should be incorporated in ftaa,Environmental regulations should be incorporated in FTAA,2000,2000,1,2000,P41D.A,1,
estado civil,Estado civil,2010,2010,1,2010,S5,1,
ethnic group,Ethnic group,2011,2011,1,2011,S27,1,
ethnicity with which you identify yourself the most,Ethnicity with which you identify yourself the most,2001,2001,1,2001,p37b,1,
european country which is most concerned with what is going on in country,European country which is most concerned with what is going on in (country),2004,2004,1,2004,p75el.d,1,
european country which is most representative of europe,European country which is most representative of Europe,2004,2004,1,2004,p75el.c,1,
evaluation of alba alternativa bolivariana para amacrica latina y el caribe,Evaluation of ALBA Alternativa Bolivariana para América Latina y el Caribe,2009,2009,1,2009,p56st.hb,1,
evaluation of attention upon visiting the judicial system asked you for a tip directly or indirectly,Evaluation of attention upon visiting the judicial system: Asked you for a tip directly or indirectly,2002,2002,1,2002,P19U_4,1,
evaluation of attention upon visiting the judicial system denied you information or it was very expensive to obtain it,Evaluation of attention upon visiting the judicial system: Denied you information or it was very expensive to obtain it,2002,2002,1,2002,P19U_3,1,
evaluation of attention upon visiting the judicial system don t know no answer,Evaluation of attention upon visiting the judicial system: Don't know / No answer,2002,2002,1,2002,P19U_7,1,
evaluation of attention upon visiting the judicial system felt discriminated against or humiliated,Evaluation of attention upon visiting the judicial system: Felt discriminated against or humiliated,2002,2002,1,2002,P19U_5,1,
evaluation of attention upon visiting the judicial system had to wait in long lines to be helped,Evaluation of attention upon visiting the judicial system: Had to wait in long lines to be helped,2002,2002,1,2002,P19U_1,1,
evaluation of attention upon visiting the judicial system made you complete unnecessary transactions,Evaluation of attention upon visiting the judicial system: Made you complete unnecessary transactions,2002,2002,1,2002,P19U_2,1,
evaluation of attention upon visiting the judicial system not applicable,Evaluation of attention upon visiting the judicial system: Not applicable,2002,2002,1,2002,P19U_6,1,
evaluation of caf corporacia3n andina de fomento,"Evaluation of CAF, Corporación Andina de Fomento",2010,2010,1,2010,P46N.FB,1,
evaluation of judicial system to deal with problems dona t know no answer,Evaluation of judicial system to deal with problems: Don´t know / No answer,2002,2002,1,2002,P14U_6,1,
evaluation of judicial system to deal with problems having a fair decision,Evaluation of judicial system to deal with problems: Having a fair decision,2002,2002,1,2002,P14U_2,1,
evaluation of judicial system to deal with problems having his case resolved in a reasonable period of time,Evaluation of judicial system to deal with problems: Having his case resolved in a reasonable period of time,2002,2002,1,2002,P14U_3,1,
evaluation of judicial system to deal with problems none of the above,Evaluation of judicial system to deal with problems: None of the above,2002,2002,1,2002,P14U_5,1,
evaluation of judicial system to deal with problems that his case would be accepted by a judge without a lot of difficu,Evaluation of judicial system to deal with problems: That his case would be accepted by a judge without a lot of difficu,2002,2002,1,2002,P14U_1,1,
evaluation of judicial system to deal with problems that through the justice system the damages done would be repaired,Evaluation of judicial system to deal with problems: That through the justice system the damages done would be repaired,2002,2002,1,2002,P14U_4,1,
evaluation of media s job tv radio newspapers,"P28N Evaluation of media's job (TV, radio, newspapers)",2016,2016,1,2016,P28N,1,
evaluation of organization of american states oas,Evaluation of Organization of American States (OAS),2011,2011,1,2011,P50ST.DB,1,
evaluation of sica sistema de integracia3n centroamericana,"Evaluation of SICA, Sistema de Integración Centroamericana",2009,2009,1,2009,p56st.ib,1,
evaluation of the attention received in public institutions dona t know no answer,Evaluation of the attention received in public institutions: Don´t know / No answer,2002,2002,1,2002,P13U_7,1,institutional_confidence
evaluation of the attention received in public institutions felt discriminated against or humiliated,Evaluation of the attention received in public institutions: Felt discriminated against or humiliated,2002,2002,1,2002,P13U_5,1,institutional_confidence
evaluation of the attention received in public institutions had to complete unnecessary procedures,Evaluation of the attention received in public institutions: Had to complete unnecessary procedures,2002,2002,1,2002,P13U_2,1,institutional_confidence
evaluation of the attention received in public institutions had to wait in a long line to be helped,Evaluation of the attention received in public institutions: Had to wait in a long line to be helped,2002,2002,1,2002,P13U_1,1,institutional_confidence
evaluation of the attention received in public institutions not applicable,Evaluation of the attention received in public institutions: Not applicable,2002,2002,1,2002,P13U_6,1,institutional_confidence
evaluation of the attention received in public institutions was asked directly or indirectly for a tip,Evaluation of the attention received in public institutions: Was asked directly or indirectly for a tip,2002,2002,1,2002,P13U_4,1,institutional_confidence
evaluation of the attention received in public institutions was denied information or charged a lot to obtain it,Evaluation of the attention received in public institutions: Was denied information or charged a lot to obtain it,2002,2002,1,2002,P13U_3,1,institutional_confidence
evaluation of the comunidad andina de naciones can,"Evaluation of the Comunidad Andina de Naciones, Can",2009,2009,1,2009,p56st.gb,1,
evaluation of the corporacia3n andina de fomento caf,Evaluation of the Corporación Andina de Fomento (CAF),2011,2011,1,2011,P50ST.FB,1,
evaluation of the countrya s constitution,Evaluation of the country´s constitution,2004,2004,1,2004,p25n,1,
evaluation of the imf international monetary fund,Evaluation of the IMF International Monetary Fund,2011,2011,1,2011,P50ST.AB,1,
evaluation of the inter american development bank idb,Evaluation of the Inter-American Development Bank (IDB),2011,2011,1,2011,P50ST.EB,1,
evaluation of the onu,Evaluation of the ONU,2011,2011,1,2011,P50ST.CB,1,
evaluation of the problem of intrafamiliar violence in country,Evaluation of the problem of intrafamiliar violence in (Country),2006,2006,1,2006,p70n,1,
evaluation of visit to judicial system they acted justly,Evaluation of visit to judicial system: They acted justly,2002,2002,1,2002,p18ua,1,
evaluation of visit to judicial system they acted quickly,Evaluation of visit to judicial system.: They acted quickly,2002,2002,1,2002,p18ub,1,
evaluation of visit to judicial system they did nothing,Evaluation of visit to judicial system:They did nothing,2002,2002,1,2002,p18uc,1,
even a hard line government could not solve our problems,Even a hard line government could not solve our problems,2003,2003,1,2003,p22n.c,1,
evolution of moral standards within entrepreneurs,Evolution of moral standards within entrepreneurs,2003,2003,1,2003,p37na,1,
evolution of moral standards within journalists,Evolution of moral standards within journalists,2003,2003,1,2003,p37nb,1,
evolution of moral standards within judges,Evolution of moral standards within judges,2003,2003,1,2003,p37nd,1,
evolution of moral standards within members of parliament,Evolution of moral standards within members of parliament,2003,2003,1,2003,p37nc,1,institutional_confidence
evolution of moral standards within nationals,Evolution of moral standards within (nationals),2003,2003,1,2003,p37ne,1,
expected living conditions in 5 years scale,Expected living conditions in 5 years scale,2007,2007,1,2007,p81nd,1,
f issues that have to do with the integration of latin america latin american political unity in front of world pow,P52NF Issues that have to do with the integration of Latin America: Latin American political unity in front of world pow,2017,2017,1,2017,P52NF,1,
f most affected by climate change the women,P62NF Most affected by climate change: The Women,2017,2017,1,2017,P62NF,1,
f problem of drug trafficking more resources others education more education quality only ar co uy,"P70NF Problem of drug trafficking - more resources: Others-Education/more education/quality (only AR,CO,UY)",2013,2013,1,2013,P70NF,1,
family political party,Family political party,2011,2011,1,2011,FAMPART,1,
fampart familia partido pola tico,FAMPART FAMILIA PARTIDO POLÍTICO,2023,2023,1,2023,FAMPART,1,
fampart voted political party family,FAMPART Voted political party family,2016,2016,1,2016,FAMPART,1,
fear of catching the coronavirus,P77N Fear of catching the Coronavirus,2020,2020,1,2020,P77N,1,
features make know your country as suppliers of raw materials,P56N_G Features make know your country: As suppliers of raw materials,2016,2016,1,2016,P56N_G,1,
features make know your country carnivals and religious festivals,P56N_I Features make know your country: Carnivals and religious festivals,2016,2016,1,2016,P56N_I,1,
features make know your country creativity and innovation,P56N_F Features make know your country: Creativity and innovation,2016,2016,1,2016,P56N_F,1,
features make know your country dk na,P56N_K Features make know your country: DK/NA,2016,2016,1,2016,P56N_K,1,
features make know your country food,P56N_B Features make know your country: Food,2016,2016,1,2016,P56N_B,1,
features make know your country landscapes tourism,P56N_C Features make know your country: Landscapes/tourism,2016,2016,1,2016,P56N_C,1,
features make know your country national sports,P56N_A Features make know your country: National sports,2016,2016,1,2016,P56N_A,1,
features make know your country opening to the outside,P56N_H Features make know your country: Opening to the outside,2016,2016,1,2016,P56N_H,1,
features make know your country other,P56N_J Features make know your country: Other,2016,2016,1,2016,P56N_J,1,
features make know your country violence drug trafficking,P56N_D Features make know your country: Violence/drug trafficking,2016,2016,1,2016,P56N_D,1,
features make know your country your people human capital,P56N_E Features make know your country: Your people/human capital,2016,2016,1,2016,P56N_E,1,
feelings toward politics annoyance,Feelings toward politics: Annoyance,1996,1996,1,1996,p24g,1,
feelings toward politics passion,Feelings toward politics: Passion,1996,1996,1,1996,p24f,1,
feelings when you go to vote,Feelings when you go to vote,2010,2010,1,2010,P37NCC,1,
feels politically represented by the government,P33N.A Feels politically represented by the government,2015,2015,1,2015,P33N.A,1,
feels politically represented in the parlament congress,P33N.B Feels politically represented in the parlament/congress,2015,2015,1,2015,P33N.B,1,institutional_confidence
felt sometimes alone during the last weeks,P53N Felt sometimes alone during the last weeks,2020,2020,1,2020,P53N,1,
fight against corruption and abuse,P59N.E Fight against corruption and abuse,2020,2020,1,2020,P59N.E,1,corruption
fight against poverty,Fight against poverty,2007,2007,1,2007,p32ncc,1,
first prioriy of the scintific and tecnological innovations in the next 15 years,P61N First prioriy of the scintific and tecnological innovations in the next 15 years,2016,2016,1,2016,P61N,1,
frequency in difficulty to fulfill family responsabilities,Frequency in difficulty to fulfill family responsabilities,2007,2007,1,2007,p73nb,1,
frequency of being to tired to do househlod jobs after work,Frequency of being to tired to do househlod jobs after work,2007,2007,1,2007,p73na,1,
frequency of meeting sociallly with friends relatives or work colleagues,"Frequency of meeting sociallly with friends, relatives or work colleagues",2007,2007,1,2007,p78n,1,
frequency of taking part in social activities,Frequency of taking part in social activities,2007,2007,1,2007,p79n,1,
frequency that ask civil servants or politicians for things,Frequency that ask civil servants or politicians for things,1995,1995,1,1995,p64d,1,
friendss living conditions scale,Friendss living conditions-scale,2007,2007,1,2007,p81nc,1,
from who became independent country 200 years ago,From who became independent (country) 200 years ago,2009,2009,1,2009,p53n,1,
funding of political parties should be mainly in state private hands,Funding of political parties should be mainly in State/Private hands,2008,2008,1,2008,p93n.i,1,institutional_confidence
future country economy scale,Future country economy (Scale ),1997,1997,1,1997,nsp12,1,
future quality of education,Future quality of education,1997,1997,1,1997,snp80b,1,
future quality of health,Future quality of health,1997,1997,1,1997,snp80a,1,
future quality of housing,Future quality of housing,1997,1997,1,1997,snp80c,1,
future scale of accessing job security,Future scale of accessing job security,1997,1997,1,1997,bp17c,1,
future scale of accessing to education,Future scale of accessing to education,1997,1997,1,1997,bp17b,1,
future scale of accessing to goods consumers,Future scale of accessing to goods consumers,1997,1997,1,1997,bp17d,1,
future scale of accessing to health,Future scale of accessing to health,1997,1997,1,1997,bp17a,1,
future scale of accessing to level of income,Future scale of accessing to level of income,1997,1997,1,1997,bp17e,1,
g a satisfaction with democracy,P12TG.A Satisfaction with democracy,2015,2015,1,2015,P12TG.A,1,democracy
g b satisfaction with the economic situation in general,P12TG.B Satisfaction with the economic situation (in general),2015,2015,1,2015,P12TG.B,1,
g most affected by climate change species in danger of disappearing,P62NG Most affected by climate change: Species in danger of disappearing,2017,2017,1,2017,P62NG,1,
g problem of drug trafficking more resources others more border control only ar,P70NG Problem of drug trafficking - more resources: Others-More border control (only AR),2013,2013,1,2013,P70NG,1,
gb a actions which have done got together with others to raise an issue or sign a petition,P21TGB.A Actions which have done: Got together with others to raise an issue or sign a petition,2015,2015,1,2015,P21TGB.A,1,
gb a confidence armed forces,P28TGB.A Confidence: Armed forces,2013,2013,1,2013,P28TGB.A,1,institutional_confidence
gb a confidence in groups institutions people armed forces,P16TGB.A Confidence in groups-institutions-people: Armed forces,2015,2015,1,2015,P16TGB.A,1,institutional_confidence
gb a in the past three 3 years contact government officials,P36TGB.A In the past three 3 years: Contact government officials,2013,2013,1,2013,P36TGB.A,1,
gb a satisfaction with democracy,P13TGB.A Satisfaction with democracy,2013,2013,1,2013,P13TGB.A,1,democracy
gb a scale country is democratic,P50TGB.A Scale (country) is democratic,2013,2013,1,2013,P50TGB.A,1,democracy
gb a trust the president,P26TGB.A Trust: The President,2013,2013,1,2013,P26TGB.A,1,
gb b confidence in groups institutions people police,P16TGB.B Confidence in groups-institutions-people: Police,2015,2015,1,2015,P16TGB.B,1,institutional_confidence
gb b confidence police,P28TGB.B Confidence: Police,2013,2013,1,2013,P28TGB.B,1,institutional_confidence
gb b in the past three 3 years contact officials at higher level,P36TGB.B In the past three 3 years: Contact officials at higher level,2013,2013,1,2013,P36TGB.B,1,
gb b level of agreement we need a strong leader to solve problems,P43TGB.B Level of agreement: We need a strong leader to solve problems,2013,2013,1,2013,P43TGB.B,1,
gb b satisfaction with the economic situation,P13TGB.B Satisfaction with the economic situation,2013,2013,1,2013,P13TGB.B,1,
gb b trust the national government,P26TGB.B Trust: The National Government,2013,2013,1,2013,P26TGB.B,1,
gb c confidence in groups institutions people newspapers,P16TGB.C Confidence in groups-institutions-people: Newspapers,2015,2015,1,2015,P16TGB.C,1,institutional_confidence
gb c confidence newspapers,P28TGB.C Confidence: Newspapers,2013,2013,1,2013,P28TGB.C,1,
gb c in the past three 3 years contacted elected officials or legislative representatives at any level,P36TGB.C In the past three 3 years: Contacted elected officials or legislative representatives at any level,2013,2013,1,2013,P36TGB.C,1,
gb c scale usa is democratic,P50TGB.C Scale USA is democratic,2013,2013,1,2013,P50TGB.C,1,democracy
gb c trust national congress parliament,P26TGB.C Trust: National Congress/Parliament,2013,2013,1,2013,P26TGB.C,1,institutional_confidence
gb d confidence in groups institutions people television,P16TGB.D Confidence in groups-institutions-people: Television,2015,2015,1,2015,P16TGB.D,1,institutional_confidence
gb d confidence television,P28TGB.D Confidence: Television,2013,2013,1,2013,P28TGB.D,1,
gb d in the past three 3 years contact officials of political parties or other political organizations,P36TGB.D In the past three 3 years: Contact officials of political parties or other political organizations,2013,2013,1,2013,P36TGB.D,1,institutional_confidence
gb d level of agreement the armed forces should rule,P43TGB.D Level of agreement: The armed forces should rule,2013,2013,1,2013,P43TGB.D,1,institutional_confidence
gb d scale spain is democratic,P50TGB.D Scale Spain is democratic,2013,2013,1,2013,P50TGB.D,1,democracy
gb d trust local government,P26TGB.D Trust: Local Government,2013,2013,1,2013,P26TGB.D,1,
gb e in the past three 3 years contact representative of ngo cso,P36TGB.E In the past three 3 years: Contact representative of NGO / CSO,2013,2013,1,2013,P36TGB.E,1,
gb e trust judiciary,P26TGB.E Trust: Judiciary,2013,2013,1,2013,P26TGB.E,1,institutional_confidence
gb f actions which have done refuse to pay taxes,P21TGB.F Actions which have done: Refuse to pay taxes,2015,2015,1,2015,P21TGB.F,1,tax_tolerance
gb f in the past three 3 years contact traditional community leaders,P36TGB.F In the past three 3 years: Contact traditional / community leaders,2013,2013,1,2013,P36TGB.F,1,
gb f trust public administration,P26TGB.F Trust: Public Administration,2013,2013,1,2013,P26TGB.F,1,
gb g in the past three 3 years contact other influential person,P36TGB.G In the past three 3 years: Contact other influential person,2013,2013,1,2013,P36TGB.G,1,
gb g trust public parties,P26TGB.G Trust: Public parties,2013,2013,1,2013,P26TGB.G,1,
gbma vote for winning or losing camp,P23TGBMA Vote for winning or losing camp,2013,2013,1,2013,P23TGBMA,1,polarization
gbnc how many days did you read news in a newspaper,P73TGBNC How many days did you read news in a newspaper?,2013,2013,1,2013,P73TGBNC,1,
gbs a vote for winning or losing camp,P23TGBS.A Vote for winning or losing camp,2015,2015,1,2015,P23TGBS.A,1,polarization
gbsm have you or anyone you know personally witnessed an act of corruption or bribetaking by a politician or governm,P63TGBSM Have you or anyone you know personally witnessed an act of corruption or bribetaking by a politician or governm,2013,2013,1,2013,P63TGBSM,1,corruption
gbsm in the last presidential election what did you do,P21TGBSM In the last presidential election what did you do?,2013,2013,1,2013,P21TGBSM,1,
gbsm politics are so complicated that people like us often cannot understand what is going on vs people like us can,P39TGBSM Politics are so complicated that people like us often cannot understand what is going on vs people like us can,2013,2013,1,2013,P39TGBSM,1,
generally speaking would you say that country is governed for a few powerful groups in their own interest or is it g,"Generally speaking, would you say that (country) is governed for a few powerful groups in their own interest? Or is it g",2011,2011,1,2011,P19ST,1,
generally speaking would you say that you can trust most people or that you can never be too careful when dealing with,"Generally speaking, would you say that you can trust most people, or that you can never be too careful when dealing with",2011,2011,1,2011,P25ST,1,interpersonal_trust
generally speaking would you say you are satisfied with your life would you say you are,"Generally speaking, would you say you are satisfied with your life?  Would you say you are....?",2011,2011,1,2011,P1ST,1,
get less than what they deserve civil servants,P16N.A_14 Get less than what they deserve: Civil servants,2020,2020,1,2020,P16N.A_14,1,
get less than what they deserve elderly,P16N.A_07 Get less than what they deserve: Elderly,2020,2020,1,2020,P16N.A_07,1,
get less than what they deserve entrepreneurs,P16N.A_04 Get less than what they deserve: Entrepreneurs,2020,2020,1,2020,P16N.A_04,1,
get less than what they deserve first nations,P16N.A_08 Get less than what they deserve: First Nations,2020,2020,1,2020,P16N.A_08,1,
get less than what they deserve immigrants,P16N.A_09 Get less than what they deserve: Immigrants,2020,2020,1,2020,P16N.A_09,1,
get less than what they deserve judges,P16N.A_12 Get less than what they deserve: Judges,2020,2020,1,2020,P16N.A_12,1,
get less than what they deserve men,P16N.A_06 Get less than what they deserve: Men,2020,2020,1,2020,P16N.A_06,1,
get less than what they deserve no answer,P16N.A_16 Get less than what they deserve: No answer,2020,2020,1,2020,P16N.A_16,1,
get less than what they deserve nobody,P16N.A_15 Get less than what they deserve: Nobody,2020,2020,1,2020,P16N.A_15,1,
get less than what they deserve parlament members,P16N.A_11 Get less than what they deserve: Parlament members,2020,2020,1,2020,P16N.A_11,1,
get less than what they deserve the poor,P16N.A_01 Get less than what they deserve: The poor,2020,2020,1,2020,P16N.A_01,1,
get less than what they deserve the president,P16N.A_13 Get less than what they deserve: The President,2020,2020,1,2020,P16N.A_13,1,
get less than what they deserve the rich,P16N.A_02 Get less than what they deserve: The rich,2020,2020,1,2020,P16N.A_02,1,
get less than what they deserve women,P16N.A_05 Get less than what they deserve: Women,2020,2020,1,2020,P16N.A_05,1,
get less than what they deserve workers employees,"P16N.A_03 Get less than what they deserve: Workers, employees",2020,2020,1,2020,P16N.A_03,1,
get less than what they deserve youth,P16N.A_10 Get less than what they deserve: Youth,2020,2020,1,2020,P16N.A_10,1,
get more than they deserve civil servants,P16N.B_14 Get more than they deserve: Civil servants,2020,2020,1,2020,P16N.B_14,1,
get more than they deserve elderly,P16N.B_07 Get more than they deserve: Elderly,2020,2020,1,2020,P16N.B_07,1,
get more than they deserve entrepreneurs,P16N.B_04 Get more than they deserve: Entrepreneurs,2020,2020,1,2020,P16N.B_04,1,
get more than they deserve first nations,P16N.B_08 Get more than they deserve: First Nations,2020,2020,1,2020,P16N.B_08,1,
get more than they deserve immigrants,P16N.B_09 Get more than they deserve: Immigrants,2020,2020,1,2020,P16N.B_09,1,
get more than they deserve judges,P16N.B_12 Get more than they deserve: Judges,2020,2020,1,2020,P16N.B_12,1,
get more than they deserve men,P16N.B_06 Get more than they deserve: Men,2020,2020,1,2020,P16N.B_06,1,
get more than they deserve no answer,P16N.B_16 Get more than they deserve: No answer,2020,2020,1,2020,P16N.B_16,1,
get more than they deserve nobody,P16N.B_15 Get more than they deserve: Nobody,2020,2020,1,2020,P16N.B_15,1,
get more than they deserve parlament members,P16N.B_11 Get more than they deserve: Parlament members,2020,2020,1,2020,P16N.B_11,1,
get more than they deserve the poor,P16N.B_01 Get more than they deserve: The poor,2020,2020,1,2020,P16N.B_01,1,
get more than they deserve the president,P16N.B_13 Get more than they deserve: The President,2020,2020,1,2020,P16N.B_13,1,
get more than they deserve the rich,P16N.B_02 Get more than they deserve: The rich,2020,2020,1,2020,P16N.B_02,1,
get more than they deserve women,P16N.B_05 Get more than they deserve: Women,2020,2020,1,2020,P16N.B_05,1,
get more than they deserve workers employees,"P16N.B_03 Get more than they deserve: Workers, employees",2020,2020,1,2020,P16N.B_03,1,
get more than they deserve youth,P16N.B_10 Get more than they deserve: Youth,2020,2020,1,2020,P16N.B_10,1,
give resources to the police for them to fight against crime or to give them to the general public so that each one can fight crime in their own way,P42N Give resources to the police for them to fight against crime or to give them to the general public so that each one can fight crime in their own way,2020,2020,1,2020,P42N,1,institutional_confidence
good to participate in plebiscites or popular consultations,Good to participate in: Plebiscites or popular consultations,2009,2009,1,2009,p29n.b,1,
good to participate in watching comities community security as mechanism to solve problems and self development,Good to participate in: Watching Comities / Community security as  Mechanism to solve problems and self development,2009,2009,1,2009,p29n.a,1,
goods checking account,Goods: Checking Account,2004,2004,1,2004,s11a,1,
goods credit card,Goods: Credit Card,2004,2004,1,2004,s11b,1,
government should lower the rate of inflation or the level of unemployment,Government should lower the rate of inflation or the level of unemployment,1995,1995,1,1995,p18,1,
greater respect for authority,Greater respect for authority,2002,2002,1,2002,p50wvsc,1,
h most affected by climate change older people,P62NH Most affected by climate change: Older people,2017,2017,1,2017,P62NH,1,
h problem of drug trafficking more resources others control investigate to government politicians policy only ar,P70NH Problem of drug trafficking - more resources: Others-Control/investigate to government/politicians/policy (only AR,2013,2013,1,2013,P70NH,1,
has the internet changed the time dona t know no answer,Has the Internet changed the time...: Don´t know/No answer,2001,2001,1,2001,s14.8,1,
has the internet changed the time reading newspaper,Has the Internet changed the time...: Reading newspaper,2001,2001,1,2001,s14.4,1,
has the internet changed the time shopping in stores,Has the Internet changed the time...: Shopping in stores,2001,2001,1,2001,s14.3,1,
has the internet changed the time spending time with your family,Has the Internet changed the time...: Spending time with your family,2001,2001,1,2001,s14.6,1,
has the internet changed the time spending time with your friends,Has the Internet changed the time...: Spending time with your friends,2001,2001,1,2001,s14.7,1,
has the internet changed the time watching tv,Has the Internet changed the time...: Watching TV,2001,2001,1,2001,s14.5,1,
has the internet changed the time working in your house,Has the Internet changed the time...: Working in your house,2001,2001,1,2001,s14.2,1,
has the internet changed the time working in your office,Has the Internet changed the time...: Working in your office,2001,2001,1,2001,s14.1,1,
have children enrolled in the educational system,Have children enrolled in the educational system,2011,2011,1,2011,S12NE.C,1,
have you ever smoked,Have you ever smoked,2001,2001,1,2001,p83nrr,1,
have you heard about american actions in latin america,Have you heard about American actions in Latin America,1995,1995,1,1995,p43b,1,
have you heard of the terms left and right,Have you heard of the terms Left and Right,1995,1995,1,1995,p30,1,
have you read about illegal drug production and trafficking,Have you read about illegal drug production and trafficking?,2001,2001,1,2001,p22us,1,
have you used any digital platform to generate income for example uber or cabify,"P64N Have you used any digital platform to generate income? For example Uber, or Cabify",2018,2018,1,2018,P64N,1,
heads of large companies can offer better leadership than many political leaders,Heads of large companies can offer better leadership than many political leaders,2003,2003,1,2003,p87cre,1,
help from the us to colombia is necessary,Help from the US to Colombia is necessary,2001,2001,1,2001,p27nwsj,1,
housework and childcare,Housework and childcare,2006,2006,1,2006,p88n,1,
how democratic country is,How democratic (country) is?,2011,2011,1,2011,P49ST.A,1,democracy
how do you evaluate countrya s ability to combat the pandemic,P39N How do you evaluate (COUNTRY´S) ability to combat the pandemic?,2023,2023,1,2023,P39N,1,
how do you feel about yourself,How do you feel about yourself,2001,2001,1,2001,p72njl,1,
how do you inform yourself about politics dona t know no answer,How do you inform yourself about politics: Don´t know/No answer,1996,1996,1,1996,p35j,1,
how do you inform yourself about politics youtube,P19F.K How do you inform yourself about politics: Youtube,2018,2018,1,2018,P19F.K,1,
how do you think breaking the law is viewed in country,How do you think breaking the law is viewed in (country)?,2006,2006,1,2006,p23n,1,
how do you think nationals treat old people,How do you think (nationals) treat old people?,2006,2006,1,2006,p71n,1,
how do you think parties should be funded,How do you think parties should be funded,2010,2010,1,2010,P36N,1,
how do you think the country s economic situation will be in three yearsa t time,How do you think the country's economic situation will be in three years’ time?,2011,2011,1,2011,P5NICC2B,1,
how do you think the importations influence over the national economy,How do you think the importations influence over the national economy,1997,1997,1,1997,nsp84,1,
how fair do you think income distribution is in country,How fair do you think income distribution is in (country)?,2011,2011,1,2011,P12ST,1,
how fair is access to education,P19N.B How fair is access to education?,2020,2020,1,2020,P19N.B,1,
how fair is access to health,P19N.C How fair is access to health?,2020,2020,1,2020,P19N.C,1,
how fair is access to justice,P19N.D How fair is access to justice?,2020,2020,1,2020,P19N.D,1,
how fair is the distribution of wealth,How fair is the distribution of wealth,1995,1995,1,1995,p19,1,
how fair was the last national election,How fair was the last national election,2007,2007,1,2007,p66n,1,
how is democracy,How is democracy,2004,2004,1,2004,p16n,1,democracy
how long do you think it will take for your family income to be like it was before the pandemic,P80N How long do you think it will take for your family income to be like it was before the pandemic,2020,2020,1,2020,P80N,1,
how many days a week do you use the internet mainly,How many days a week do you use the Internet mainly,2001,2001,1,2001,s13b,1,
how many days did you read political news on social networks,How many days did you read political news on social networks?,2011,2011,1,2011,P70N.G,1,
how many days did you talk about political news with friends family or learn about it through informal channels,"How many days did you talk about political news with friends, family or learn about it through informal channels?",2011,2011,1,2011,P70N.F,1,
how many days last week did you watch political news on cable tv,How many days last week did you watch  political news on cable TV?,2011,2011,1,2011,P70N.E,1,
how many foreign products have you bought in the last years,How many foreign products have you bought in the last years?,1996,1996,1,1996,p52,1,
how many hours per day do you use internet,How many hours per day do you use internet?,2001,2001,1,2001,s13a,1,
how much can you influence in the actions of organization that you work,How much can you influence in the actions of organization that you work,1998,1998,1,1998,np58,1,
how much confidence do you have in the government to protect people like you against the effects of a prolonged economic,How much confidence do you have in the government to protect people like you against the effects of a prolonged economic,2009,2009,1,2009,p88n,1,
how much do you think china helps to develop the economy of country through trade and investment a great deal a fair,"How much do you think China helps to develop the economy of (country) through trade and investment? A great deal, a fair",2011,2011,1,2011,P47NIA.A,1,
how much do you think global warming affects country,How much do you think global warming affects (country)?,2011,2011,1,2011,P52ST.A,1,
how much do you think the united states helps to develop the economy of country through trade and investment a great,How much do you think the United States helps to develop the economy of (country) through trade and investment? A great,2011,2011,1,2011,P46NIA.A,1,
how much do you think your country has tried to integrate with the world in the last five years,P47N How much do you think your country has tried to integrate with the world in the last five years?,2017,2017,1,2017,P47N,1,
how much has the state done for you and your family in the last three years,How much has the state done for you and your family in the last three years?,2011,2011,1,2011,P57N.A,1,
how much have you heard or read about what venezuelaa ts president hugo cha vez,How much have you heard or read about what Venezuela’s President Hugo Chávez?,2006,2006,1,2006,p56ia,1,
how much humanitarian aid do you think china does it provide to country a great deal a fair amount not very much,"How much humanitarian aid do you think China does it provide  to (country) ? A great deal, a fair amount, not very much",2011,2011,1,2011,P47NIA.B,1,
how much humanitarian aid do you think the united states does it provide to country a great deal a fair amount n,"How much humanitarian aid do you think the United States  does it provide  to (country) ? A great deal, a fair amount, n",2011,2011,1,2011,P46NIA.B,1,
how much is the current economic crisis affecting the national economy,How much is the current economic crisis affecting the national economy,2009,2009,1,2009,p87st.a,1,
how much is the current economic crisis affecting you,How much is the current economic crisis affecting you,2009,2009,1,2009,p87st.b,1,
how much means for you the bicentennial of the independency,How much means for you the Bicentennial of the independency,2009,2009,1,2009,p55n,1,
how much your country has tried to integrated into the world in the last 5 years,P52N How much your country has tried to integrated into the world in the last 5 years,2016,2016,1,2016,P52N,1,
how often have felt discriminated man,How often have felt discriminated (Man),2002,2002,1,2002,p27no2b,1,
how often have felt discriminated woman,How often have felt discriminated (Woman),2002,2002,1,2002,p27no2a,1,
how often receives remittances from relatives or friends from abroad,How often receives remittances from relatives or friends from abroad,2009,2009,1,2009,p86n,1,
how probable for your neighbourhood to collect 500 signatures for a petition about many sidewalks and streets in the city are in bad shape,P44N How probable for your neighbourhood to collect 500 signatures for a petition about many sidewalks and streets in the city are in bad shape,2020,2020,1,2020,P44N,1,
how probable local authority will listen to you when reporting a problem in your neighbourhood,P43N How probable local authority will listen to you when reporting a problem in your neighbourhood,2020,2020,1,2020,P43N,1,
how probable you will complaint to the police if you are victim of a minor crime,P45N How probable you will complaint to the police if you are victim of a minor crime,2020,2020,1,2020,P45N,1,institutional_confidence
how proud are you of hispanic culture and spanish,How proud are you of Hispanic culture and Spanish?,2003,2003,1,2003,p42n,1,
how serious is the illegal consumption of drugs in the united states,How serious is the illegal consumption of drugs in the United States?,2000,2000,1,2000,P26UA,1,
how should one do so that you and your country go forward,P56N How should one do so that you and your country go forward?,2020,2020,1,2020,P56N,1,
how would you describe relations between country and the united states would you say they are,How would you describe relations between (country) and the United States? Would you say they are...?,2011,2011,1,2011,P45ST.A,1,
how would you describe the relations between country and spain,How would you describe the relations between (country) and Spain?.,2011,2011,1,2011,P45ST.C,1,
how would you describe the relations between country and the european union,How would you describe the relations between [country] and the European Union?.,2011,2011,1,2011,P45ST.B,1,
how would you rate the quality of private education,How would you rate the quality of private education?,2011,2011,1,2011,P26NE.B,1,
how would you rate the quality of public education,How would you rate the quality of public education?,2011,2011,1,2011,P26NE.A,1,
how would you rate the quality of state pre schooling 4 5 years,How would you rate the quality of State pre-schooling (4/5 years)?,2011,2011,1,2011,P26NE.C,1,
how would you rate the quality of state primary education,How would you rate the quality of state primary education?,2011,2011,1,2011,P26NE.D,1,
how would you say state secondary education works,How would you say State secondary education works?,2011,2011,1,2011,P26NE.E,1,
how would you say state technical vocational education works,How would you say state technical-vocational education works?,2011,2011,1,2011,P26NE.F,1,
how you evaluate in uruguay it is legal to sell marihuana,"P42N How you evaluate: In Uruguay, it is legal to sell marihuana",2016,2016,1,2016,P42N,1,
i a how many of the following groups of people do you think are involved in acts of corruption or do not have enoug,"P71TI.A How many of the following groups of people do you think are involved in acts of corruption, or do not have enoug",2018,2018,1,2018,P71TI.A,1,corruption
i a reasons for not using led bulb they are expensive,P35NI.A Reasons for not using LED bulb: They are expensive,2018,2018,1,2018,P35NI.A,1,
i a ways of been more careful with your energy consumption turn off the light that nobody is using,P36NI.A Ways of been more careful with your energy consumption: Turn off the light that nobody is using,2018,2018,1,2018,P36NI.A,1,
i a which do you think are the two main sources of power generation in your country solar,P29NI.A Which do you think are the two main sources of power generation in your country: Solar,2018,2018,1,2018,P29NI.A,1,
i aa technologies and things you know led bulb,P34NI.AA Technologies and things you know: LED bulb,2018,2018,1,2018,P34NI.AA,1,
i ab technologies and things you know electric vehicle,P34NI.AB Technologies and things you know: Electric vehicle,2018,2018,1,2018,P34NI.AB,1,
i ac technologies and things you know solar panel in your home,P34NI.AC Technologies and things you know: Solar panel in your home,2018,2018,1,2018,P34NI.AC,1,
i ad technologies and things you know apps to manage household electricity,P34NI.AD Technologies and things you know: Apps to manage household electricity,2018,2018,1,2018,P34NI.AD,1,
i ae technologies and things you know hybrid vehicle,P34NI.AE Technologies and things you know: Hybrid vehicle,2018,2018,1,2018,P34NI.AE,1,
i b how many of the following groups of people do you think are involved in acts of corruption or do not have enoug,"P72TI.B How many of the following groups of people do you think are involved in acts of corruption, or do not have enoug",2018,2018,1,2018,P72TI.B,1,corruption
i b reasons for not using led bulb they are difficult to find,P35NI.B Reasons for not using LED bulb: They are difficult to find,2018,2018,1,2018,P35NI.B,1,
i b ways of been more careful with your energy consumption buy energy saving appliances,P36NI.B Ways of been more careful with your energy consumption: Buy energy-saving appliances,2018,2018,1,2018,P36NI.B,1,
i b which do you think are the two main sources of power generation in your country wind,P29NI.B Which do you think are the two main sources of power generation in your country: Wind,2018,2018,1,2018,P29NI.B,1,
i ba technologies and things you use led bulb,P34NI.BA Technologies and things you use: LED bulb,2018,2018,1,2018,P34NI.BA,1,
i bb technologies and things you use electric vehicle,P34NI.BB Technologies and things you use: Electric vehicle,2018,2018,1,2018,P34NI.BB,1,
i bc technologies and things you use solar panel in your home,P34NI.BC Technologies and things you use: Solar panel in your home,2018,2018,1,2018,P34NI.BC,1,
i bd technologies and things you use apps to manage household electricity,P34NI.BD Technologies and things you use: Apps to manage household electricity,2018,2018,1,2018,P34NI.BD,1,
i be technologies and things you use hybrid vehicle,P34NI.BE Technologies and things you use: Hybrid vehicle,2018,2018,1,2018,P34NI.BE,1,
i bf technologies and things you use none,P34NI.BF Technologies and things you use: None,2018,2018,1,2018,P34NI.BF,1,
i c how many of the following groups of people do you think are involved in acts of corruption or do not have enoug,"P73TI.C How many of the following groups of people do you think are involved in acts of corruption, or do not have enoug",2018,2018,1,2018,P73TI.C,1,corruption
i c reasons for not using led bulb i do not see the benefit,P35NI.C Reasons for not using LED bulb: I do not see the benefit,2018,2018,1,2018,P35NI.C,1,
i c ways of been more careful with your energy consumption use less air conditioning or heating than before,P36NI.C Ways of been more careful with your energy consumption: Use less air conditioning or heating than before,2018,2018,1,2018,P36NI.C,1,
i c which do you think are the two main sources of power generation in your country hydroelectric,P29NI.C Which do you think are the two main sources of power generation in your country: Hydroelectric,2018,2018,1,2018,P29NI.C,1,
i ca technologies and things you would like to use led bulb,P34NI.CA Technologies and things you would like to use: LED bulb,2018,2018,1,2018,P34NI.CA,1,
i can improve my standard of living,I can improve my standard of living,1995,1995,1,1995,p71c,1,
i cb technologies and things you would like to use electric vehicle,P34NI.CB Technologies and things you would like to use: Electric vehicle,2018,2018,1,2018,P34NI.CB,1,
i cc technologies and things you would like to use solar panel in your home,P34NI.CC Technologies and things you would like to use: Solar panel in your home,2018,2018,1,2018,P34NI.CC,1,
i cd technologies and things you would like to use apps to manage household electricity,P34NI.CD Technologies and things you would like to use: Apps to manage household electricity,2018,2018,1,2018,P34NI.CD,1,
i ce technologies and things you would like to use hybrid vehicle,P34NI.CE Technologies and things you would like to use: Hybrid vehicle,2018,2018,1,2018,P34NI.CE,1,
i cf technologies and things you would like to use none,P34NI.CF Technologies and things you would like to use: None,2018,2018,1,2018,P34NI.CF,1,
i contact with clinic public hospital in the last year frequency pay a bribe,P12TI Contact with clinic/public hospital in the last year - Frequency pay a bribe,2016,2016,1,2016,P12TI,1,corruption
i contact with public school in the last year frequency pay a bribe,P11TI Contact with public school in the last year - Frequency pay a bribe,2016,2016,1,2016,P11TI,1,corruption
i contact with the law courts in the last year frequency pay a bribe,P16TI Contact with the law courts in the last year - Frequency pay a bribe,2016,2016,1,2016,P16TI,1,corruption
i contact with the police in the last year frequency pay a bribe,P15TI Contact with the police in the last year - Frequency pay a bribe,2016,2016,1,2016,P15TI,1,corruption; institutional_confidence
i d how many of the following groups of people do you think are involved in acts of corruption or do not have enoug,"P74TI.D How many of the following groups of people do you think are involved in acts of corruption, or do not have enoug",2018,2018,1,2018,P74TI.D,1,corruption
i d reasons for not using led bulb they give less light,P35NI.D Reasons for not using LED bulb: They give less light,2018,2018,1,2018,P35NI.D,1,
i d ways of been more careful with your energy consumption turn off the tv when nobody is watching,P36NI.D Ways of been more careful with your energy consumption: Turn off the TV when nobody is watching,2018,2018,1,2018,P36NI.D,1,
i d which do you think are the two main sources of power generation in your country gas,P29NI.D Which do you think are the two main sources of power generation in your country: Gas,2018,2018,1,2018,P29NI.D,1,
i difficulty paying your electricity or light bill,P32NI Difficulty paying your electricity or light bill,2018,2018,1,2018,P32NI,1,
i e how many of the following groups of people do you think are involved in acts of corruption or do not have enoug,"P75TI.E How many of the following groups of people do you think are involved in acts of corruption, or do not have enoug",2018,2018,1,2018,P75TI.E,1,corruption
i e reasons for not using led bulb ita s ugly,P35NI.E Reasons for not using LED bulb: It´s ugly,2018,2018,1,2018,P35NI.E,1,
i e ways of been more careful with your energy consumption turn off electrical appliances radio music iron that,"P36NI.E Ways of been more careful with your energy consumption: Turn off electrical appliances (radio, music, iron) that",2018,2018,1,2018,P36NI.E,1,
i e which do you think are the two main sources of power generation in your country oil and its derivatives,P29NI.E Which do you think are the two main sources of power generation in your country: Oil and its derivatives,2018,2018,1,2018,P29NI.E,1,
i f how many of the following groups of people do you think are involved in acts of corruption or do not have enoug,"P76TI.F How many of the following groups of people do you think are involved in acts of corruption, or do not have enoug",2018,2018,1,2018,P76TI.F,1,corruption
i f ways of been more careful with your energy consumption buy led bulbs,P36NI.F Ways of been more careful with your energy consumption: Buy LED bulbs,2018,2018,1,2018,P36NI.F,1,
i f which do you think are the two main sources of power generation in your country coal,P29NI.F Which do you think are the two main sources of power generation in your country: Coal,2018,2018,1,2018,P29NI.F,1,
i g how many of the following groups of people do you think are involved in acts of corruption or do not have enoug,"P77TI.G How many of the following groups of people do you think are involved in acts of corruption, or do not have enoug",2018,2018,1,2018,P77TI.G,1,corruption
i g ways of been more careful with your energy consumption none,P36NI.G Ways of been more careful with your energy consumption: None,2018,2018,1,2018,P36NI.G,1,
i get health electrical services from the state frequency pay a bribe,P14TI Get health/electrical services from the State - Frequency pay a bribe,2016,2016,1,2016,P14TI,1,corruption
i get official documents in the last year frequency pay a bribe,P13TI Get official documents in the last year - Frequency pay a bribe,2016,2016,1,2016,P13TI,1,corruption
i h how many of the following groups of people do you think are involved in acts of corruption or do not have enoug,"P78TI.H How many of the following groups of people do you think are involved in acts of corruption, or do not have enoug",2018,2018,1,2018,P78TI.H,1,corruption
i had difficulties sleeping when it is very hot or very cold in the last 12 months,P33NI Had difficulties sleeping when it is very hot or very cold in the last 12 months,2018,2018,1,2018,P33NI,1,
i how much did you pay in the last electricity or electricity bill,P31NI How much did you pay in the last electricity or electricity bill?,2018,2018,1,2018,P31NI,1,
i i how many of the following groups of people do you think are involved in acts of corruption or do not have enoug,"P79TI.I How many of the following groups of people do you think are involved in acts of corruption, or do not have enoug",2018,2018,1,2018,P79TI.I,1,corruption
i increase of the level of corruption in country over the past year,P10TI Increase of the level of corruption in [Country] over the past year,2016,2016,1,2016,P10TI,1,corruption
i like how we are national,I like how we are (national),2009,2009,1,2009,p67n.a,1,
i main reason why many people do not report corruption when it occurs,P19TI Main reason why many people do not report corruption when it occurs,2016,2016,1,2016,P19TI,1,corruption
i most affected by climate change the poor,P62NI Most affected by climate change: The poor,2017,2017,1,2017,P62NI,1,
i most effective way in which an ordinary people can help to combat against corruption in country,P21TI Most effective way in which an ordinary people can help to combat against corruption in [Country],2016,2016,1,2016,P21TI,1,corruption
i na reasons for not using led bulb not applicable owns led,P35NI.NA Reasons for not using LED bulb: Not applicable (owns LED),2018,2018,1,2018,P35NI.NA,1,
i na ways of been more careful with your energy consumption not applicable does not have electricity,P36NI.NA Ways of been more careful with your energy consumption: Not applicable (does not have electricity),2018,2018,1,2018,P36NI.NA,1,
i nc reasons for not using led bulb no answer,P35NI.NC Reasons for not using LED bulb: No answer,2018,2018,1,2018,P35NI.NC,1,
i prefer democracy to a leader with all the power not limited by law,I prefer democracy to a leader with all the power not limited by law,2003,2003,1,2003,p22n.a,1,democracy
i problem of drug trafficking more resources others search for drug traffickers only ar,P70NI Problem of drug trafficking - more resources: Others-search for drug traffickers (only AR),2013,2013,1,2013,P70NI,1,
i reported a bribe to a government official or someone in authority,P17TI Reported a bribe to a government official or someone in authority,2016,2016,1,2016,P17TI,1,corruption
i willing to spend money to buy electrical appliances that allow you to reduce your electricity bill,P38NI Willing to spend money to buy electrical appliances that allow you to reduce your electricity bill,2018,2018,1,2018,P38NI,1,
i would feel safe using a means of public transport without conduit,P62D I would feel safe using a means of public transport without conduit,2018,2018,1,2018,P62D,1,
i would give a blank check to a savior leader who solves the problems,I would give a blank check to a savior leader who solves the problems,2003,2003,1,2003,p16st.b,1,
i would like to know your opinion about the following countries that ia tm going to read do you have a very good good b,"I would like to know your opinion about the following countries that I’m going to read. Do you have a very good, good, b",2011,2011,1,2011,P44ST.A; P44ST.B; P44ST.C; P44ST.D; P44ST.E; P44ST.F; P44ST.G,1,
i would not mind a non democratic government in power if it could solve economic problems and provide jobs,I would not mind a non-democratic government in power if it could solve economic problems and provide jobs,2001,2001,1,2001,p49nldc,1,democracy
ia degree of agreement ordinary people can make a difference in the fight against corruption,P22TIA Degree of agreement: Ordinary people can make a difference in the fight against corruption,2016,2016,1,2016,P22TIA,1,corruption
ia groups of people acts of corruption the president and officials in his her office,P1TIA Groups of people-acts of corruption: The president and officials in his/her office,2016,2016,1,2016,P1TIA,1,corruption
ia how the current government is dealing with the fight against public corruption,P20TIA How the current government is dealing with the fight against public corruption,2016,2016,1,2016,P20TIA,1,corruption
ia what happened when reported bribe incident authorities took actions against officials involved,P18TIA What happened when reported bribe incident: Authorities took actions against officials involved,2016,2016,1,2016,P18TIA,1,corruption
ib degree of agreement acceptable for people to report a case of corruption they have witnessed,P23TIB Degree of agreement: Acceptable for people to report a case of corruption they have witnessed,2016,2016,1,2016,P23TIB,1,corruption
ib groups of people acts of corruption members of parliament,P2TIB Groups of people-acts of corruption: Members of parliament,2016,2016,1,2016,P2TIB,1,corruption; institutional_confidence
ib if i do not report an act of corruption that i have knowledge of i become an accomplice,"P82TIB If I do not report an act of corruption that I have knowledge of, I become an accomplice",2018,2018,1,2018,P82TIB,1,corruption
ib what happened when reported bribe incident you suffered retaliation or other negative consequences,P18TIB What happened when reported bribe incident: You suffered retaliation or other negative consequences,2016,2016,1,2016,P18TIB,1,corruption
ic degree of agreement if i would witness and act of corruption i would feel personally obliged to report itt,"P24TIC Degree of agreement: If I would witness and act of corruption, I would feel personally obliged to report itt",2016,2016,1,2016,P24TIC,1,corruption
ic groups of people acts of corruption government officials,P3TIC Groups of people-acts of corruption: Government officials,2016,2016,1,2016,P3TIC,1,corruption
id degree of agreement i would report a case of corruption if i would have to spend a day in court to give evidence,P25TID Degree of agreement: I would report a case of corruption If I would have to spend a day in court to give evidence,2016,2016,1,2016,P25TID,1,corruption
id groups of people acts of corruption local government councilors,P4TID Groups of people-acts of corruption: Local government councilors,2016,2016,1,2016,P4TID,1,corruption
ideal moment to purchase,Ideal moment to purchase,2011,2011,1,2011,S5NICC5A,1,
ideal momento to do important purchases,Ideal momento to do important purchases,2011,2011,1,2011,S5NICC5B,1,
ideal way to function of the economy,Ideal way to function of the economy,1995,1995,1,1995,p59,1,
ideals stable economy less impersonal society,Ideals - Stable economy/ less impersonal society,1995,1995,1,1995,p69,1,
ie groups of people acts of corruption police,P5TIE Groups of people-acts of corruption: Police,2016,2016,1,2016,P5TIE,1,corruption; institutional_confidence
if all politicians were 100 how may would be free to do what they wanted,P36N If all politicians were 100 - How may would be free to do what they wanted,2016,2016,1,2016,P36N,1,
if elections were held this sunday which party would you vote for,"If elections were held this Sunday, which party would you vote for?",2011,2011,1,2011,P38ST,1,polarization
if groups of people acts of corruption tax officials like ministry of finance or local government tax collectors,"P6TIF Groups of people-acts of corruption: Tax officials, like ministry of finance or local government tax collectors",2016,2016,1,2016,P6TIF,1,corruption; tax_tolerance
if politicians can come to agreement with each other the country can progress much more,"If politicians can come to agreement with each other, the country can progress much more",1996,1996,1,1996,p25b,1,
if politicians more concerned with the problems of the people,If politicians more concerned with the problems of the people,1996,1996,1,1996,p25a,1,
if someone truly believes in his own positions in politics one should not give up,If someone truly believes in his own positions in politics one should not give up,2001,2001,1,2001,p62nusb,1,
if you could choose between two products services of the same price one is produced abroad by an internationall,"P55N If you could choose between two products / services, of the same price, one is produced abroad by an internationall",2018,2018,1,2018,P55N,1,
if you decided to join a union how would be your boss react,"If you decided to join a Union, how would be your boss react",1995,1995,1,1995,p74,1,
ig groups of people acts of corruption judges and magistrates,P7TIG Groups of people-acts of corruption: Judges and magistrates,2016,2016,1,2016,P7TIG,1,corruption
ih groups of people acts of corruption religious leaders,P8TIH Groups of people-acts of corruption: Religious leaders,2016,2016,1,2016,P8TIH,1,corruption
ii groups of people acts of corruption business executives,P9TII Groups of people-acts of corruption: Business executives,2016,2016,1,2016,P9TII,1,corruption
imagine a staircase with 10 steps where the poorest people are on the first step and the richest on the tenth step wher,Imagine a staircase with 10 steps where the poorest people are on the first step and the richest on the tenth step. Wher,2011,2011,1,2011,P11ST.A; P11ST.B; P11ST.C,1,
immigrants are a burden for the state,P39N.E Immigrants are a burden for the state,2020,2020,1,2020,P39N.E,1,
immigrants are good for the countrya s economy,P39N.A Immigrants are good for the country´s economy,2020,2020,1,2020,P39N.A,1,
immigrants bring new ideas and cultures,Immigrants bring new ideas and cultures,2002,2002,1,2002,p62no2b,1,
immigrants contribute with ideas to our culture an society,P39N.D Immigrants contribute with ideas to our culture an society,2020,2020,1,2020,P39N.D,1,
immigrants give more than what they receive,P39N.F Immigrants give more than what they receive,2020,2020,1,2020,P39N.F,1,
immigrants increas crime rates,P39N.C Immigrants increas crime rates,2020,2020,1,2020,P39N.C,1,
immigrants should have the same access to health education andhousing than nationals,"P39N.H Immigrants should have the same access to health,education andhousing than (nationals)",2020,2020,1,2020,P39N.H,1,
impact of integration agreements access to products,Impact of integration agreements: Access to products,2006,2006,1,2006,p63n.c,1,
impact of integration agreements access to public services such as health or education,Impact of integration agreements: Access to public services such as health or education,2006,2006,1,2006,p63n.e,1,tax_tolerance
impact of integration agreements access to technologies,Impact of integration agreements: Access to technologies,2006,2006,1,2006,p63n.b,1,
impact of integration agreements country development,Impact of integration agreements: Country development,2006,2006,1,2006,p63n.f,1,
impact of integration agreements job opportunities,Impact of integration agreements: Job opportunities,2006,2006,1,2006,p63n.a,1,
impact of integration agreements life quality,Impact of integration agreements: Life quality,2006,2006,1,2006,p63n.d,1,
impact of social media on politics,P51N Impact of social media on politics,2023,2023,1,2023,P51N,1,
importance of god,Importance of God,2002,2002,1,2002,p51wvs,1,
importance of politics,Importance of politics,1997,1997,1,1997,nsp40,1,
importance of regional trade with usa,Importance of regional trade with USA,2004,2004,1,2004,p63ia04,1,
importance of trading with europe for the national economy,Importance of trading with Europe for the national economy,2003,2003,1,2003,p70stb,1,
importance of trading with spain for the national economy,Importance of trading with Spain for the national economy,2003,2003,1,2003,p70el,1,
impression of the actions of usa in your country,Impression of the actions of USA in your country,1995,1995,1,1995,p44b,1,
in 10 years from now robots will have taken away my work place,P29N.E In 10 years from now robots will have taken away my work place,2020,2020,1,2020,P29N.E,1,
in economic and trade aspects china is an ally and partner or a rival and competitor,In economic and trade aspects China is an ally and partner or a rival and competitor,2008,2008,1,2008,p43ia.b,1,
in economic and trade aspects the us is an ally and partner or a rival and competitor,In economic and trade aspects the US is an ally and partner or a rival and competitor,2008,2008,1,2008,p43ia.a,1,
in economic and trade aspects venezuela is an ally and partner or a rival and competitor,In economic and trade aspects Venezuela is an ally and partner or a rival and competitor,2008,2008,1,2008,p43ia.c,1,
in general how would you describe the countrya ts present economic situation would you say it isa,"In general, how would you describe the country’s present economic situation? Would you say it is…?",2011,2011,1,2011,P3ST.A,1,
in general how would you describe your present economic situation and that of your family would you say it is,"In general, how would you describe your present economic situation and that of your family? Would you say it is..?",2011,2011,1,2011,P6ST,1,
in general what kind of products and services do you prefer to consume,"P53N In general, what kind of products and services do you prefer to consume?",2018,2018,1,2018,P53N,1,
in general would you say you are very satisfied quite satisfied not very satisfied or not at all satisfied with the w,"In general, would you say you are very satisfied, quite satisfied, not very satisfied or not at all satisfied with the w",2011,2011,1,2011,P14ST.A,1,
in political aspects china is an ally and partner or a rival and competitor,In political aspects China is an ally and partner or a rival and competitor,2008,2008,1,2008,p44ia.b,1,
in political aspects the us is an ally and partner or a rival and competitor,In political aspects the US is an ally and partner or a rival and competitor,2008,2008,1,2008,p44ia.a,1,
in political aspects venezuela is an ally and partner or a rival and competitor,In political aspects Venezuela is an ally and partner or a rival and competitor,2008,2008,1,2008,p44ia.c,1,
in the last 12 months how often have you or your family not had enough to eat,"In the last 12 months, how often have you or your family not had enough to eat?",2011,2011,1,2011,S7N,1,
in the last month did you buy any product or service through e commerce internet,P57N In the last month ... did you buy any product or service through e-commerce/Internet?,2017,2017,1,2017,P57N,1,
in the next 12 months do you think your economic situation and that of your family will be much better a little better,"In the next 12 months, do you think your economic situation and that of your family will be much better, a little better",2011,2011,1,2011,P9NICC9,1,
in your opinion which is the most important problem in the country,"In your opinion, which is the most important problem in the country?",2011,2011,1,2011,P2ST,1,
increase in the prices of food would affect the economic situation of your family,Increase in the prices of food would affect the economic situation of your family,2008,2008,1,2008,p33n.c,1,
increase in the prices of fuel would affect the economic situation of your family,Increase in the prices of fuel would affect the economic situation of your family,2008,2008,1,2008,p33n.b,1,
increase on food prices and the way ita s facing the increase on food prices,Increase on food prices. And the way it´s facing the increase on food prices?,2008,2008,1,2008,p32n.b,1,
increase on oil prices and do you approve or disapprove the the way how country is facing the oil price increase,Increase on oil prices. And Do you approve or disapprove the the way how (country) is facing the oil price increase?,2008,2008,1,2008,p32n.c,1,
indispensable institutions for the country ministers,Indispensable institutions for the country: Ministers,1997,1997,1,1997,nsp42g,1,institutional_confidence
indispensable institutions for the country others,Indispensable institutions for the country: Others,1997,1997,1,1997,nsp42h,1,institutional_confidence
influence of brazil,Influence of Brazil,2010,2010,1,2010,P41NIAC,1,
influence of china in latin america,P35N.B Influence of China in Latin America,2020,2020,1,2020,P35N.B,1,
influence of internet country development,Influence of Internet: Country development,2008,2008,1,2008,s25ne,1,
influence of internet education and work,Influence of Internet: Education and work,2008,2008,1,2008,s25nd,1,
influence of internet family communication,Influence of Internet: Family communication,2008,2008,1,2008,s25na,1,
influence of internet sexual life of persons,Influence of Internet: Sexual life of persons,2008,2008,1,2008,s25nc,1,
influence of internet sociability,Influence of Internet: Sociability,2008,2008,1,2008,s25nb,1,
influence of united states in latin america,P35N.A Influence of United States in Latin America,2020,2020,1,2020,P35N.A,1,
influence of vote on events,Influence of vote on events,2002,2002,1,2002,p3ub,1,
integration of country with other countries in the region has increased decreased in the last 5 years,P25N Integration of {COUNTRY} with other countries in the region has increased/decreased in the last 5 years,2020,2020,1,2020,P25N,1,
integration of your country with other countries of latin amacrica,P26N.A Integration of your country with other countries of Latin América,2020,2020,1,2020,P26N.A,1,
integration of your country with other countries outside latin america,P26N.B Integration of your country with other countries outside Latin America,2020,2020,1,2020,P26N.B,1,
ir how much did you pay in the last electricity or electricity bill,P31NIR How much did you pay in the last electricity or electricity bill?,2018,2018,1,2018,P31NIR,1,
ir knows the name of the company that provides electricity or light your home,P30NIR Knows the name of the company that provides electricity or light your home,2018,2018,1,2018,P30NIR,1,
is correct that a government official favors those who support the government,Is correct that a government official favors those who support the government,2006,2006,1,2006,p44n.b,1,
is correct that a government official gives work to a relative,Is correct that a government official gives work to a relative,2006,2006,1,2006,p44n.a,1,
is correct that a government official hires only people from its party,Is correct that a government official hires only people from its party,2006,2006,1,2006,p44n.c,1,
is crime a real issue or people are exaggerating,Is crime a real issue or people are exaggerating?,2002,2002,1,2002,p9no2,1,
is it possible for the country to work without politicians,Is it possible for the country to work without politicians,1997,1997,1,1997,nsp39,1,
is terrorism a serious problem in your country,Is terrorism a serious problem in your country,2002,2002,1,2002,p11no2,1,
is the violence in country exaggerated,is the violence in (country) exaggerated?,2011,2011,1,2011,P75N,1,
is there a young person less than 30 years of age in your family who neither studies nor works,Is there a young person (less than 30 years of age) in your family who neither studies nor works?,2011,2011,1,2011,P32N,1,
issues which candidates do not dare to bring up,Issues which candidates do not dare to bring up,2002,2002,1,2002,p27u,1,
it is better for us if the society is composed of people of different nationalities religions and culture vs a it,"P71N ""It is better for us if the society is composed of people of different nationalities, religions and culture"" vs ”It",2017,2017,1,2017,P71N,1,
it is good for the private sector to participate construction of highways ports,P28N.B It is good for the private sector to participate: Construction of highways/ports,2017,2017,1,2017,P28N.B,1,
it is good for the private sector to participate construction of hospitals,P28N.A It is good for the private sector to participate: Construction of hospitals,2017,2017,1,2017,P28N.A,1,
it is good for the private sector to participate fight against crime,P28N.C It is good for the private sector to participate: Fight against crime,2017,2017,1,2017,P28N.C,1,
it is good for the private sector to participate pension funds,P28N.E It is good for the private sector to participate: Pension funds,2017,2017,1,2017,P28N.E,1,
it is good for the private sector to participate schools,P28N.F It is good for the private sector to participate: Schools,2017,2017,1,2017,P28N.F,1,
it is good for the private sector to participate universities,P28N.D It is good for the private sector to participate: Universities,2017,2017,1,2017,P28N.D,1,
it is good to install cameras drones and sensors in the public space to help prevent crime,"P62C It is good to install cameras, drones and sensors in the public space to help prevent crime",2018,2018,1,2018,P62C,1,
it is important to introduce children to new technologies from an early age,P62N.F It is important to introduce children to new technologies from an early age,2018,2018,1,2018,P62N.F,1,
it is more important for the legal system to protect the innocent than to convict the guilty,It is more important for the legal system to protect the innocent than to convict the guilty,2002,2002,1,2002,p38essf,1,
it is not good for democracy if people bypass regular channels for official procedures,It is not good for democracy if people bypass regular channels for official procedures,2011,2011,1,2011,P16N.D,1,democracy
it is possible has a common market in latin america in 2005,It is possible has a common market in Latin America in 2005,1995,1995,1,1995,p53,1,
it is possible to advance towards the regional integration,It is possible to advance towards the regional integration,2008,2008,1,2008,p49n.c,1,
j a frequency in your neighborhood somene is victim of a robbery,P63NJ.A Frequency in your neighborhood: Somene is victim of a robbery,2015,2015,1,2015,P63NJ.A,1,
j b frequency in your neighborhood i see a fight with physical or verbal violence in the street,P63NJ.B Frequency in your neighborhood:  I see a fight with physical or verbal violence in the street,2015,2015,1,2015,P63NJ.B,1,
j c frequency in your neighborhood i see or hear a fight with violence at home,P63NJ.C Frequency in your neighborhood: I see or hear a fight with violence at home,2015,2015,1,2015,P63NJ.C,1,
j d frequency in your neighborhood i see drunk people,P63NJ.D Frequency in your neighborhood: I see drunk people,2015,2015,1,2015,P63NJ.D,1,
j e frequency in your neighborhood i see people using drugs,P63NJ.E Frequency in your neighborhood: I see people using drugs,2015,2015,1,2015,P63NJ.E,1,
j f frequency in your neighborhood there are gangs which threat to people,P63NJ.F Frequency in your neighborhood: There are gangs which threat to people,2015,2015,1,2015,P63NJ.F,1,
j g frequency in your neighborhood police arrests or scolds violently to someone,P63NJ.G Frequency in your neighborhood: Police arrests or  scolds violently to someone,2015,2015,1,2015,P63NJ.G,1,institutional_confidence
j most affected by climate change the poorest countries,P62NJ Most affected by climate change: The poorest countries,2017,2017,1,2017,P62NJ,1,
j problem of drug trafficking more resources others create employment more jobs only co cr,"P70NJ Problem of drug trafficking - more resources: Others-create employment/more jobs (only CO,CR)",2013,2013,1,2013,P70NJ,1,
j social networks in politics,P34NJ Social networks in politics,2015,2015,1,2015,P34NJ,1,
k most affected by climate change the children,P62NK Most affected by climate change: The children,2017,2017,1,2017,P62NK,1,
k problem of drug trafficking more resources others faith in god search god only cr py uy,"P70NK Problem of drug trafficking - more resources: Others-faith in God/search God (only CR,PY,UY)",2013,2013,1,2013,P70NK,1,
kind of crime of which you or someone in family have been a victim dona t know no answer,Kind of crime of which you or someone in family have been a victim: Don´t know/No answer,2000,2000,1,2000,P20BD.9,1,
kind of crime of which you or someone in family have been a victim extortions or back mail,Kind of crime of which you or someone in family have been a victim: Extortions or back mail,2000,2000,1,2000,P20BD.5,1,
kind of crime of which you or someone in family have been a victim homicides or murders,Kind of crime of which you or someone in family have been a victim: Homicides or murders,2000,2000,1,2000,P20BD.3,1,
kind of crime of which you or someone in family have been a victim house robbery,Kind of crime of which you or someone in family have been a victim: House robbery,2000,2000,1,2000,P20BD.2,1,
kind of crime of which you or someone in family have been a victim kidnapping or disappearances,Kind of crime of which you or someone in family have been a victim: Kidnapping or disappearances,2000,2000,1,2000,P20BD.4,1,
kind of crime of which you or someone in family have been a victim none,Kind of crime of which you or someone in family have been a victim: None,2000,2000,1,2000,P20BD.7,1,
kind of crime of which you or someone in family have been a victim not applicable,Kind of crime of which you or someone in family have been a victim: Not applicable,2000,2000,1,2000,P20BD.8,1,
kind of crime of which you or someone in family have been a victim other crime,Kind of crime of which you or someone in family have been a victim: Other crime,2000,2000,1,2000,P20BD.6,1,
kind of crime of which you or someone in family have been a victim street robbery,Kind of crime of which you or someone in family have been a victim: Street robbery,2000,2000,1,2000,P20BD.1,1,
kind of crime you your family did suffer,Kind of crime you/your family did suffer,2010,2010,1,2010,P70NC.B,1,
kind of organization that the participation of people can make some difference artistic,Kind of organization that the participation of people can make some difference: Artistic,1998,1998,1,1998,np59c,1,
kind of organization that the participation of people can make some difference communal,Kind of organization that the participation of people can make some difference: Communal,1998,1998,1,1998,np59b,1,
kind of organization that the participation of people can make some difference dona t know no answer,Kind of organization that the participation of people can make some difference: Don´t know/No answer,1998,1998,1,1998,np59k,1,
kind of organization that the participation of people can make some difference environmental,Kind of organization that the participation of people can make some difference: Environmental,1998,1998,1,1998,np59e,1,
kind of organization that the participation of people can make some difference none,Kind of organization that the participation of people can make some difference: None,1998,1998,1,1998,np59j,1,
kind of organization that the participation of people can make some difference political,Kind of organization that the participation of people can make some difference: Political,1998,1998,1,1998,np59i,1,
kind of organization that the participation of people can make some difference professional,Kind of organization that the participation of people can make some difference: Professional,1998,1998,1,1998,np59f,1,
kind of organization that the participation of people can make some difference religious,Kind of organization that the participation of people can make some difference: Religious,1998,1998,1,1998,np59a,1,
kind of organization that the participation of people can make some difference sport,Kind of organization that the participation of people can make some difference: Sport,1998,1998,1,1998,np59h,1,
kind of organization that the participation of people can make some difference union,Kind of organization that the participation of people can make some difference: Union,1998,1998,1,1998,np59d,1,
kind of organization that the participation of people can make some difference youth,Kind of organization that the participation of people can make some difference: Youth,1998,1998,1,1998,np59g,1,
kind of organizations that you participate dona t know no answer,Kind of organizations that you participate: Don´t know/No answer,1998,1998,1,1998,np57k,1,
kind of organizations that you participate other,Kind of organizations that you participate: Other,2000,2000,1,2000,P60ST.K,1,
knowledge about cuba,Knowledge about Cuba,2000,2000,1,2000,P44UA,1,
knowledge of efforts to arrive at a free trade agreement with the us,Knowledge of efforts to arrive at a free trade agreement with the US,2004,2004,1,2004,p62ia04,1,meritocracy
knowledge of international institutions alba alternativa bolivariana para amacrica latina y el caribe,Knowledge of international institutions: ALBA Alternativa Bolivariana para América Latina y el Caribe,2009,2009,1,2009,p56st.ha,1,institutional_confidence
knowledge of international institutions andean pact,Knowledge of international institutions: Andean Pact,2001,2001,1,2001,p67nad,1,institutional_confidence
knowledge of international institutions caf corporacia3n andina de fomento,"Knowledge of international institutions: CAF, Corporación Andina de Fomento",2010,2010,1,2010,P46N.FA,1,institutional_confidence
knowledge of international institutions common market of central america,Knowledge of international institutions: Common Market of Central America,2001,2001,1,2001,p67nac,1,institutional_confidence
knowledge of international institutions comunidad andina de naciones can,"Knowledge of international institutions: Comunidad Andina de Naciones, Can",2009,2009,1,2009,p56st.ga,1,institutional_confidence
knowledge of international institutions corporacia3n andina de fomento caf,Knowledge of international institutions: Corporación Andina de Fomento (CAF),2011,2011,1,2011,P50ST.FA,1,institutional_confidence
knowledge of international institutions ftaa,Knowledge of international institutions: FTAA,2001,2001,1,2001,p67nab,1,institutional_confidence
knowledge of international institutions inter american development bank idb,Knowledge of international institutions: Inter-American Development Bank (IDB),2011,2011,1,2011,P50ST.EA,1,institutional_confidence
knowledge of international institutions onu,Knowledge of international institutions: ONU,2011,2011,1,2011,P50ST.CA,1,institutional_confidence
knowledge of international institutions organization of american states oas,Knowledge of international institutions: Organization of American States (OAS),2011,2011,1,2011,P50ST.DA,1,institutional_confidence
knowledge of international institutions sica sistema de integracia3n centroamericana,"Knowledge of international institutions: SICA, Sistema de Integración Centroamericana",2009,2009,1,2009,p56st.ia,1,institutional_confidence
knowledge of spanish culture,Knowledge of Spanish culture,2005,2005,1,2005,p67_el,1,
knowledge of the common central american market,Knowledge of the Common Central American Market,2000,2000,1,2000,P36ST.E,1,
knowledge of the ilo,Knowledge of the ILO,2000,2000,1,2000,P36ST.F,1,
knowledge of the imf international monetary fund,Knowledge of the IMF International Monetary Fund,2011,2011,1,2011,P50ST.AA,1,
knowledge of the political constitution of the country,Knowledge of the political constitution of the country,2005,2005,1,2005,p32n,1,
knowledge of the wto,Knowledge of the WTO,2000,2000,1,2000,P36ST.G,1,
knowledge of us presidential election,Knowledge of US presidential election,2008,2008,1,2008,p50n,1,
knowledge of world bank,Knowledge of World Bank,2011,2011,1,2011,P50ST.BA,1,
l problem of drug trafficking more resources others joined countries only cr,P70NL Problem of drug trafficking - more resources: Others-joined Countries (only CR),2013,2013,1,2013,P70NL,1,
labor rights regulations should be incorporated in ftaa,Labor rights regulations should be incorporated in FTAA,2000,2000,1,2000,P41D.B,1,
large companies are doing a good job on building a better society for all of us,Large companies are doing a good job on building a better society for all of us,2003,2003,1,2003,p87crf,1,
latin america country that you would like to visit,Latin America country that you would like to visit,1998,1998,1,1998,np42,1,
latin american country prefered to have an economic integration agreement,Latin American country prefered to have an economic integration agreement,2006,2006,1,2006,p51n,1,
latin american country that offers the best conditions for its population,Latin American country that offers the best conditions for its population,2007,2007,1,2007,p33n,1,
latin american representation without the usa presence,Latin american representation without the USA presence,2011,2011,1,2011,P16N.F,1,
leaders which you admire gerhard shra eder,Leaders which you admire: Gerhard Shröeder,2005,2005,1,2005,p63_el_e,1,
leaders which you admire koffi annam,Leaders which you admire: Koffi Annam,2005,2005,1,2005,p63_el_a,1,
leaders which you admire tony blair,Leaders which you admire: Tony Blair,2005,2005,1,2005,p63_el_c,1,
learning learned remotely via internet during the pandemic,P79N Learning/Learned remotely via internet during the pandemic,2020,2020,1,2020,P79N,1,
least friendly,Least friendly,2006,2006,1,2006,p49n.c,1,
legalize drug use,Legalize drug use,2011,2011,1,2011,P83N.A,1,
length of training,Length of training,1995,1995,1,1995,s9,1,
level of compliance with the constitution,Level of compliance with the constitution,2005,2005,1,2005,p33n,1,
level of regulation for private companies in the future,Level of regulation for private companies in the future,2009,2009,1,2009,p82n,1,
life in your neighborhood is more safe unsafe each day,Life in your neighborhood is more safe/unsafe each day,2010,2010,1,2010,P71ST.B,1,
living conditions scale,Living conditions scale,2007,2007,1,2007,p81na,1,
living in country is getting safer unsafe,Living in (country) is getting safer/unsafe?,2010,2010,1,2010,P71ST.A,1,
look out for themselves try to be helpful scale,Look out for themselves-try to be helpful scale,2007,2007,1,2007,p26n,1,
los estados unidos tienen una influencia positiva o negativa en el mundo,Los Estados Unidos tienen una influencia positiva o negativa en el mundo,2005,2005,1,2005,p59st_ia,1,
m nc owned goods internet connection at home,M.NC Owned goods: Internet Connection at home,2020,2020,1,2020,M.NC,1,
m problem of drug trafficking more resources others more training for policy only cr,P70NM Problem of drug trafficking - more resources: Others-more training for policy (only CR),2013,2013,1,2013,P70NM,1,
main advantage of trading with china,P33N Main advantage of trading with China,2020,2020,1,2020,P33N,1,
main cause of insecurity in neighborhood where you live area at high risk of floods etc,"Main cause of insecurity in neighborhood where you live: Area at high risk of floods, etc",2000,2000,1,2000,P19BD.A5,1,
main cause of insecurity in neighborhood where you live dona t know no answer,Main cause of insecurity in neighborhood where you live: Don´t know/No answer,2000,2000,1,2000,P19BD.A8,1,
main cause of insecurity in neighborhood where you live drug dealing,Main cause of insecurity in neighborhood where you live: Drug dealing,2000,2000,1,2000,P19BD.A2,1,
main cause of insecurity in neighborhood where you live not applicable,Main cause of insecurity in neighborhood where you live: Not applicable,2000,2000,1,2000,P19BD.A7,1,
main cause of insecurity in neighborhood where you live other,Main cause of insecurity in neighborhood where you live: Other,2000,2000,1,2000,P19BD.A6,1,
main cause of insecurity in neighborhood where you live petty crime,Main cause of insecurity in neighborhood where you live: Petty crime,2000,2000,1,2000,P19BD.A1,1,
main cause of insecurity in neighborhood where you live political and social conflicts,Main cause of insecurity in neighborhood where you live: Political and social conflicts,2000,2000,1,2000,P19BD.A4,1,
main cause of insecurity in neighborhood where you live youth gangs,Main cause of insecurity in neighborhood where you live: Youth gangs,2000,2000,1,2000,P19BD.A3,1,
main disadvantage of trading with china,P34N Main disadvantage of trading with China,2020,2020,1,2020,P34N,1,
main housekeeper,Main Housekeeper,1995,1995,1,1995,s5b,1,
main reason for unemployment today dona t know no answer,Main reason for unemployment today: Don´t know/No answer,2001,2001,1,2001,p31n.e,1,
main reason why some people do not like the united states,Main reason why some people do not like the United States,2003,2003,1,2003,p45ia03,1,
main reason why some people do not like the united states 2nd mention,Main reason why some people do not like the United States (2nd mention),2007,2007,1,2007,p36ia.a; p36ia.b,2,
marches protests manifestations on the street are normal in democracy,"Marches, protests, manifestations on the street are normal in democracy",2009,2009,1,2009,p30st.a,1,democracy
marches protests street demonstrations necessary for demands to be attended,"Marches, protests, street demonstrations: Necessary for demands to be attended",2008,2008,1,2008,p84n.c,1,
marches protests street demonstrations normal in democracy,"Marches, protests, street demonstrations: Normal in democracy",2008,2008,1,2008,p84n.a,1,democracy
marches protests street demonstrations only produce excesses and ruin,"Marches, protests, street demonstrations: Only produce excesses and ruin",2008,2008,1,2008,p84n.b,1,
marches protests street demonstrations way young have to feel part of something,"Marches, protests, street demonstrations: Way young have to feel part of something",2008,2008,1,2008,p84n.d,1,
marriage is an out of date institution,Marriage is an out of date institution,1997,1997,1,1997,nsp68a,1,institutional_confidence
mass media negative coverage about municipalities,Mass media negative coverage about municipalities,2004,2004,1,2004,p35na,1,
mass media take part in elections,Mass media take part in elections,2004,2004,1,2004,p85n,1,
measures that could be taken to improve education decrease class sizes,Measures that could be taken to improve education: Decrease class sizes,2011,2011,1,2011,P29NEB,1,
measures that could be taken to improve education dona t know,Measures that could be taken to improve education: Don´t know,2011,2011,1,2011,P29NEY,1,
measures that could be taken to improve education evaluate the performance of teachers,Measures that could be taken to improve education: Evaluate the performance of teachers,2011,2011,1,2011,P29NEJ,1,
measures that could be taken to improve education give more importance to performance tests,Measures that could be taken to improve education: Give more importance to performance tests,2011,2011,1,2011,P29NEC,1,
measures that could be taken to improve education improve facilities,Measures that could be taken to improve education: Improve facilities,2011,2011,1,2011,P29NEA,1,
measures that could be taken to improve education improve teacher training,Measures that could be taken to improve education: Improve teacher training,2011,2011,1,2011,P29NEF,1,
measures that could be taken to improve education improve teachers salaries,Measures that could be taken to improve education: Improve teachers' salaries,2011,2011,1,2011,P29NEE,1,
measures that could be taken to improve education incorporate new technologies,Measures that could be taken to improve education: Incorporate new technologies,2011,2011,1,2011,P29NEH,1,
measures that could be taken to improve education increase hours of classes,Measures that could be taken to improve education: Increase hours of classes,2011,2011,1,2011,P29NEK,1,
measures that could be taken to improve education increase teaching of foreign languages,Measures that could be taken to improve education: Increase teaching of foreign languages,2011,2011,1,2011,P29NED,1,
measures that could be taken to improve education increase the participation of families,Measures that could be taken to improve education: Increase the participation of families,2011,2011,1,2011,P29NEI,1,
measures that could be taken to improve education no answer,Measures that could be taken to improve education: No answer,2011,2011,1,2011,P29NEZ,1,
measures that could be taken to improve education strengthen security measures,Measures that could be taken to improve education: Strengthen security measures,2011,2011,1,2011,P29NEG,1,
media in country support the government or be critical of the government,P27N Media in [Country] support the government or be critical of the government,2016,2016,1,2016,P27N,1,
military should cooperate with other armed forces against drug trafficking,Military should cooperate with other armed forces against drug trafficking,1997,1997,1,1997,bup27b,1,institutional_confidence
more cooperation from the consumer countries,More cooperation from the consumer countries,2011,2011,1,2011,P83N.D,1,
more emphasis on technological development,More emphasis on technological development,2002,2002,1,2002,p50wvsb,1,
more importance of family life,More importance of family life,2002,2002,1,2002,p50wvsd,1,
most democratic european country,Most democratic European country,2004,2004,1,2004,p75el.b,1,democracy
most important issue for a country to develop successfully associating itself with the united states,Most important issue for a country to develop successfully: Associating itself with the United States,2001,2001,1,2001,p14nbrg,1,
most important issue for a country to develop successfully develop science and technology,Most important issue for a country to develop successfully: Develop science and technology,2001,2001,1,2001,p14nbrh,1,
most important issue for a country to develop successfully dona t know no answer,Most important issue for a country to develop successfully: Don´t know/No answer,2001,2001,1,2001,p14nbri,1,
most important issue for a country to develop successfully having a common market with other countries in latin america,Most important issue for a country to develop successfully: Having a common market with other countries in Latin America,2001,2001,1,2001,p14nbrf,1,
most important issue for a country to develop successfully having a well educated population,Most important issue for a country to develop successfully: Having a well-educated population,2001,2001,1,2001,p14nbrc,1,
most important issue for a country to develop successfully having abundant natural resources,Most important issue for a country to develop successfully: Having abundant natural resources,2001,2001,1,2001,p14nbra,1,
most important issue for a country to develop successfully having an active entrepreneurial class,Most important issue for a country to develop successfully: Having an active entrepreneurial class,2001,2001,1,2001,p14nbrd,1,
most important issue for a country to develop successfully having export industries,Most important issue for a country to develop successfully: Having export industries,2001,2001,1,2001,p14nbrb,1,
most important issue for a country to develop successfully receiving a lot of investment from developing countries,Most important issue for a country to develop successfully: Receiving a lot of investment from developing countries,2001,2001,1,2001,p14nbre,1,
most important issue for improving the functioning of public institutions,Most important issue for improving the functioning of public institutions,2002,2002,1,2002,p26u,1,institutional_confidence
most important problem you are personally facing,Most important problem you are personally facing,2008,2008,1,2008,p10st,1,
most important things for the development of your country don t know,P10N_H Most important things for the development of your country: Don't know,2015,2015,1,2015,P10N_H,1,
most important things for the development of your country enviroment,P10N_A Most important things for the development of your country: Enviroment,2015,2015,1,2015,P10N_A,1,
most important things for the development of your country infraestructure,P10N_B Most important things for the development of your country: Infraestructure,2015,2015,1,2015,P10N_B,1,
most important things for the development of your country institutions,P10N_C Most important things for the development of your country: Institutions,2015,2015,1,2015,P10N_C,1,institutional_confidence
most important things for the development of your country integration into the world,P10N_D Most important things for the development of your country: Integration into the world,2015,2015,1,2015,P10N_D,1,
most important things for the development of your country no answer,P10N_G Most important things for the development of your country: No answer,2015,2015,1,2015,P10N_G,1,
most important things for the development of your country none of the above,P10N_F Most important things for the development of your country: None of the above,2015,2015,1,2015,P10N_F,1,
most important things for the development of your country social policy,P10N_E Most important things for the development of your country: Social policy,2015,2015,1,2015,P10N_E,1,
most objective mass media,Most objective mass media,2004,2004,1,2004,p83nw,1,
most trustworthy source of information,Most trustworthy source of information,2003,2003,1,2003,p35n,1,
multilateral institution which contributes most to the development of the country,P38N Multilateral Institution which contributes most to the development of the (country),2015,2015,1,2015,P38N,1,institutional_confidence
municipalities admit if they were wrong,Municipalities admit if they were wrong,2004,2004,1,2004,p35nf,1,
municipalities are strictly controlled,Municipalities are strictly controlled,2004,2004,1,2004,p35nd,1,
municipalities do not care what people think,Municipalities do not care what people think,2004,2004,1,2004,p35nj,1,
municipalities do not keep me informed,Municipalities do not keep me informed,2004,2004,1,2004,p35ne,1,
municipalities have poor quality leaders and managers,Municipalities have poor quality leaders and managers,2004,2004,1,2004,p35nb,1,
municipalities keep their promises,Municipalities keep their promises,2004,2004,1,2004,p35ni,1,
municipalities staff treats people well,Municipalities staff treats people well,2004,2004,1,2004,p35ng,1,
municipalities treat people equally,Municipalities treat people equally,2004,2004,1,2004,p35nh,1,
my country is better than the other countries,My country is better than the other countries,2007,2007,1,2007,p29n.f,1,
my friends and family say positive think,My friends and family say positive think,2004,2004,1,2004,p35nc,1,
n ni owned goods heating air conditioner,N.NI Owned goods: Heating/ Air Conditioner,2020,2020,1,2020,N.NI,1,
national companies fulfillment of corporate social responsibility,National companies fulfillment of corporate social responsibility,2003,2003,1,2003,p88cr,1,
national people working and studying abroad helps to the country development,(national) people working and studying abroad helps to the country development,2011,2011,1,2011,P69N.E,1,
natural resources exploitation,Natural resources exploitation,2006,2006,1,2006,p22na.f,1,
nca social networking services facebook,P83TNCA Social networking services:  Facebook,2013,2013,1,2013,P83TNCA,1,
ncb social networking services myspace,P83TNCB Social networking services: Myspace,2013,2013,1,2013,P83TNCB,1,
ncc social networking services youtube,P83TNCC Social networking services: Youtube,2013,2013,1,2013,P83TNCC,1,
ncd social networking services orkut,P83TNCD Social networking services: Orkut,2013,2013,1,2013,P83TNCD,1,
nce social networking services twitter,P83TNCE Social networking services: Twitter,2013,2013,1,2013,P83TNCE,1,
ncf social networking services hi5,P83TNCF Social networking services: Hi5,2013,2013,1,2013,P83TNCF,1,
ncg social networking services windows live space,P83TNCG Social networking services: Windows live space,2013,2013,1,2013,P83TNCG,1,
nch social networking services sonico,P83TNCH Social networking services: Sonico,2013,2013,1,2013,P83TNCH,1,
nci social networking services friendster,P83TNCI Social networking services: Friendster,2013,2013,1,2013,P83TNCI,1,
ncj social networking services linkedin,P83TNCJ Social networking services: Linkedin,2013,2013,1,2013,P83TNCJ,1,
nck social networking services other,P83TNCK Social networking services: Other,2013,2013,1,2013,P83TNCK,1,
ncl social networking services do not use,P83TNCL Social networking services: Do not use,2013,2013,1,2013,P83TNCL,1,
ncm social networking services no aplicable,P83TNCM Social networking services: No aplicable,2013,2013,1,2013,P83TNCM,1,
necesary things to feel included in normal social life dona t know no answer,Necesary things to feel included in normal social life: Don´t know / No answer,2007,2007,1,2007,P98NP,1,
necesary things to feel included in normal social life not to be restricted or handicapped in onea ts work capabilities,Necesary things to feel included in normal social life: Not to be restricted or handicapped in one’s work capabilities,2007,2007,1,2007,P98NA,1,
necesary things to feel included in normal social life to be able to operate a computer,Necesary things to feel included in normal social life: To be able to operate a computer,2007,2007,1,2007,P98NB,1,
necesary things to feel included in normal social life to do things that matter to others,Necesary things to feel included in normal social life: To do things that matter to others,2007,2007,1,2007,P98NN,1,
necesary things to feel included in normal social life to engage in political activities,Necesary things to feel included in normal social life: To engage in political activities,2007,2007,1,2007,P98NI,1,
necesary things to feel included in normal social life to engage in voluntary activities,Necesary things to feel included in normal social life: To engage in voluntary activities,2007,2007,1,2007,P98NH,1,
necesary things to feel included in normal social life to have a drivera ts license,Necesary things to feel included in normal social life: To have a driver’s license,2007,2007,1,2007,P98ND,1,
necesary things to feel included in normal social life to have a respectable occupation,Necesary things to feel included in normal social life: To have a respectable occupation,2007,2007,1,2007,P98NF,1,
necesary things to feel included in normal social life to have friends,Necesary things to feel included in normal social life: To have friends,2007,2007,1,2007,P98NE,1,
necesary things to feel included in normal social life to have higher education,Necesary things to feel included in normal social life: To have higher education,2007,2007,1,2007,P98NJ,1,
necesary things to feel included in normal social life to have onea ts own family and children,Necesary things to feel included in normal social life: To have one’s own family and children,2007,2007,1,2007,P98NL,1,
necesary things to feel included in normal social life to have onea ts own personal income,Necesary things to feel included in normal social life: To have one’s own personal income,2007,2007,1,2007,P98NK,1,
necesary things to feel included in normal social life to have something to say,Necesary things to feel included in normal social life: To have something to say,2007,2007,1,2007,P98NM,1,
necesary things to feel included in normal social life to know a foreign language,Necesary things to feel included in normal social life: To know a foreign language,2007,2007,1,2007,P98NC,1,
necesary things to feel included in normal social life to live in a large city,Necesary things to feel included in normal social life: To live in a large city,2007,2007,1,2007,P98NG,1,
necesary things to feel included in normal social life to own a property land or a house,"Necesary things to feel included in normal social life: To own a property, land or a house",2007,2007,1,2007,P98NO,1,
need to improve the society in which we live,P3N Need to improve the society in which we live,2023,2023,1,2023,P3N,1,
negative consequences for you if you express your opinions freely and publicly over national problems,P60N.B Negative consequences for you if you express your opinions freely and publicly over national problems,2020,2020,1,2020,P60N.B,1,
newspaper performance of its social responsibility,Newspaper performance of its social responsibility,2003,2003,1,2003,p36nb,1,
nn 1 from the following a reas i will mention which do yo think depend from our country integrating with other countries,P31INN.1 From the following áreas I will mention which do yo think depend from our country integrating with other countries:,2023,2023,1,2023,P31INN.1,1,
nn 2 from the following a reas i will mention which do yo think depend from our country integrating with other countries,P31INN.2 From the following áreas I will mention which do yo think depend from our country integrating with other countries:,2023,2023,1,2023,P31INN.2,1,
nn 3 from the following a reas i will mention which do yo think depend from our country integrating with other countries,P31INN.3 From the following áreas I will mention which do yo think depend from our country integrating with other countries:,2023,2023,1,2023,P31INN.3,1,
nn 4 from the following a reas i will mention which do yo think depend from our country integrating with other countries,P31INN.4 From the following áreas I will mention which do yo think depend from our country integrating with other countries:,2023,2023,1,2023,P31INN.4,1,
nn 5 from the following a reas i will mention which do yo think depend from our country integrating with other countries,P31INN.5 From the following áreas I will mention which do yo think depend from our country integrating with other countries:,2023,2023,1,2023,P31INN.5,1,
nn 6 from the following a reas i will mention which do yo think depend from our country integrating with other countries,P31INN.6 From the following áreas I will mention which do yo think depend from our country integrating with other countries:,2023,2023,1,2023,P31INN.6,1,
nn a issues on which the integration of our country with other countries depends going to study or work in other countries,P31INN.A Issues on which the integration of our country with other countries depends: Going to study or work in other countries,2023,2023,1,2023,P31INN.A,1,
nn b agreement disagreement it is possible to take care of the environment and at the same time have economic growth,P30INN.B Agreement/Disagreement: It is possible to take care of the environment and at the same time have economic growth,2023,2023,1,2023,P30INN.B,1,
nn b issues on which the integration of our country with other countries depends buy a foreign product at a lower price,P31INN.B Issues on which the integration of our country with other countries depends: Buy a foreign product at a lower price,2023,2023,1,2023,P31INN.B,1,
nn c agreement disagreement i am willing to pay 20 more for a product it if considers the environment,P30INN.C Agreement/Disagreement: I am willing to pay 20% more for a product it if considers the environment,2023,2023,1,2023,P30INN.C,1,
nn c issues on which the integration of our country with other countries depends more employment,P31INN.C Issues on which the integration of our country with other countries depends: More employment,2023,2023,1,2023,P31INN.C,1,
nn d agreement disagreement men have considerable advantage over women when starting a business,P30INN.D Agreement/Disagreement: Men have considerable advantage over Women when starting a business,2023,2023,1,2023,P30INN.D,1,
nn d issues on which the integration of our country with other countries depends higher salaries,P31INN.D Issues on which the integration of our country with other countries depends: Higher salaries,2023,2023,1,2023,P31INN.D,1,
nn e agreement disagreement i prefer to buy products produced by women than products produced by men,P30INN.E Agreement/Disagreement: I prefer to buy products produced by women than products produced by men.,2023,2023,1,2023,P30INN.E,1,
nn e issues on which the integration of our country with other countries depends access to a greater variety of products,P31INN.E Issues on which the integration of our country with other countries depends: Access to a greater variety of products,2023,2023,1,2023,P31INN.E,1,
nn f agreement disagreement to learn mathematics ingeniering or programing is more important to have a good job,P30INN.F Agreement/Disagreement: To learn Mathematics Ingeniering or programing is more Important to have a good job.,2023,2023,1,2023,P30INN.F,1,
nn f issues on which the integration of our country with other countries depends more and better access to technology,P31INN.F Issues on which the integration of our country with other countries depends: More and better access to technology,2023,2023,1,2023,P31INN.F,1,
nn from his point of view and that of his family the arrival of immigrants to the country benefits or harms it,"P32INN From his point of view and that of his family, the arrival of immigrants to the country benefits or harms it.",2023,2023,1,2023,P32INN,1,
no answer,No answer,2011,2011,1,2011,P56NZ,1,
nobody cares what happens to other people,Nobody cares what happens to other people,2007,2007,1,2007,p13nd,1,
now i m going to name a series of phrases tell me if you are with the following statements that workers can wo,"P52N.A Now I'm going to name a series of phrases, tell me if you are? with the following statements: That workers can wo",2018,2018,1,2018,P52N.A,1,
number of institutions in which you participate,Number of institutions in which you participate,2001,2001,1,2001,p58n,1,institutional_confidence
number of people under 15 years old at home,Number of people under 15 years old at home,1995,1995,1,1995,s4,1,
numcasa number different houses contacted to achieve interview,NUMCASA Number different houses contacted to achieve interview,2016,2016,1,2016,NUMCASA,1,
o problem of drug trafficking more resources others send to prison drug addicts drug dealers only uy,P70NO Problem of drug trafficking - more resources: Others-send to prison drug addicts/drug-dealers (only UY),2013,2013,1,2013,P70NO,1,
of the following things made by you or a household member how many have been done by you in the last 12 months,"P70N_A Of the following things made by you or a household member, how many have been done by you in the last 12 months [",2017,2017,1,2017,P70N_A; P70N_B,1,
one should accept foreign assistance against drug trafficking,One should accept foreign assistance against drug trafficking,1997,1997,1,1997,bup27c,1,
opinion about daniel ortega,P62N.12 Opinion about: Daniel Ortega,2023,2023,1,2023,P62N.12,1,
opinion about fidel castro,Opinion about Fidel Castro,2000,2000,1,2000,P49UA,1,
opinion about gabriel boric,P62N.6 Opinion about: Gabriel Boric,2023,2023,1,2023,P62N.6,1,
opinion about guillermo laso,P62N.9 Opinion about: Guillermo Laso,2023,2023,1,2023,P62N.9,1,
opinion about gustavo petro,P62N.1 Opinion about: Gustavo Petro,2023,2023,1,2023,P62N.1,1,
opinion about india,P40N.F Opinion about: India,2018,2018,1,2018,P40N.F,1,
opinion about joe biden,P62N.17 Opinion about: Joe Biden,2023,2023,1,2023,P62N.17,1,
opinion about last military government,Opinion about last Military Government,2010,2010,1,2010,P15N,1,democracy
opinion about luis ignacio da silva a olulaa,"P62N.16 Opinion about: Luis Ignacio da Silva, “Lula”",2023,2023,1,2023,P62N.16,1,
opinion about national entrepreneur dona t know no answer,Opinion about national entrepreneur: Don´t know/No answer,1997,1997,1,1997,nsp51g,1,
opinion about national entrepreneur get on well with workers,Opinion about national entrepreneur: Get on well with workers,1997,1997,1,1997,nsp51d,1,
opinion about national entrepreneur honest,Opinion about national entrepreneur: Honest,1997,1997,1,1997,nsp51c,1,
opinion about national entrepreneur innovative,Opinion about national entrepreneur: Innovative,1997,1997,1,1997,nsp51a,1,
opinion about national entrepreneur know how to compete abroad,Opinion about national entrepreneur: Know how to compete abroad,1997,1997,1,1997,nsp51e,1,
opinion about national entrepreneur none,Opinion about national entrepreneur: None,1997,1997,1,1997,nsp51f,1,
opinion about national entrepreneur think in the long term,Opinion about national entrepreneur: Think in the long term,1997,1997,1,1997,nsp51b,1,
opinion about nayib bukelac,P62N.13 Opinion about: Nayib Bukelé.,2023,2023,1,2023,P62N.13,1,
opinion about venezuela,P30N Opinion about Venezuela,2020,2020,1,2020,P30N,1,
opinion about vladimir putin,P62N.14 Opinion about: Vladimir Putin,2023,2023,1,2023,P62N.14,1,
opinion about volodimir zelensky,P62N.15 Opinion about: Volodimir Zelensky,2023,2023,1,2023,P62N.15,1,
opinion of india,P45N.F Opinion of  India,2017,2017,1,2017,P45N.F,1,
opinion of ira n i would like to know your opinion about the following countries that ia tm going to read do you have a ve,Opinion of Irán I would like to know your opinion about the following countries that I’m going to read. Do you have a ve,2011,2011,1,2011,P44N.H,1,
opinion of israel i would like to know your opinion about the following countries that ia tm going to read do you have a,Opinion of Israel I would like to know your opinion about the following countries that I’m going to read. Do you have a,2011,2011,1,2011,P44N.I,1,
opinion of venezuela,Opinion of Venezuela,2010,2010,1,2010,P39NIA.H,1,
opinion on political affairs,Opinion on political affairs,2007,2007,1,2007,p58n,1,
opinion on the economic crisis,Opinion on the economic crisis,2009,2009,1,2009,p89n,1,
opinions about the causes of poverty,Opinions about the causes of poverty,2000,2000,1,2000,P10N,1,
opportunities for a child who has received adequate education,Opportunities for a child who has received adequate education,2005,2005,1,2005,p89n,1,
opportunities to improve standard of living better the same or worse than your parents,"Opportunities to improve standard of living better, the same, or worse than your parents",1995,1995,1,1995,p72,1,
organizations and activities in which you actively participate or do voluntary work artistic musical educational,"Organizations and activities in which you actively participate or do voluntary work: Artistic, musical, educational",2005,2005,1,2005,p70c_2,1,
organizations and activities in which you actively participate or do voluntary work charity social help,"Organizations and activities in which you actively participate or do voluntary work: Charity, social help",2005,2005,1,2005,p70c_8,1,
organizations and activities in which you actively participate or do voluntary work comunal neighborhood organization,"Organizations and activities in which you actively participate or do voluntary work: Comunal, neighborhood organization",2005,2005,1,2005,p70c_12,1,
organizations and activities in which you actively participate or do voluntary work consumers organization,Organizations and activities in which you actively participate or do voluntary work: Consumers organization,2005,2005,1,2005,p70c_5,1,
organizations and activities in which you actively participate or do voluntary work ecologist environment protection,"Organizations and activities in which you actively participate or do voluntary work: Ecologist, environment protection,",2005,2005,1,2005,p70c_7,1,
organizations and activities in which you actively participate or do voluntary work international organization for deve,Organizations and activities in which you actively participate or do voluntary work: International organization for deve,2005,2005,1,2005,p70c_6,1,
organizations and activities in which you actively participate or do voluntary work leisure time organization and aged,Organizations and activities in which you actively participate or do voluntary work: Leisure time organization and aged,2005,2005,1,2005,p70c_9,1,
organizations and activities in which you actively participate or do voluntary work none,Organizations and activities in which you actively participate or do voluntary work: None,2005,2005,1,2005,p70c_14,1,
organizations and activities in which you actively participate or do voluntary work other organizations,Organizations and activities in which you actively participate or do voluntary work: Other organizations,2005,2005,1,2005,p70c_13,1,
organizations and activities in which you actively participate or do voluntary work political party or organization,Organizations and activities in which you actively participate or do voluntary work: Political party or organization,2005,2005,1,2005,p70c_11,1,
organizations and activities in which you actively participate or do voluntary work professional managerial,"Organizations and activities in which you actively participate or do voluntary work: Professional, managerial",2005,2005,1,2005,p70c_4,1,
organizations and activities in which you actively participate or do voluntary work religious organizations not consid,"Organizations and activities in which you actively participate or do voluntary work: Religious organizations, not consid",2005,2005,1,2005,p70c_10,1,
organizations and activities in which you actively participate or do voluntary work sports club or recreational activit,Organizations and activities in which you actively participate or do voluntary work: Sports club or recreational activit,2005,2005,1,2005,p70c_1,1,
organizations and activities in which you actively participate or do voluntary work union,Organizations and activities in which you actively participate or do voluntary work: Union,2005,2005,1,2005,p70c_3,1,
organizations and activities of which you are member artistic musical educational,"Organizations and activities of which you are member: Artistic, musical, educational",2005,2005,1,2005,P70a_2,1,
organizations and activities of which you are member charity social help,"Organizations and activities of which you are member: Charity, social help",2005,2005,1,2005,P70a_8,1,
organizations and activities of which you are member comunal neighborhood organization,"Organizations and activities of which you are member: Comunal, neighborhood organization",2005,2005,1,2005,P70a_12,1,
organizations and activities of which you are member consumers organization,Organizations and activities of which you are member: Consumers organization,2005,2005,1,2005,P70a_5,1,
organizations and activities of which you are member ecologist environment protection animal rights,"Organizations and activities of which you are member: Ecologist, environment protection, animal rights",2005,2005,1,2005,P70a_7,1,
organizations and activities of which you are member international organization for development help or human rights,Organizations and activities of which you are member: International organization for development help or human rights,2005,2005,1,2005,P70a_6,1,
organizations and activities of which you are member leisure time organization and aged people right defense,Organizations and activities of which you are member: Leisure time organization and aged people right defense,2005,2005,1,2005,P70a_9,1,
organizations and activities of which you are member none,Organizations and activities of which you are member: None,2005,2005,1,2005,p70a_14,1,
organizations and activities of which you are member other organizations,Organizations and activities of which you are member: Other organizations,2005,2005,1,2005,P70a_13,1,
organizations and activities of which you are member political party or organization,Organizations and activities of which you are member: Political party or organization,2005,2005,1,2005,P70a_11,1,
organizations and activities of which you are member professional managerial,"Organizations and activities of which you are member: Professional, managerial",2005,2005,1,2005,P70a_4,1,
organizations and activities of which you are member religious organizations not considering religious practice,"Organizations and activities of which you are member: Religious organizations, not considering religious practice",2005,2005,1,2005,P70a_10,1,
organizations and activities of which you are member sports club or recreational activities,Organizations and activities of which you are member: Sports club or recreational activities,2005,2005,1,2005,P70a_1,1,
organizations and activities of which you are member union,Organizations and activities of which you are member: Union,2005,2005,1,2005,P70a_3,1,
organizations and activities to which you donate money artistic musical educational,"Organizations and activities to which you donate money: Artistic, musical, educational",2005,2005,1,2005,p70b_2,1,
organizations and activities to which you donate money charity social help,"Organizations and activities to which you donate money: Charity, social help",2005,2005,1,2005,p70b_8,1,
organizations and activities to which you donate money comunal neighborhood organization,"Organizations and activities to which you donate money: Comunal, neighborhood organization",2005,2005,1,2005,p70b_12,1,
organizations and activities to which you donate money consumers organization,Organizations and activities to which you donate money: Consumers organization,2005,2005,1,2005,p70b_5,1,
organizations and activities to which you donate money ecologist environment protection animal rights,"Organizations and activities to which you donate money: Ecologist, environment protection, animal rights",2005,2005,1,2005,p70b_7,1,
organizations and activities to which you donate money international organization for development help or human rights,Organizations and activities to which you donate money: International organization for development help or human rights,2005,2005,1,2005,p70b_6,1,
organizations and activities to which you donate money leisure time organization and aged people right defense,Organizations and activities to which you donate money: Leisure time organization and aged people right defense,2005,2005,1,2005,p70b_9,1,
organizations and activities to which you donate money none,Organizations and activities to which you donate money: None,2005,2005,1,2005,p70b_14,1,
organizations and activities to which you donate money other organizations,Organizations and activities to which you donate money: Other organizations,2005,2005,1,2005,p70b_13,1,
organizations and activities to which you donate money political party or organization,Organizations and activities to which you donate money: Political party or organization,2005,2005,1,2005,p70b_11,1,
organizations and activities to which you donate money professional managerial,"Organizations and activities to which you donate money: Professional, managerial",2005,2005,1,2005,p70b_4,1,
organizations and activities to which you donate money religious organizations not considering religious practice,"Organizations and activities to which you donate money: Religious organizations, not considering religious practice",2005,2005,1,2005,p70b_10,1,
organizations and activities to which you donate money sports club or recreational activities,Organizations and activities to which you donate money: Sports club or recreational activities,2005,2005,1,2005,p70b_1,1,
organizations and activities to which you donate money union,Organizations and activities to which you donate money: Union,2005,2005,1,2005,p70b_3,1,
organizations groups associations in which participates communal,Organizations/groups/associations in which participates: Communal,2008,2008,1,2008,P80STE,1,
organizations groups associations in which participates cultural or artistic,Organizations/groups/associations in which participates: Cultural or artistic,2008,2008,1,2008,P80STH,1,
organizations groups associations in which participates dk na,Organizations/groups/associations in which participates: Dk/Na,2008,2008,1,2008,P80STM,1,
organizations groups associations in which participates ecologist,Organizations/groups/associations in which participates: Ecologist,2008,2008,1,2008,P80STJ,1,
organizations groups associations in which participates in or by means of an internet group,Organizations/groups/associations in which participates: In or by means of an internet group,2008,2008,1,2008,P80STD,1,
organizations groups associations in which participates labor union trade,"Organizations/groups/associations in which participates: Labor (union, trade)",2008,2008,1,2008,P80STB,1,
organizations groups associations in which participates none,Organizations/groups/associations in which participates: None,2008,2008,1,2008,P80STL,1,
organizations groups associations in which participates other,Organizations/groups/associations in which participates: Other,2008,2008,1,2008,P80STK,1,
organizations groups associations in which participates politics,Organizations/groups/associations in which participates: Politics,2008,2008,1,2008,P80STA,1,
organizations groups associations in which participates religious,Organizations/groups/associations in which participates: Religious,2008,2008,1,2008,P80STF,1,
organizations groups associations in which participates sportive,Organizations/groups/associations in which participates: Sportive,2008,2008,1,2008,P80STI,1,
organizations groups associations in which participates students,Organizations/groups/associations in which participates: Students,2008,2008,1,2008,P80STC,1,
organizations groups associations in which participates volunteer work community service,"Organizations/groups/associations in which participates: Volunteer work, community service",2008,2008,1,2008,P80STG,1,
organizations in which you participated in action for the public good fifth,Organizations in which you participated in action for the public good: Fifth,2002,2002,1,2002,p10u5,1,
organizations in which you participated in action for the public good first,Organizations in which you participated in action for the public good: First,2002,2002,1,2002,p10u1,1,
organizations in which you participated in action for the public good fourth,Organizations in which you participated in action for the public good: Fourth,2002,2002,1,2002,p10u4,1,
organizations in which you participated in action for the public good second,Organizations in which you participated in action for the public good: Second,2002,2002,1,2002,p10u2,1,
organizations in which you participated in action for the public good third,Organizations in which you participated in action for the public good: Third,2002,2002,1,2002,p10u3,1,
our country should help immigrants that suffer political persecution in their countries,P39N.G Our country should help immigrants that suffer political persecution in their countries,2020,2020,1,2020,P39N.G,1,
own living conditions now scale,Own living conditions now-scale,2007,2007,1,2007,p81nb,1,
p problem of drug trafficking more resources others ban the production only uy,P70NP Problem of drug trafficking - more resources: Others-ban the production (only UY),2013,2013,1,2013,P70NP,1,
pacific country versus violent country,Pacific country versus violent country,2008,2008,1,2008,p86n.a,1,
parents education,Parents Education,2011,2011,1,2011,REEDUC2,1,
participation from private sector pensions,Participation from private sector: Pensions,2007,2007,1,2007,p56n.c,1,
participation in the justice system as a victim of a crime,Participation in the justice system: As a victim of a crime,2002,2002,1,2002,P17U_2,1,
participation in the justice system as a witness,Participation in the justice system: As a witness,2002,2002,1,2002,P17U_1,1,
participation in the justice system don t know no answer,Participation in the justice system: Don't know / No answer,2002,2002,1,2002,P17U_6,1,
participation in the justice system for having been involved in an accident,Participation in the justice system: For having been involved in an accident,2002,2002,1,2002,P17U_3,1,
participation in the justice system for some other reason,Participation in the justice system: For some other reason,2002,2002,1,2002,P17U_4,1,
participation in the justice system have never been,Participation in the justice system: Have never been,2002,2002,1,2002,P17U_5,1,
past scale of accessing job security,Past scale of accessing job security,1997,1997,1,1997,bp15c,1,
past scale of accessing to education,Past scale of accessing to education,1997,1997,1,1997,bp15b,1,
past scale of accessing to goods consumers,Past scale of accessing to goods consumers,1997,1997,1,1997,bp15d,1,
past scale of accessing to level of income,Past scale of accessing to level of income,1997,1997,1,1997,bp15e,1,
pay a bribe to public functionary,Pay a bribe to public functionary,2004,2004,1,2004,p53n,1,corruption
pay money to a public employee,Pay money to a public employee,2001,2001,1,2001,p49nasa,1,
paying bribes to a public official is justified if this is the only way to get things,Paying 'bribes' to a public official is justified if this is the only way to get things,2011,2011,1,2011,P16ST.E,1,corruption
people from poorer countries to come and live here,People from poorer countries to come and live here,2007,2007,1,2007,p31nc,1,
people like me should do something so that the things i don t like change,People like me should do something so that the things I don't like change,2002,2002,1,2002,p23ue,1,
people of a different race or ethnic group to come and live here,People of a different race or ethnic group to come  and live here,2007,2007,1,2007,p31nb,1,
people of the same race or ethnic group to come and live here,People of the same race or ethnic group to come and live here,2007,2007,1,2007,p31na,1,
people with little or no education should have as much to say in politics as highly educated people,People with little or no education should have as much to say in politics as highly-educated people,2003,2003,1,2003,p22gb.e,1,
performance of democracy in country,Performance of democracy in country,2008,2008,1,2008,p29n,1,democracy
perpart government opposition,PERPART Government opposition,2018,2018,1,2018,PERPART,1,
perpart political party voted participation in government,PERPART Political party voted participation in government,2016,2016,1,2016,PERPART,1,
perpart type of party,PERPART Type of party,2023,2023,1,2023,PERPART,1,
place of birth,Place of birth,2010,2010,1,2010,S1NCC,1,
please look at this card and tell me how much confidence you have in each of the following groups institutions or perso,"Please look at this card and tell me how much confidence you have in each of the following groups, institutions or perso",2011,2011,1,2011,P22ST.A; P22ST.B; P22ST.C; P22ST.D; P22ST.E; P22ST.F; P22ST.G; P22ST.H,2,institutional_confidence
please look at this card and tell me how much trust you have in each of the following roups institutions would you say,Please look at this card and tell me how much trust you have in each of the following roups/institutions. Would you say,2011,2011,1,2011,P20ST.A; P20ST.B; P20ST.C; P20ST.D; P20ST.E; P20ST.F; P20ST.G; P20ST.H,1,institutional_confidence
please tell me whether you strongly agree agree disagree or strongly disagree with the following statements protests,"P54N.A Please tell me whether you strongly agree, agree, disagree or strongly disagree with the following statements: Protests",2023,2023,1,2023,P54N.A,1,
pn 01 worst types of inequality in country education opportunities,P75NPN_01 Worst types of inequality in country: Education opportunities,2020,2020,1,2020,P75NPN_01,1,
pn 02 worst types of inequality in country access to health services,P75NPN_02 Worst types of inequality in country: Access to health services,2020,2020,1,2020,P75NPN_02,1,
pn 03 worst types of inequality in country access to basic services water electricity,"P75NPN_03 Worst types of inequality in country: Access to basic services water, electricity",2020,2020,1,2020,P75NPN_03,1,
pn 04 worst types of inequality in country transport time to working place,P75NPN_04 Worst types of inequality in country: Transport time to working place,2020,2020,1,2020,P75NPN_04,1,
pn 05 worst types of inequality in country inequality of access to justice,P75NPN_05 Worst types of inequality in country: Inequality of Access to justice,2020,2020,1,2020,P75NPN_05,1,
pn 06 worst types of inequality in country work opportunities,P75NPN_06 Worst types of inequality in country: Work opportunities,2020,2020,1,2020,P75NPN_06,1,
pn 07 worst types of inequality in country inequalities between men and women,P75NPN_07 Worst types of inequality in country: Inequalities between men and women,2020,2020,1,2020,P75NPN_07,1,
pn 08 worst types of inequality in country inequalities between races,P75NPN_08 Worst types of inequality in country: Inequalities between races,2020,2020,1,2020,P75NPN_08,1,
pn 09 worst types of inequality in country inequality of treatmen among social clases,P75NPN_09 Worst types of inequality in country: Inequality of treatmen among social clases,2020,2020,1,2020,P75NPN_09,1,
pn 1 how much do you think each group has today in country group 1,P73NPN.1 How much do you think each group has today in (country): Group 1,2020,2020,1,2020,P73NPN.1,1,
pn 1 how much would you like each group to have in country group 1,P74NPN.1 How much would you like each group to have in (country): Group 1,2020,2020,1,2020,P74NPN.1,1,
pn 10 worst types of inequality in country in citizenship,P75NPN_10 Worst types of inequality in country: #In citizenship,2020,2020,1,2020,P75NPN_10,1,
pn 11 worst types of inequality in country access to power,P75NPN_11 Worst types of inequality in country: #Access to power,2020,2020,1,2020,P75NPN_11,1,
pn 12 worst types of inequality in country inequality before the law,P75NPN_12 Worst types of inequality in country: #Inequality before the law,2020,2020,1,2020,P75NPN_12,1,
pn 13 worst types of inequality in country between urban and rural zones,P75NPN_13 Worst types of inequality in country: #Between urban and rural zones,2020,2020,1,2020,P75NPN_13,1,
pn 14 worst types of inequality in country income inequality,P75NPN_14 Worst types of inequality in country: #Income inequality,2020,2020,1,2020,P75NPN_14,1,
pn 15 worst types of inequality in country inequality between rich and poor,P75NPN_15 Worst types of inequality in country: #Inequality between rich and poor,2020,2020,1,2020,P75NPN_15,1,
pn 16 worst types of inequality in country dona t know no answer,P75NPN_16 Worst types of inequality in country: #Don´t know / No answer,2020,2020,1,2020,P75NPN_16,1,
pn 2 how much do you think each group has today in country group 2,P73NPN.2 How much do you think each group has today in (country): Group 2,2020,2020,1,2020,P73NPN.2,1,
pn 2 how much would you like each group to have in country group 2,P74NPN.2 How much would you like each group to have in (country): Group 2,2020,2020,1,2020,P74NPN.2,1,
pn 3 how much do you think each group has today in country group 3,P73NPN.3 How much do you think each group has today in (country): Group 3,2020,2020,1,2020,P73NPN.3,1,
pn 3 how much would you like each group to have in country group 3,P74NPN.3 How much would you like each group to have in (country): Group 3,2020,2020,1,2020,P74NPN.3,1,
pn 4 how much do you think each group has today in country group 4,P73NPN.4 How much do you think each group has today in (country): Group 4,2020,2020,1,2020,P73NPN.4,1,
pn 4 how much would you like each group to have in country group 4,P74NPN.4 How much would you like each group to have in (country): Group 4,2020,2020,1,2020,P74NPN.4,1,
pn 5 how much do you think each group has today in country group 5,P73NPN.5 How much do you think each group has today in (country): Group 5,2020,2020,1,2020,P73NPN.5,1,
pn 5 how much would you like each group to have in country group 5,P74NPN.5 How much would you like each group to have in (country): Group 5,2020,2020,1,2020,P74NPN.5,1,
pn a a are there armed groups organized crime or gangs where you live,"P67NPN.A ¿Are there armed groups, organized crime, or gangs where you live?",2020,2020,1,2020,P67NPN.A,1,
pn b 01 criminal group roles in your town or neighborhood control thefts improve security,"P67NPN.B_01 Criminal group roles in your town or neighborhood: Control thefts, improve security",2020,2020,1,2020,P67NPN.B_01,1,
pn b 02 criminal group roles in your town or neighborhood put order in the zone,P67NPN.B_02 Criminal group roles in your town or neighborhood: Put order in the zone,2020,2020,1,2020,P67NPN.B_02,1,
pn b 03 criminal group roles in your town or neighborhood use violence against people,P67NPN.B_03 Criminal group roles in your town or neighborhood: Use violence against people,2020,2020,1,2020,P67NPN.B_03,1,
pn b 04 criminal group roles in your town or neighborhood extort people or business,P67NPN.B_04 Criminal group roles in your town or neighborhood: Extort people or business,2020,2020,1,2020,P67NPN.B_04,1,
pn b 05 criminal group roles in your town or neighborhood other,P67NPN.B_05 Criminal group roles in your town or neighborhood: Other,2020,2020,1,2020,P67NPN.B_05,1,
pn b 06 criminal group roles in your town or neighborhood dona t know no answer,P67NPN.B_06 Criminal group roles in your town or neighborhood: Don´t know / No answer,2020,2020,1,2020,P67NPN.B_06,1,
pn countrya s level of inequality,P72NPN Country´s level of inequality,2020,2020,1,2020,P72NPN,1,
pn how often avoided work activities or free time activities for fear of becoming a victim of violent crime,P66NPN How often avoided work activities or free time activities for fear of becoming a victim of violent crime,2020,2020,1,2020,P66NPN,1,
pn37ni a actions that are willing to perform to lower electricity cost between 5 and 9 at night stop using air conditio,PN37NI.A Actions that are willing to perform to lower electricity cost between 5 and 9 at night: Stop using air conditio,2018,2018,1,2018,PN37NI.A,1,
pn37ni b actions that are willing to perform to lower electricity cost between 5 and 9 at night stop using the washing,PN37NI.B Actions that are willing to perform to lower electricity cost between 5 and 9 at night: Stop using the washing,2018,2018,1,2018,PN37NI.B,1,
pn37ni c actions that are willing to perform to lower electricity cost between 5 and 9 at night stop using tv music r,"PN37NI.C Actions that are willing to perform to lower electricity cost between 5 and 9 at night: Stop using TV, music, r",2018,2018,1,2018,PN37NI.C,1,
pn37ni d actions that are willing to perform to lower electricity cost between 5 and 9 at night stop charging devices,PN37NI.D Actions that are willing to perform to lower electricity cost between 5 and 9 at night: Stop charging devices (,2018,2018,1,2018,PN37NI.D,1,
pn37ni e actions that are willing to perform to lower electricity cost between 5 and 9 at night i m not willing to do,PN37NI.E Actions that are willing to perform to lower electricity cost between 5 and 9 at night:  I'm not willing to do,2018,2018,1,2018,PN37NI.E,1,
pn37ni na actions that are willing to perform to lower electricity cost between 5 and 9 at night no aplica no tiene el,"PN37NI.NA Actions that are willing to perform to lower electricity cost between 5 and 9 at night: No aplica, no tiene el",2018,2018,1,2018,PN37NI.NA,1,
pn59n a agreement with phrases about robots robots are a risk for the future of humanity,PN59N.A Agreement with phrases about robots: Robots are a risk for the future of humanity,2018,2018,1,2018,PN59N.A,1,
pn59n b agreement with phrases about robots robots can help teachers in the educational task at school,PN59N.B Agreement with phrases about robots: Robots can help teachers in the educational task at school,2018,2018,1,2018,PN59N.B,1,
pn59n c agreement with phrases about robots robots can help sick or hospitalized children to attend classes virtually,"PN59N.C Agreement with phrases about robots: Robots can help sick or hospitalized children to attend classes ""virtually""",2018,2018,1,2018,PN59N.C,1,
pn59n d agreement with phrases about robots robots can contribute to the development of children,PN59N.D Agreement with phrases about robots: Robots can contribute to the development of children,2018,2018,1,2018,PN59N.D,1,
pn59n e agreement with phrases about robots robots can help doctors improve the treatment of diseases,PN59N.E Agreement with phrases about robots: Robots can help doctors improve the treatment of diseases,2018,2018,1,2018,PN59N.E,1,
pn59n f agreement with phrases about robots i would be comfortable with a robot drawing blood and checking my vital sig,PN59N.F Agreement with phrases about robots: I would be comfortable with a robot drawing blood and checking my vital sig,2018,2018,1,2018,PN59N.F,1,
pn59n g agreement with phrases about robots robots can help in the care of hygiene in your family,PN59N.G Agreement with phrases about robots: Robots can help in the care of hygiene in your family,2018,2018,1,2018,PN59N.G,1,
pn59n h agreement with phrases about robots robots can help speed up legal processes,PN59N.H Agreement with phrases about robots: Robots can help speed up legal processes,2018,2018,1,2018,PN59N.H,1,
pn59n i agreement with phrases about robots i would feel comfortable making a complaint or complaint to a robot,PN59N.I Agreement with phrases about robots: I would feel comfortable making a complaint or complaint to a robot,2018,2018,1,2018,PN59N.I,1,
pn59n j agreement with phrases about robots robots can help football technicians plan tactics,PN59N.J Agreement with phrases about robots: Robots can help football technicians plan tactics,2018,2018,1,2018,PN59N.J,1,
pn59n k agreement with phrases about the robots if the replacement of humans by robots means a lower cost for the compa,PN59N.K Agreement with phrases about the robots: If the replacement of humans by Robots means a lower cost for the compa,2018,2018,1,2018,PN59N.K,1,
pn59n nsnc agreement with phrases about robots ns nc,PN59N.NSNC Agreement with phrases about robots: NS / NC,2018,2018,1,2018,PN59N.NSNC,1,
police are efficient in the fight against crime,Police are efficient in the fight against crime,2000,2000,1,2000,P22N,1,institutional_confidence
police s characteristics don t know,P54N_G Police's characteristics: Don't know,2015,2015,1,2015,P54N_G,1,institutional_confidence
police s characteristics each day more clear,P54N_C Police's characteristics: Each day more clear,2015,2015,1,2015,P54N_C,1,institutional_confidence
police s characteristics each day more efficient,P54N_B Police's characteristics: Each day more efficient,2015,2015,1,2015,P54N_B,1,institutional_confidence
police s characteristics every day more respectful of human rights,P54N_A Police's characteristics: Every day more respectful of Human Rights,2015,2015,1,2015,P54N_A,1,institutional_confidence
police s characteristics has the resources they need,P54N_E Police's characteristics: Has the resources they need,2015,2015,1,2015,P54N_E,1,institutional_confidence
police s characteristics none of the above,P54N_F Police's characteristics: None of the above,2015,2015,1,2015,P54N_F,1,institutional_confidence
police s characteristics well trained,P54N_D Police's characteristics: Well trained,2015,2015,1,2015,P54N_D,1,institutional_confidence
policies to allow family responsibilities to be compatible with work,Policies to allow family responsibilities to be compatible with work,2006,2006,1,2006,p89n,1,
political action take part in authorized demonstrations,P45S.B Political action: Take part in authorized demonstrations,2023,2023,1,2023,P45S.B,1,
political actions done join boicots,Political actions done: Join boicots,2008,2008,1,2008,p82st.d,1,
political parties are necessary,Political parties are necessary,2001,2001,1,2001,p52nusa,1,institutional_confidence
political parties functions defend my interests,Political Parties functions: Defend my interests,2004,2004,1,2004,p31nc,1,institutional_confidence
political parties functions dona t know no answer,Political Parties functions: Don´t know/No answer,2004,2004,1,2004,p31ng,1,institutional_confidence
political parties functions interpret what the people want,Political Parties functions: Interpret what the people want,2004,2004,1,2004,p31nb,1,institutional_confidence
political parties functions listen to what i need to say,Political Parties functions: Listen to what I need to say,2004,2004,1,2004,p31ne,1,institutional_confidence
political parties functions none of these,Political Parties functions: None of these,2004,2004,1,2004,p31nf,1,institutional_confidence
political parties functions propose the best solutions to problems,Political Parties functions: Propose the best solutions to problems,2004,2004,1,2004,p31na,1,institutional_confidence
political parties functions recruit the best candidates for elections,Political Parties functions: Recruit the best candidates for elections,2004,2004,1,2004,p31nd,1,institutional_confidence
political parties help to inform the government,Political parties help to inform the government,2001,2001,1,2001,p52nusb,1,institutional_confidence
political party to which feels closer to,Political party to which feels closer to,2010,2010,1,2010,P32N.A,1,
positive negative recieve inmigrants from countries outside latin america,P37N.A Positive/Negative: Recieve inmigrants from countries outside Latin America,2020,2020,1,2020,P37N.A,1,
positive negative recieve inmigrants from haita,P37N.C Positive/Negative: Recieve inmigrants from Haití,2020,2020,1,2020,P37N.C,1,
positive negative recieve inmigrants from latin america,P37N.B Positive/Negative: Recieve inmigrants from Latin America,2020,2020,1,2020,P37N.B,1,
positive negative recieve inmigrants from venezuela,P37N.D Positive/Negative: Recieve inmigrants from Venezuela,2020,2020,1,2020,P37N.D,1,
possibility set the year 2005 as a target for the free area of americas,Possibility set the year 2005 as a target for the Free Area of Americas,2000,2000,1,2000,P40D,1,
possibility to find a job in the future,Possibility to find a job in the future,1995,1995,1,1995,p16,1,
present country economy scale,Present country economy (Scale),1997,1997,1,1997,nsp11,1,
present scale of accessing to education,Present scale of accessing to education,1997,1997,1,1997,bp16b,1,
present scale of accessing to goods consumers,Present scale of accessing to goods consumers,1997,1997,1,1997,bp16d,1,
present scale of accessing to level of income,Present scale of accessing to level of income,1997,1997,1,1997,bp16e,1,
presentation of a complaint against mistreatment goods and services,Presentation of a complaint against mistreatment (goods and services),2002,2002,1,2002,p21u,1,
presidents to be able to be re elected,Presidents to be able to be re-elected,2011,2011,1,2011,P16ST.B,1,
principal causes of crime in the country dona t know no answer,Principal causes of crime in the country: Don´t know/No answer,2004,2004,1,2004,p52n.10,1,
principal causes of crime in the country drug addiction,Principal causes of crime in the country: Drug addiction,2004,2004,1,2004,p52n.1,1,
principal causes of crime in the country economic situation,Principal causes of crime in the country: Economic situation,2004,2004,1,2004,p52n.2,1,
principal causes of crime in the country failure to enforce laws,Principal causes of crime in the country: Failure to enforce laws,2004,2004,1,2004,p52n.8,1,
principal causes of crime in the country impunity of criminals,Principal causes of crime in the country: Impunity of criminals,2004,2004,1,2004,p52n.7,1,
principal causes of crime in the country poor education,Principal causes of crime in the country: Poor education,2004,2004,1,2004,p52n.3,1,
principal causes of crime in the country poor functioning of judiciary,Principal causes of crime in the country: Poor functioning of judiciary,2004,2004,1,2004,p52n.9,1,institutional_confidence
principal causes of crime in the country scarcity of police,Principal causes of crime in the country: Scarcity of police,2004,2004,1,2004,p52n.5,1,institutional_confidence
principal causes of crime in the country short durations of penalties,Principal causes of crime in the country: Short durations of penalties,2004,2004,1,2004,p52n.6,1,
principal causes of crime in the country social inequalities,Principal causes of crime in the country: Social inequalities,2004,2004,1,2004,p52n.4,1,
private clinics,P15N.K Private Clinics,2020,2020,1,2020,P15N.K,1,
private companies take control of the country,Private companies take control of the country,2004,2004,1,2004,p27ne,1,
private enterprise is beneficial for the country,Private enterprise is beneficial for the country,1998,1998,1,1998,np14f,1,ideology
private sector participation in electricity production and distribution,Private sector participation in: Electricity production and distribution,2006,2006,1,2006,p76n.f,1,
private sector participation in gaz extraction and distribution,Private sector participation in: Gaz extraction and distribution,2006,2006,1,2006,p76n.d,1,
private sector participation in mineral extraction,Private sector participation in: Mineral extraction,2006,2006,1,2006,p76n.c,1,
private sector participation in oil exploitation or refinement,Private sector participation in: Oil exploitation or refinement,2006,2006,1,2006,p76n.e,1,
private sector participation in tourism,Private sector participation in: Tourism,2006,2006,1,2006,p76n.h,1,
private sector participation in water production and distribution,Private sector participation in: Water production and distribution,2006,2006,1,2006,p76n.g,1,
privilege discrimination,Privilege / discrimination,2006,2006,1,2006,p27n,1,
probability that in the next 20 years the following roles are essential for the work of teachers counselor and s,P63N.F Probability that in the next 20 years the following roles are essential for the work of teachers: Counselor and s,2018,2018,1,2018,P63N.F,1,
probability that in the next 20 years the following roles are essential for the work of teachers data analyst,P63N.E Probability that in the next 20 years the following roles are essential for the work of teachers: Data Analyst,2018,2018,1,2018,P63N.E,1,
probability that in the next 20 years the following roles are essential for the work of teachers design of indiv,P63N.A Probability that in the next 20 years the following roles are essential for the work of teachers: Design of indiv,2018,2018,1,2018,P63N.A,1,
probability that in the next 20 years the following roles are essential for the work of teachers digital content,P63N.C Probability that in the next 20 years the following roles are essential for the work of teachers: Digital Content,2018,2018,1,2018,P63N.C,1,
probability that in the next 20 years the following roles are essential for the work of teachers specialist in p,P63N.D Probability that in the next 20 years the following roles are essential for the work of teachers: Specialist in p,2018,2018,1,2018,P63N.D,1,
probability that in the next 20 years the following roles are essential for the work of teachers writing and dev,P63N.G Probability that in the next 20 years the following roles are essential for the work of teachers: Writing and dev,2018,2018,1,2018,P63N.G,1,
probability that in the next 20 years the following roles are essential for the work of the teachers mentor of t,P63N.B Probability that in the next 20 years the following roles are essential for the work of the teachers: Mentor of t,2018,2018,1,2018,P63N.B,1,
problems of life in general i can do something about most problems,Problems of life in general: I can do something about most problems,2007,2007,1,2007,p80nc,1,
problems of life in general i frequently feel lonely,Problems of life in general: I frequently feel lonely,2007,2007,1,2007,p80nd,1,
problems of life in general in general my life is what i think it has to be,"Problems of life in general: In general, my life is what  I think it has to be",2007,2007,1,2007,p80na,1,
problems of life in general life is so complicated that sometimes i feel ia tm not going to make it,Problems of life in general: Life is so complicated that  sometimes I feel I’m not  going to make it,2007,2007,1,2007,p80ng,1,
problems of life in general sometimes i feel that ia tm a failure,Problems of life in general: Sometimes I feel that I’m a  failure,2007,2007,1,2007,p80nb,1,
problems of life in general to be successful connections are more important than effort at work,"Problems of life in general: To be successful,  connections are more important  than effort at work",2007,2007,1,2007,p80nf,1,meritocracy
problems of life in general to progress you sometimes have to do things that are not correct,"Problems of life in general: To progress, you sometimes   have to do things that are  not correct",2007,2007,1,2007,p80ne,1,
progress on reducing corruption in state institutions 1 year,Progress on reducing corruption in state institutions (1 year),2003,2003,1,2003,p77n,1,corruption; institutional_confidence
proportion of people being discriminated by race,Proportion of people being discriminated by race,2011,2011,1,2011,P64N.B,1,
protest without authorization,Protest without authorization,2007,2007,1,2007,p62n.c,1,
proud of equal treatment in my country,Proud of equal treatment in my country,2007,2007,1,2007,p29n.e,1,
public expenditure spend more or less in infrastructure,Public Expenditure: Spend more or less in infrastructure,1998,1998,1,1998,np13a,1,
public expenditure spend more or less on defense and armed forces,Public Expenditure: Spend more or less on defense and Armed Forces,1998,1998,1,1998,np13e,1,institutional_confidence
public expenditure spend more or less on education,Public Expenditure: Spend more or less on education,1998,1998,1,1998,np13d,1,
public expenditure spend more or less on health,Public Expenditure :Spend more or less on health,1998,1998,1,1998,np13b,1,
public expenditure spend more or less on pensions,Public Expenditure: Spend more or less on pensions,1998,1998,1,1998,np13g,1,
public expenditure spend more or less on public security,Public Expenditure: Spend more or less on public security,1998,1998,1,1998,np13c,1,
public expenditure spend more or less on unemployment insurance,Public Expenditure: Spend more or less on unemployment insurance,1998,1998,1,1998,np13f,1,
public hospitals,P15N.J Public Hospitals,2020,2020,1,2020,P15N.J,1,
public policies improve life conditions,Public Policies improve life conditions,2010,2010,1,2010,P28N,1,
q problem of drug trafficking more resources others with treatments only uy,P70NQ Problem of drug trafficking - more resources: Others-with treatments (only UY),2013,2013,1,2013,P70NQ,1,
quality media information,Quality Media Information,2004,2004,1,2004,p80n,1,
quantity of opportunities for your children to improve their standard of living,Quantity of opportunities for your children to improve their standard of living,1996,1996,1,1996,p77,1,
quantity of opportunities to improve life compared to your parents,Quantity of opportunities to improve life compared to your parents,1996,1996,1,1996,p76,1,
questioning the leaders authority,Questioning the leaders /authority,2006,2006,1,2006,p28nf,1,
r focus on neighborhoods with high crime rate vs encompass all the neighborhoods of the city equally,P76NR Focus on neighborhoods with high crime rate vs Encompass all the neighborhoods of the city equally.,2017,2017,1,2017,P76NR,1,
r give resources to the police for them to fight crime vs give the resources to people so that everyone can fight cr,P74NR Give resources to the police for them to fight crime vs give the resources to people so that everyone can fight cr,2017,2017,1,2017,P74NR,1,institutional_confidence
r hiring more cops vs improve the quality of the police with more training and better salaries,"P75NR Hiring more cops vs Improve the quality of the police, with more training and better salaries",2017,2017,1,2017,P75NR,1,institutional_confidence
r problem of drug trafficking more resources others involve the armed forces only uy,P70NR Problem of drug trafficking - more resources: Others-involve the armed forces (only UY),2013,2013,1,2013,P70NR,1,institutional_confidence
r reduce immediately 10 crimes of every 100 vs reduce 20 crimes of every 100 within 2 years,P72NR Reduce immediately 10 crimes of every 100 vs reduce 20 crimes of every 100 within 2 years,2017,2017,1,2017,P72NR,1,
r reduce immediately 10 crimes of every 100 vs reduce 30 crimes of every 100 within 2 years,P73NR Reduce immediately 10 crimes of every 100 vs reduce 30 crimes of every 100 within 2 years,2017,2017,1,2017,P73NR,1,
radio performance of its social responsibility,Radio performance of its social responsibility,2003,2003,1,2003,p36nc,1,
rating of leaders alberto fernandez,P76N.3 Rating of leaders: Alberto Fernandez,2020,2020,1,2020,P76N.3,1,
rating of leaders andracs manuel lopez obrador,P76N.11 Rating of leaders: Andrés Manuel Lopez Obrador,2020,2020,1,2020,P76N.11,1,
rating of leaders cristina ferna ndez de kirchner,Rating of leaders:Cristina Fernández de Kirchner,2011,2011,1,2011,P54ST.8,1,
rating of leaders dilma roussef,Rating of leaders: Dilma Roussef,2011,2011,1,2011,P54ST.4,1,
rating of leaders donald trump,P76N.10 Rating of leaders: Donald Trump,2020,2020,1,2020,P76N.10,1,
rating of leaders iva n duque,P76N.1 Rating of leaders: Iván Duque,2020,2020,1,2020,P76N.1,1,
rating of leaders jair bolsonaro,P76N.4 Rating of leaders: Jair Bolsonaro,2020,2020,1,2020,P76N.4,1,
rating of leaders juan guaida3,P76N.13 Rating of leaders: Juan Guaidó,2020,2020,1,2020,P76N.13,1,
rating of leaders lenin moreno,P76N.9 Rating of leaders: Lenin Moreno,2020,2020,1,2020,P76N.9,1,
rating of leaders ollanta humala,Rating of leaders: Ollanta Humala,2011,2011,1,2011,P54ST.9,1,
rating of leaders oscar arias,Rating of leaders: Oscar Arias,2009,2009,1,2009,p92st.17,1,
rating of leaders xi jingping,P76N.8 Rating of leaders: Xi Jingping,2020,2020,1,2020,P76N.8,1,
rating of the economic relations between the country and china,P25N.C Rating of the economic relations between the country and China,2023,2023,1,2023,P25N.C,1,
rating of the economic relations between the country and the rusia,P25N.B Rating of the economic relations between the country and the Rusia,2023,2023,1,2023,P25N.B,1,
rating of the economic relations between the country and the united states,P25N.A Rating of the economic relations between the country and the United States,2023,2023,1,2023,P25N.A,1,
re election of presidents,Re-election of Presidents,2010,2010,1,2010,P14N.H,1,
reason to live in another country,Reason to live in another country,1996,1996,1,1996,p61a,1,
reasons because people admire usa 1st mention,Reasons because people admire USA (1st mention),2007,2007,1,2007,p37ia.a,1,
reasons because people admire usa 2nd mention,Reasons because people admire USA (2nd mention),2007,2007,1,2007,p37ia.b,1,
reasons for contacting public institutions dona t know no answer,Reasons for contacting public institutions: Don´t know / No answer,2002,2002,1,2002,P12U_6,1,institutional_confidence
reasons for contacting public institutions have not turn to,Reasons for contacting public institutions: Have not turn to,2002,2002,1,2002,P12U_4,1,institutional_confidence
reasons for contacting public institutions make a complain,Reasons for contacting public institutions: Make a complain,2002,2002,1,2002,P12U_3,1,institutional_confidence
reasons for contacting public institutions other,Reasons for contacting public institutions: Other,2002,2002,1,2002,P12U_5,1,institutional_confidence
reasons for contacting public institutions request information,Reasons for contacting public institutions: Request information,2002,2002,1,2002,P12U_2,1,institutional_confidence
reasons for contacting public institutions start a procedure,Reasons for contacting public institutions: Start a procedure,2002,2002,1,2002,P12U_1,1,institutional_confidence
reasons not to pay all the taxes because those that evade taxes go unpunished,Reasons not to pay all the taxes: Because those that evade taxes go unpunished,1998,1998,1,1998,np69e,1,tax_tolerance
reasons not to pay all the taxes because those who have the most dona t pay,Reasons not to pay all the taxes: Because those who have the most don´t pay,2004,2004,1,2004,p50ste,1,tax_tolerance
reasons to complaint air polution or noise,Reasons to complaint: air polution or noise.,2007,2007,1,2007,p82nb,1,
reasons to complaint trash,Reasons to complaint: Trash,2007,2007,1,2007,p82na,1,
reasons why politicians do not keep their electoral promises,Reasons why politicians do not keep their electoral promises,2002,2002,1,2002,p25u,1,
reasons why you could not file a claim or complete the process did not have money to pay procedures or lawyer,Reasons why you could not file a claim or complete the process: Did not have money to pay procedures or lawyer,2002,2002,1,2002,P16U_1,1,
reasons why you could not file a claim or complete the process did not know how to make the demand,Reasons why you could not file a claim or complete the process: Did not know how to make the demand,2002,2002,1,2002,P16U_5,1,
reasons why you could not file a claim or complete the process do not trust i would be treated fairly,Reasons why you could not file a claim or complete the process: Do not trust I would be treated fairly,2002,2002,1,2002,P16U_4,1,
reasons why you could not file a claim or complete the process dona t know no answer,Reasons why you could not file a claim or complete the process: Don´t know / No answer,2002,2002,1,2002,P16U_9,1,
reasons why you could not file a claim or complete the process none of the above,Reasons why you could not file a claim or complete the process: None of the above,2002,2002,1,2002,P16U_7,1,
reasons why you could not file a claim or complete the process not applicable,Reasons why you could not file a claim or complete the process: Not applicable,2002,2002,1,2002,P16U_8,1,
reasons why you could not file a claim or complete the process the court was too far from home,Reasons why you could not file a claim or complete the process: The court was too far from home,2002,2002,1,2002,P16U_3,1,
reasons why you could not file a claim or complete the process the process took too much time,Reasons why you could not file a claim or complete the process: The process took too much time,2002,2002,1,2002,P16U_2,1,
reasons why you could not file a claim or complete the process thought it was better to reach an agreement first,Reasons why you could not file a claim or complete the process: Thought it was better to reach an agreement first,2002,2002,1,2002,P16U_6,1,
reasons why you did not vote in presidential elections,Reasons why you did not vote in presidential elections,2002,2002,1,2002,p2u,1,
reedad age,REEDAD Age,2018,2018,1,2018,REEDAD,1,
reedad age of respondent,REEDAD Age of respondent,2013,2013,1,2013,REEDAD,1,
reeduc 1 education interviewed,REEDUC.1 Education interviewed,2018,2018,1,2018,REEDUC.1,1,
reeduc 1 respondent education,REEDUC_1 Respondent Education,2013,2013,1,2013,REEDUC_1,1,
reeduc 1 respondent education recoded,REEDUC.1 Respondent Education (recoded),2020,2020,1,2020,REEDUC.1,1,
reeduc 1 summary respondent s education,REEDUC_1 Summary Respondent's Education,2015,2015,1,2015,REEDUC_1,1,
reeduc 2 parent education,REEDUC.2 Parent education,2018,2018,1,2018,REEDUC.2,1,
reeduc 2 parents education,REEDUC_2 Parents Education,2013,2013,1,2013,REEDUC_2,1,
reeduc 2 parents education recoded,REEDUC.2 Parents Education  (recoded),2020,2020,1,2020,REEDUC.2,1,
reeduc 2 reeduc 2,REEDUC.2 REEDUC 2,2023,2023,1,2023,REEDUC.2,1,
reeduc 2 summary parents s education,REEDUC_2 Summary Parents's Education,2015,2015,1,2015,REEDUC_2,1,
reeduc 3 chief income earner education,REEDUC_3 Chief Income Earner Education,2013,2013,1,2013,REEDUC_3,1,
reeduc 3 education recoded s21b,REEDUC.3 EDUCATION RECODED S21B,2023,2023,1,2023,REEDUC.3,1,
reeduc 3 summary chief income earner s education,REEDUC_3 Summary Chief Income Earner's Education,2015,2015,1,2015,REEDUC_3,1,
reeeduc 1 reeduc 1,REEEDUC.1 REEDUC 1,2023,2023,1,2023,REEEDUC.1,1,
reg region province,REG Region / Province,2023,2023,1,2023,REG,1,
regardless of the educational system of country and primary and secondary education,"Regardless of the educational system of (country), And primary and secondary education?",2011,2011,1,2011,P30NE.B,1,
regardless of the educational system of country who do you think should pay for pre school education,"Regardless of the educational system of (country), who do you think should pay for pre-school education?",2011,2011,1,2011,P30NE.A,1,
regardless of the educational system of country who do you think should pay for university education,"Regardless of the educational system of (country), who do you think should pay for university education?",2011,2011,1,2011,P30NE.C,1,
relation with parties and the vote,Relation with parties and the vote,2002,2002,1,2002,p6u,1,
relations between country and venezuela,Relations between country and Venezuela,2010,2010,1,2010,P42NIA.D,1,
relations between spain and latin america,Relations between Spain and Latin America,2004,2004,1,2004,p67b,1,
relations with others latin american countries,Relations with others Latin American countries,2007,2007,1,2007,p32ncd,1,
relationship of country with us in last two years,Relationship of (country) with US in last two years,2005,2005,1,2005,p61st,1,
relationship of country with us in last year,Relationship of (country) with US in last year,2003,2003,1,2003,p47ia03,1,
respect of labor laws in dismissal notice compensation,"Respect of labor laws in dismissal, notice, compensation",2006,2006,1,2006,p82n.c,1,
respect of labor laws in length of working day and overtime hours,Respect of labor laws in length of working day and overtime hours,2006,2006,1,2006,p82n.d,1,
respect of labor laws in payment of minimum wage,Respect of labor laws in payment of minimum wage,2006,2006,1,2006,p82n.a,1,
respect of labor laws in signing the labor contract at begining of a new work,Respect of labor laws in signing the labor contract at begining of a new work,2006,2006,1,2006,p82n.b,1,
respect of legality,Respect of Legality,2006,2006,1,2006,p29nf,1,
respect territorial limits,Respect territorial limits,2008,2008,1,2008,p57n.b,1,
respecting their rights a poor,Respecting their rights: A poor,2002,2002,1,2002,p24ud,1,
respecting their rights a woman,Respecting their rights: A woman,2002,2002,1,2002,p24ub,1,
respecting their rights an indigenous,Respecting their rights: An indigenous,2002,2002,1,2002,p24uc,1,
respecting their rights an inmigrant,Respecting their rights: An inmigrant,2002,2002,1,2002,p24ue,1,
respondent education,Respondent Education,2011,2011,1,2011,REEDUC1,1,
respondent education summary,Respondent Education Summary,2010,2010,1,2010,REEDUC1,1,
respondent education summary parents,Respondent Education Summary Parents,2010,2010,1,2010,REEDUC2,1,
retake studies,Retake studies,1995,1995,1,1995,s8,1,
richest european country,Richest European country,2004,2004,1,2004,p75el.a,1,
rinsing prices,rinsing prices,2011,2011,1,2011,S1NICC7,1,
s problem of drug trafficking more resources others none only uy,P70NS Problem of drug trafficking - more resources: Others-None (only UY),2013,2013,1,2013,P70NS,1,
s1 rise in prices of things in the coming year,S1 Rise in prices of things in the coming year,2013,2013,1,2013,S1,1,
s1 what is your religion,S1 What is your religion?,2023,2023,1,2023,S1,1,
s10 at what age did you finish your full time education,S10 At what age did you finish your full-time education?,2023,2023,1,2023,S10,1,
s10 ethnicity or race with which you identify better,S10 Ethnicity or race with which you identify better,2017,2017,1,2017,S10,1,
s10 have you and your family seriously considered living abroad,S10 Have you and your family seriously considered living abroad?,2016,2016,1,2016,S10,1,
s10 religion,S10 Religion,2020,2020,1,2020,S10,1,
s10 respondent years type of education,S10 Respondent Years/Type of education,2018,2018,1,2018,S10,1,
s10 sex,S10 Sex,2013,2013,1,2013,S10,1,
s10m a social networking services facebook,S10M_A Social networking services:  Facebook,2015,2015,1,2015,S10M_A,1,
s10m b social networking services myspace,S10M_B Social networking services: Myspace,2015,2015,1,2015,S10M_B,1,
s10m c social networking services youtube,S10M_C Social networking services: Youtube,2015,2015,1,2015,S10M_C,1,
s10m d social networking services google,S10M_D Social networking services: Google+,2015,2015,1,2015,S10M_D,1,
s10m e social networking services twitter,S10M_E Social networking services: Twitter,2015,2015,1,2015,S10M_E,1,
s10m f social networking services hi5,S10M_F Social networking services: Hi5,2015,2015,1,2015,S10M_F,1,
s10m g social networking services instagram,S10M_G Social networking services: Instagram,2015,2015,1,2015,S10M_G,1,
s10m h social networking services sonico,S10M_H Social networking services: Sonico,2015,2015,1,2015,S10M_H,1,
s10m i social networking services linkedin,S10M_I Social networking services: Linkedin,2015,2015,1,2015,S10M_I,1,
s10m j social networking services other,S10M_J Social networking services: Other,2015,2015,1,2015,S10M_J,1,
s10m k social networking services do not use,S10M_K Social networking services: Do not use,2015,2015,1,2015,S10M_K,1,
s10m l social networking services not applicable,S10M_L Social networking services: Not applicable,2015,2015,1,2015,S10M_L,1,
s10m m social networking services no answer,S10M_M Social networking services: No answer,2015,2015,1,2015,S10M_M,1,
s11 a religious commitment,S11.A Religious commitment,2020,2020,1,2020,S11.A,1,
s11 have you and your family seriously considered living abroad,S11 Have you and your family seriously considered living abroad?,2017,2017,1,2017,S11,1,
s11 main household income head of household,S11 Main household income - Head of household,2016,2016,1,2016,S11,1,
s11 marital status,S11 Marital Status,2015,2015,1,2015,S11,1,
s11 parents years type of education,S11 Parents Years/Type of education,2018,2018,1,2018,S11,1,
s11 respondenta s age,S11 Respondent´s age,2013,2013,1,2013,S11,1,
s11 what level of education do you have what was the last year you completed what sort of technical school what sort of institute etc,"S11 What level of education do you have? What was the last year you completed? What sort of technical school, what sort of institute, etc.?",2023,2023,1,2023,S11,1,
s12 age respondent finished education,S12 Age respondent finished education,2016,2016,1,2016,S12,1,
s12 main household income head of household,S12 Main household income - Head of household,2017,2017,1,2017,S12,1,
s12 nationality,S12 Nationality,2013,2013,1,2013,S12,1,
s12 respondent s sex,S12 Respondent's sex,2015,2015,1,2015,S12,1,
s12 what ethnicity or race you identify best with,S12 What ethnicity or race you identify best with?,2020,2020,1,2020,S12,1,
s12 what level of education did your parents receive what studies did they undertake what sort of technical school what sort of institute etc,"S12 What level of education did your parents receive? What studies did they undertake? What sort of technical school, what sort of institute, etc.?",2023,2023,1,2023,S12,1,
s12m a social networking services facebook,S12M.A Social networking services: Facebook,2018,2018,1,2018,S12M.A,1,
s12m b social networking services snapchat,S12M.B Social networking services: Snapchat,2018,2018,1,2018,S12M.B,1,
s12m c social networking services youtube,S12M.C Social networking services: Youtube,2018,2018,1,2018,S12M.C,1,
s12m d social networking services twitter,S12M.D Social networking services: Twitter,2018,2018,1,2018,S12M.D,1,
s12m e social networking services whatsapp,S12M.E Social networking services: Whatsapp,2018,2018,1,2018,S12M.E,1,
s12m f social networking services instagram,S12M.F Social networking services: Instagram,2018,2018,1,2018,S12M.F,1,
s12m g social networking services tumblr,S12M.G Social networking services: Tumblr,2018,2018,1,2018,S12M.G,1,
s12m h social networking services linkedin,S12M.H Social networking services: Linkedin,2018,2018,1,2018,S12M.H,1,
s12m i social networking services other,S12M.I Social networking services: Other,2018,2018,1,2018,S12M.I,1,
s12m j social networking services does not use,S12M.J Social networking services: Does not use,2018,2018,1,2018,S12M.J,1,
s12m k social networking services no answer,S12M.K Social networking services: No answer,2018,2018,1,2018,S12M.K,1,
s13 age respondent finished education,S13 Age respondent finished education,2017,2017,1,2017,S13,1,
s13 have you and your family ever consider going to live abroad,S13 Have you and your family ever consider going to live abroad?,2020,2020,1,2020,S13,1,
s13 have you and your family seriously considered living abroad,S13 Have you and your family seriously considered living abroad?,2013,2013,1,2013,S13,1,
s13 respondent s age,S13 Respondent's age,2015,2015,1,2015,S13,1,
s13 respondent years type of education,S13 Respondent Years/Type of education,2016,2016,1,2016,S13,1,
s13a what is your mother tongue,S13A What is your mother tongue?,2018,2018,1,2018,S13A,1,
s13b interview language,S13B Interview language,2018,2018,1,2018,S13B,1,
s13c have you ever traveled abroad in your life,S13C Have you ever traveled abroad in your life?,2018,2018,1,2018,S13C,1,
s13inn a 1 in the last 12 months have you bought some product service through e commerce internet,"S13INN.A.1 In the last 12 months, have you bought some product/service through e-commerce/Internet",2023,2023,1,2023,S13INN.A.1,1,
s13inn a 2 in the last 12 months have you bought some product service through e commerce internet,"S13INN.A.2 In the last 12 months, have you bought some product/service through e-commerce/Internet",2023,2023,1,2023,S13INN.A.2,1,
s13inn a 3 in the last 12 months have you bought some product service through e commerce internet,"S13INN.A.3 In the last 12 months, have you bought some product/service through e-commerce/Internet",2023,2023,1,2023,S13INN.A.3,1,
s13inn a a compra3 algaon producto servicio a travacs de comercio electra3nico internet sa a un local nacional,"S13INN.A.A Compró algún producto/servicio a través de comercio electrónico /Internet: Sí, a un local nacional",2023,2023,1,2023,S13INN.A.A,1,
s13inn a b compra3 algaon producto servicio a travacs de comercio electra3nico internet si a un local de otro paa s,"S13INN.A.B Compró algún producto/servicio a través de comercio electrónico /Internet: Si, a un local de otro país",2023,2023,1,2023,S13INN.A.B,1,
s13inn a c compra3 algaon producto servicio a travacs de comercio electra3nico internet si no sac si era local nacional o extranjero,"S13INN.A.C Compró algún producto/servicio a través de comercio electrónico /Internet: Si, no sé si era local nacional o extranjero",2023,2023,1,2023,S13INN.A.C,1,
s13inn a d compra3 algaon producto servicio a travacs de comercio electra3nico internet no,S13INN.A.D Compró algún producto/servicio a través de comercio electrónico /Internet: No,2023,2023,1,2023,S13INN.A.D,1,
s14 a religious practice,S14.A Religious practice,2013,2013,1,2013,S14.A,1,
s14 if respondent chief income earner,S14 If respondent Chief Income Earner,2020,2020,1,2020,S14,1,
s14 nationality,S14 Nationality,2015,2015,1,2015,S14,1,
s14 parents years type of education,S14 Parents Years/Type of education,2016,2016,1,2016,S14,1,
s14 religious denomination,S14 Religious denomination,2013,2013,1,2013,S14,1,
s14 respondent years type of education,S14 Respondent Years/Type of education,2017,2017,1,2017,S14,1,
s14a a cua l es su situacia3n ocupacional actual,S14A ¿Cuál es su situación ocupacional actual?,2018,2018,1,2018,S14A,1,
s14b what was your occupational situation before,S14B What was your occupational situation before?,2018,2018,1,2018,S14B,1,
s14m a social media services you use facebook,S14M.A Social media services you use: Facebook,2023,2023,1,2023,S14M.A,1,
s14m b social media services you use snapchat,S14M.B Social media services you use:: Snapchat,2023,2023,1,2023,S14M.B,1,
s14m c social media services you use youtube,S14M.C Social media services you use: Youtube,2023,2023,1,2023,S14M.C,1,
s14m d social media services you use twitter,S14M.D Social media services you use: Twitter,2023,2023,1,2023,S14M.D,1,
s14m e social media services you use whatsapp,S14M.E Social media services you use: Whatsapp,2023,2023,1,2023,S14M.E,1,
s14m f social media services you use instagram,S14M.F Social media services you use: Instagram,2023,2023,1,2023,S14M.F,1,
s14m g social media services you use tik tok,S14M.G Social media services you use: Tik Tok,2023,2023,1,2023,S14M.G,1,
s14m h social media services you use linkedin,S14M.H Social media services you use: LinkedIn,2023,2023,1,2023,S14M.H,1,
s14m i social media services you use other,S14M.I Social media services you use: Other,2023,2023,1,2023,S14M.I,1,
s14m j servicios de redes sociales que usa does not use,S14M.J Servicios de redes sociales que usa: Does not use,2023,2023,1,2023,S14M.J,1,
s15 a what is your native language,S15.A What is your native language?,2023,2023,1,2023,S15.A,1,
s15 at what age did you finish your education full time education,S15 At what age did you finish your education (full-time education)?,2020,2020,1,2020,S15,1,
s15 b language in which the questionnaire was applied,S15.B Language in which the questionnaire was applied,2023,2023,1,2023,S15.B,1,
s15 chief income earner,S15 Chief Income Earner,2013,2013,1,2013,S15,1,
s15 have you and your family seriously considered living abroad,S15 Have you and your family seriously considered living abroad?,2015,2015,1,2015,S15,1,
s15 parents years type of education,S15 Parents Years/Type of education,2017,2017,1,2017,S15,1,
s15 what kind of work do you do,S15 What kind of work do you do?,2018,2018,1,2018,S15,1,
s15m a social networking services facebook,S15M_A Social networking services: Facebook,2016,2016,1,2016,S15M_A,1,
s15m b social networking services snapchat,S15M_B Social networking services: Snapchat,2016,2016,1,2016,S15M_B,1,
s15m c social networking services youtube,S15M_C Social networking services: Youtube,2016,2016,1,2016,S15M_C,1,
s15m d social networking services twitter,S15M_D Social networking services: Twitter,2016,2016,1,2016,S15M_D,1,
s15m e social networking services whatsapp,S15M_E Social networking services: Whatsapp,2016,2016,1,2016,S15M_E,1,
s15m f social networking services instagram,S15M_F Social networking services: Instagram,2016,2016,1,2016,S15M_F,1,
s15m g social networking services tumblr,S15M_G Social networking services: Tumblr,2016,2016,1,2016,S15M_G,1,
s15m h social networking services linkedin,S15M_H Social networking services: Linkedin,2016,2016,1,2016,S15M_H,1,
s15m i social networking services other,S15M_I Social networking services: Other,2016,2016,1,2016,S15M_I,1,
s15m j social networking services don t use,S15M_J Social networking services: Don't use,2016,2016,1,2016,S15M_J,1,
s15m k social networking services no answer,S15M_K Social networking services: No answer,2016,2016,1,2016,S15M_K,1,
s16 a religious practice,S16.A Religious practice,2015,2015,1,2015,S16.A,1,
s16 age respondent finished education,S16 Age respondent finished education,2013,2013,1,2013,S16,1,
s16 are you a citizen nationality,S16 Are you a citizen (NATIONALITY)?,2018,2018,1,2018,S16,1,
s16 are you a citizen of country,S16 Are you a citizen of (country) ?,2023,2023,1,2023,S16,1,
s16 religious denomination,S16 Religious denomination,2015,2015,1,2015,S16,1,
s16 respondenta s level of education,S16 Respondent´s level of education,2020,2020,1,2020,S16,1,
s16a goods an apartment or house in which the parents have a different room from the children,S16A Goods: An apartment or house in which the parents have a different room from the children,2016,2016,1,2016,S16A,1,
s16b goods own home,S16B Goods: Own home,2016,2016,1,2016,S16B,1,
s16c goods computer,S16C Goods: Computer,2016,2016,1,2016,S16C,1,
s16e goods washing machine,S16E Goods: Washing machine,2016,2016,1,2016,S16E,1,
s16f goods telephone,S16F Goods: Telephone,2016,2016,1,2016,S16F,1,
s16g goods mobile telephone,S16G Goods: Mobile telephone,2016,2016,1,2016,S16G,1,
s16i goods car,S16I Goods: Car,2016,2016,1,2016,S16I,1,
s16j goods hot water,S16J Goods: Hot water,2016,2016,1,2016,S16J,1,
s16k goods sewage system,S16K Goods: Sewage system,2016,2016,1,2016,S16K,1,
s16l goods an average of one hot cooked meal per day,S16L Goods: An average of one hot  cooked meal per day,2016,2016,1,2016,S16L,1,
s16m a social networking services facebook,S16M_A Social networking services: Facebook,2017,2017,1,2017,S16M_A,1,
s16m b social networking services snapchat,S16M_B Social networking services: Snapchat,2017,2017,1,2017,S16M_B,1,
s16m c social networking services youtube,S16M_C Social networking services: Youtube,2017,2017,1,2017,S16M_C,1,
s16m d social networking services twitter,S16M_D Social networking services: Twitter,2017,2017,1,2017,S16M_D,1,
s16m e social networking services whatsapp,S16M_E Social networking services: Whatsapp,2017,2017,1,2017,S16M_E,1,
s16m f social networking services instagram,S16M_F Social networking services: Instagram,2017,2017,1,2017,S16M_F,1,
s16m g social networking services tumblr,S16M_G Social networking services: Tumblr,2017,2017,1,2017,S16M_G,1,
s16m goods drinking water,S16M Goods: Drinking water,2016,2016,1,2016,S16M,1,
s16m h social networking services linkedin,S16M_H Social networking services: Linkedin,2017,2017,1,2017,S16M_H,1,
s16m i social networking services other,S16M_I Social networking services: Other,2017,2017,1,2017,S16M_I,1,
s16m j social networking services does not use,S16M_J Social networking services: Does not use,2017,2017,1,2017,S16M_J,1,
s16m k social networking services no answer,S16M_K Social networking services: No answer,2017,2017,1,2017,S16M_K,1,
s16n goods smartphone,S16N Goods: Smartphone,2016,2016,1,2016,S16N,1,
s17 a goods an apartment or house in which the parents have a different room from the children,S17.A Goods: An apartment or house in which the parents have a different room from the children,2017,2017,1,2017,S17.A,1,
s17 b goods own home,S17.B Goods: Own home,2017,2017,1,2017,S17.B,1,
s17 c goods computer,S17.C Goods: Computer,2017,2017,1,2017,S17.C,1,
s17 chief income earner,S17 Chief Income Earner,2015,2015,1,2015,S17,1,
s17 date of birth,S17 Date of birth,2023,2023,1,2023,S17,1,
s17 e goods washing machine,S17.E Goods: Washing machine,2017,2017,1,2017,S17.E,1,
s17 f goods telephone,S17.F Goods: Telephone,2017,2017,1,2017,S17.F,1,
s17 g goods mobile telephone,S17.G Goods: Mobile telephone,2017,2017,1,2017,S17.G,1,
s17 i goods car,S17.I Goods: Car,2017,2017,1,2017,S17.I,1,
s17 j goods hot water,S17.J Goods: Hot water,2017,2017,1,2017,S17.J,1,
s17 k goods sewage system,S17.K Goods: Sewage system,2017,2017,1,2017,S17.K,1,
s17 l goods an average of one hot cooked meal per day,S17.L Goods: An average of one hot  cooked meal per day,2017,2017,1,2017,S17.L,1,
s17 m goods drinking water,S17.M Goods: Drinking water,2017,2017,1,2017,S17.M,1,
s17 n goods smartphone,S17.N Goods: Smartphone,2017,2017,1,2017,S17.N,1,
s17 parentsa level of education,S17 Parents´ level of education,2020,2020,1,2020,S17,1,
s17 respondent years type of education,S17 Respondent Years/Type of education,2013,2013,1,2013,S17,1,
s17a what is your mother tongue,S17A What is your mother tongue?,2016,2016,1,2016,S17A,1,
s17b interview language,S17B Interview language,2016,2016,1,2016,S17B,1,
s17d main activity in company or business in which you do your work or worked in last job,S17D Main activity in company or business in which you do your work (or worked in last job)?,2018,2018,1,2018,S17D,1,
s18 a current employment situation,S18.A Current employment situation,2017,2017,1,2017,S18.A,1,
s18 a what is your current employment situation,S18.A What is your current employment situation?,2023,2023,1,2023,S18.A,1,
s18 age respondent finished education,S18 Age respondent finished education,2015,2015,1,2015,S18,1,
s18 at what age was your education completed by the head of the family full time education,S18 At what age was your education completed by the head of the family (full-time education)?,2018,2018,1,2018,S18,1,
s18 b respondent last kind of work,S18.B Respondent last kind of work,2017,2017,1,2017,S18.B,1,
s18 b what was your previous employment situation,S18.B What was your previous employment situation?,2023,2023,1,2023,S18.B,1,
s18 parents years type of education,S18 Parents Years/Type of education,2013,2013,1,2013,S18,1,
s18a current employment situation,S18A Current employment situation,2016,2016,1,2016,S18A,1,
s18b respondent last kind of work,S18B Respondent last kind of work,2016,2016,1,2016,S18B,1,
s18mn a products services bought via e commerce internet,S18MN.A Products/ services bought via e commerce/ internet,2020,2020,1,2020,S18MN.A,1,
s18n b 01 apps used uber,S18N.B_01 Apps used: Uber,2020,2020,1,2020,S18N.B_01,1,
s18n b 02 apps used airbnb,S18N.B_02 Apps used: Airbnb,2020,2020,1,2020,S18N.B_02,1,
s18n b 03 apps used zoom,S18N.B_03 Apps used: Zoom,2020,2020,1,2020,S18N.B_03,1,
s18n b 04 apps used skype,S18N.B_04 Apps used: Skype,2020,2020,1,2020,S18N.B_04,1,
s18n b 05 apps used teams,S18N.B_05 Apps used: Teams,2020,2020,1,2020,S18N.B_05,1,
s18n b 06 apps used mercado libre,S18N.B_06 Apps used: Mercado Libre,2020,2020,1,2020,S18N.B_06,1,
s18n b 07 apps used aliexpress,S18N.B_07 Apps used: Aliexpress,2020,2020,1,2020,S18N.B_07,1,
s18n b 08 apps used cabify,S18N.B_08 Apps used: Cabify,2020,2020,1,2020,S18N.B_08,1,
s18n b 09 apps used google hangout,S18N.B_09 Apps used: Google Hangout,2020,2020,1,2020,S18N.B_09,1,
s18n b 10 apps used amazon,S18N.B_10 Apps used: Amazon,2020,2020,1,2020,S18N.B_10,1,
s18n b 11 apps used didi,S18N.B_11 Apps used: Didi,2020,2020,1,2020,S18N.B_11,1,
s18n b 12 apps used entrega de comida a domicilio,S18N.B_12 Apps used: Entrega de comida a domicilio,2020,2020,1,2020,S18N.B_12,1,
s18n b 13 apps used 99 taxi,S18N.B_13 Apps used: 99 Taxi,2020,2020,1,2020,S18N.B_13,1,tax_tolerance
s18n b 14 apps used in driver,S18N.B_14 Apps used: In Driver,2020,2020,1,2020,S18N.B_14,1,
s18n b 15 apps used ryte,S18N.B_15 Apps used: Ryte,2020,2020,1,2020,S18N.B_15,1,
s18n b 16 apps used uber eats,S18N.B_16 Apps used: Uber Eats,2020,2020,1,2020,S18N.B_16,1,
s18n b 17 apps used glovo,S18N.B_17 Apps used: Glovo,2020,2020,1,2020,S18N.B_17,1,
s18n b 18 apps used rapid,S18N.B_18 Apps used: Rapid,2020,2020,1,2020,S18N.B_18,1,
s18n b 19 apps used other,S18N.B_19 Apps used: Other,2020,2020,1,2020,S18N.B_19,1,
s18n b 20 apps used none used,S18N.B_20 Apps used: None used,2020,2020,1,2020,S18N.B_20,1,
s18n b 21 apps used dona t know no answer,S18N.B_21 Apps used: Don´t know / No answer,2020,2020,1,2020,S18N.B_21,1,
s19 a respondenta s employment situation,S19.A Respondent´s employment situation,2013,2013,1,2013,S19.A,1,
s19 b respondent last kind of work,S19.B Respondent last kind of work,2013,2013,1,2013,S19.B,1,
s19 respondent years type of education,S19 Respondent Years/Type of education,2015,2015,1,2015,S19,1,
s19 what type of employment do you have,S19 What type of employment do you have?,2023,2023,1,2023,S19,1,
s19a what is the occupational situation of the head of the family,S19A What is the occupational situation of the Head of the Family?,2018,2018,1,2018,S19A,1,
s19b what was the occupational situation of the head of the family before,S19B What was the occupational situation of the head of the family before?,2018,2018,1,2018,S19B,1,
s19m 01 social networking services used facebook,S19M_01 Social networking services used: Facebook,2020,2020,1,2020,S19M_01,1,
s19m 02 social networking services used snapchat,S19M_02 Social networking services used: Snapchat,2020,2020,1,2020,S19M_02,1,
s19m 03 social networking services used youtube,S19M_03 Social Networking Services used: Youtube,2020,2020,1,2020,S19M_03,1,
s19m 04 social networking services used twitter,S19M_04 Social networking services used: Twitter,2020,2020,1,2020,S19M_04,1,
s19m 05 social networking services used whatsapp,S19M_05 Social networking services used: Whatsapp,2020,2020,1,2020,S19M_05,1,
s19m 06 social networking services used instagram,S19M_06 Social networking services used: Instagram,2020,2020,1,2020,S19M_06,1,
s19m 07 social networking services used tik tok,S19M_07 Social networking services used: Tik Tok,2020,2020,1,2020,S19M_07,1,
s19m 08 social networking services used linkedin,S19M_08 Social networking services used: Linkedin,2020,2020,1,2020,S19M_08,1,
s19m 09 social networking services used other,S19M_09 Social networking services used: Other,2020,2020,1,2020,S19M_09,1,
s19m 10 social networking services used none,S19M_10 Social networking services used: None,2020,2020,1,2020,S19M_10,1,
s1a how would you describe yourself,S1A How would you describe yourself?,2023,2023,1,2023,S1A,1,
s2 a difficulty to pay utilities bills electricity water gas,"S2.A Difficulty to pay utilities bills (Electricity, water, gas)",2013,2013,1,2013,S2.A,1,
s2 are you a beneficiary of a state aid program,S2 Are you a beneficiary of a state aid program?,2017,2017,1,2017,S2,1,
s2 b has your household at any time during the past 12 months run out of money to pay for food,S2.B Has your household at any time during the past 12 months run out of money to pay for food?,2013,2013,1,2013,S2.B,1,
s2 in the last 12 months how often have you or your family gone without food,"S2 In the last 12 months, how often have you or your family gone without food?",2020,2020,1,2020,S2,1,
s2 in the last twelve months how often have you or your family not had enough food to feed,"S2 In the last twelve months, how often have you or your family not had enough food to feed?",2018,2018,1,2018,S2,1,
s2 people sometimes describe themselves as belonging to a social class would you describe yourself as belonging to,S2 People sometimes describe themselves as belonging to a social class. Would you describe yourself as belonging to,2023,2023,1,2023,S2,1,
s20 a chief income earner occupational status,S20.A Chief Income Earner occupational status,2017,2017,1,2017,S20.A,1,
s20 a goods a dwelling where the parents have a room other than the children,S20.A Goods: A dwelling where the parents have a room other than the children,2023,2023,1,2023,S20.A,1,
s20 a native language,S20.A Native language,2020,2020,1,2020,S20.A,1,
s20 b chief income earner last kind of work,S20.B Chief Income Earner last kind of work,2017,2017,1,2017,S20.B,1,
s20 b goods own home,S20.B Goods: Own home,2023,2023,1,2023,S20.B,1,
s20 b interview language,S20.B Interview language,2020,2020,1,2020,S20.B,1,
s20 c goods washing machine,S20.C Goods: Washing machine,2023,2023,1,2023,S20.C,1,
s20 d goods mobile phone smartphone,S20.D Goods: Mobile phone/ Smartphone,2023,2023,1,2023,S20.D,1,
s20 e goods car,S20.E Goods: Car,2023,2023,1,2023,S20.E,1,
s20 f goods hot water,S20.F Goods: Hot water,2023,2023,1,2023,S20.F,1,
s20 g goods sewage system,S20.G Goods: Sewage system,2023,2023,1,2023,S20.G,1,
s20 h goods at least one meal a day,S20.H Goods: At least one meal a day,2023,2023,1,2023,S20.H,1,
s20 i goods drinking water,S20.I Goods: Drinking water,2023,2023,1,2023,S20.I,1,
s20 j goods internet connection at home,S20.J Goods: Internet connection at home,2023,2023,1,2023,S20.J,1,
s20 k goods heating air conditioning,S20.K Goods: Heating/ Air Conditioning,2023,2023,1,2023,S20.K,1,
s20 parents years type of education,S20 Parents Years/Type of education,2015,2015,1,2015,S20,1,
s20 respondent kind of work,S20 Respondent kind of work,2013,2013,1,2013,S20,1,
s20 what kind of work does the head of the family do,S20 What kind of work does the head of the family do?,2018,2018,1,2018,S20,1,
s20a chief income earner occupational status,S20A Chief Income Earner occupational status,2016,2016,1,2016,S20A,1,
s20b chief income earner last kind of work,S20B Chief Income Earner last kind of work,2016,2016,1,2016,S20B,1,
s21 a respondent s employment situation,S21.A Respondent's employment situation,2015,2015,1,2015,S21.A,1,
s21 a you or any member of your household owns any of the following assets a dwelling where the parents have a room o,S21.A You or any member of your household owns any of the following assets ?: A dwelling where the parents have a room o,2018,2018,1,2018,S21.A,1,
s21 are you a citizen of country,S21 Are you a citizen of (country)?,2020,2020,1,2020,S21,1,
s21 b respondent last kind of work,S21.B Respondent last kind of work,2015,2015,1,2015,S21.B,1,
s21 b you or any member of your household owns any of the following assets own house,S21.B You or any member of your household owns any of the following assets ?:  Own house,2018,2018,1,2018,S21.B,1,
s21 c you or any member of your household owns any of the following assets computer,S21.C You or any member of your household owns any of the following assets ?:  Computer,2018,2018,1,2018,S21.C,1,
s21 e you or any member of your household owns any of the following assets washer washer,S21.E You or any member of your household owns any of the following assets ?:  Washer/Washer,2018,2018,1,2018,S21.E,1,
s21 ethnic group,S21 Ethnic group,2013,2013,1,2013,S21,1,
s21 f you or any member of your household owns any of the following assets fixed network telephone,S21.F You or any member of your household owns any of the following assets ?: Fixed network telephone,2018,2018,1,2018,S21.F,1,
s21 g you or any member of your household owns any of the following assets cell phone mobile,S21.G You or any member of your household owns any of the following assets ?:  Cell phone/mobile,2018,2018,1,2018,S21.G,1,
s21 i you or any member of your household owns any of the following assets car,S21.I You or any member of your household owns any of the following assets ?:  Car,2018,2018,1,2018,S21.I,1,
s21 j you or any member of your household owns any of the following assets pipe hot water,S21.J You or any member of your household owns any of the following assets ?: Pipe hot water,2018,2018,1,2018,S21.J,1,
s21 k you or any member of your household owns any of the following assets sewerage sewers,S21.K You or any member of your household owns any of the following assets ?: Sewerage/Sewers,2018,2018,1,2018,S21.K,1,
s21 l you or any member of your household owns any of the following assets at least one hot meal a day,S21.L You or any member of your household owns any of the following assets ?: At least one hot meal a day,2018,2018,1,2018,S21.L,1,
s21 m you or any member of your household owns any of the following assets drinking water,S21.M You or any member of your household owns any of the following assets ?: Drinking water,2018,2018,1,2018,S21.M,1,
s21 n you or any member of your household owns any of the following assets smartphone,S21.N You or any member of your household owns any of the following assets ?: Smartphone,2018,2018,1,2018,S21.N,1,
s21 o you or any member of your household owns any of the following assets internet connection at home,S21.O You or any member of your household owns any of the following assets ?: Internet connection at home,2018,2018,1,2018,S21.O,1,
s21 p you or any member of your household owns any of the following assets heating air conditioning,S21.P You or any member of your household owns any of the following assets ?: Heating/air conditioning,2018,2018,1,2018,S21.P,1,
s21a at what age did the head of your household finish his her education full time education,S21A At what age did the head of your household finish his/her education (full-time education)?,2023,2023,1,2023,S21A,1,
s21b what level of education do you have what was the last year you completed what sort of technical school what sort of institute etc,"S21B What level of education do you have? What was the last year you completed? What sort of technical school, what sort of institute, etc.?",2023,2023,1,2023,S21B,1,
s22 a day of birth,S22.A Day of birth,2020,2020,1,2020,S22.A,1,
s22 a goods an apartment or house in which the parents have a different room from the children,S22.A Goods: An apartment or house in which the parents have a different room from the children,2013,2013,1,2013,S22.A,1,
s22 a what is the employment situation of the head of your household,S22.A What is the employment situation of the head of your household?,2023,2023,1,2023,S22.A,1,
s22 b goods refrigerator,S22.B Goods: Refrigerator,2013,2013,1,2013,S22.B,1,
s22 b month of birh,S22.B Month of birh,2020,2020,1,2020,S22.B,1,
s22 b what was the previous employment situation of the head of your household,S22.B What was the previous employment situation of the head of your household?,2023,2023,1,2023,S22.B,1,
s22 c goods own home,S22.C Goods: Own home,2013,2013,1,2013,S22.C,1,
s22 c year of birth,S22.C Year of birth,2020,2020,1,2020,S22.C,1,
s22 d goods computer,S22.D Goods: Computer,2013,2013,1,2013,S22.D,1,
s22 date of birth,S22 Date of birth,2020,2020,1,2020,S22,1,
s22 e goods washing machine,S22.E Goods: Washing machine,2013,2013,1,2013,S22.E,1,
s22 f goods telephone,S22.F Goods: Telephone,2013,2013,1,2013,S22.F,1,
s22 g goods mobile telephone,S22.G Goods: Mobile telephone,2013,2013,1,2013,S22.G,1,
s22 h goods car,S22.H Goods: Car,2013,2013,1,2013,S22.H,1,
s22 i goods drinking water,S22.I Goods: Drinking water,2013,2013,1,2013,S22.I,1,
s22 j goods hot water,S22.J Goods: Hot water,2013,2013,1,2013,S22.J,1,
s22 k goods sewage system,S22.K Goods: Sewage system,2013,2013,1,2013,S22.K,1,
s22 l goods at least one meal a day,S22.L Goods: At least one meal a day,2013,2013,1,2013,S22.L,1,
s22 respondent kind of work,S22 Respondent kind of work,2015,2015,1,2015,S22,1,
s23 a beneficiary of a subsidy any help from the state before the pandemic of coronavirus,"S23.A Beneficiary of a subsidy, any help from the state BEFORE the pandemic of coronavirus",2020,2020,1,2020,S23.A,1,
s23 age head of your household finished education full time education,S23 Age head of your household finished education  (full-time  education),2013,2013,1,2013,S23,1,
s23 b beneficiary of a subsidy any help from the state during the pandemic of coronavirus,"S23.B Beneficiary of a subsidy, any help from the state DURING the pandemic of coronavirus",2020,2020,1,2020,S23.B,1,
s23 ethnic group,S23 Ethnic group,2015,2015,1,2015,S23,1,
s23 tipo de codificacia3n de cuestionario,S23 Tipo de codificación de cuestionario,2017,2017,1,2017,S23,1,
s23 what is your marital status,S23 What is your marital status?,2018,2018,1,2018,S23,1,
s23 what type of employment does the head of your household have,S23 What type of employment does the head of your household have?,2023,2023,1,2023,S23,1,
s24 a current employment situation,S24.A Current employment situation,2020,2020,1,2020,S24.A,1,
s24 a goods an apartment or house in which the parents have a different room from the children,S24.A Goods: An apartment or house in which the parents have a different room from the children,2015,2015,1,2015,S24.A,1,
s24 a what is your mother tongue,S24.A What is your mother tongue?,2017,2017,1,2017,S24.A,1,
s24 b goods own home,S24.B Goods: Own home,2015,2015,1,2015,S24.B,1,
s24 b interview language,S24.B Interview language,2017,2017,1,2017,S24.B,1,
s24 b previous employment situation,S24.B Previous employment situation,2020,2020,1,2020,S24.B,1,
s24 birth date,S24 Birth date,2018,2018,1,2018,S24,1,
s24 c goods computer,S24.C Goods: Computer,2015,2015,1,2015,S24.C,1,
s24 d goods tablet laptop,S24.D Goods: Tablet/Laptop,2015,2015,1,2015,S24.D,1,
s24 e goods washing machine,S24.E Goods: Washing machine,2015,2015,1,2015,S24.E,1,
s24 f goods telephone,S24.F Goods: Telephone,2015,2015,1,2015,S24.F,1,
s24 g goods mobile telephone,S24.G Goods: Mobile telephone,2015,2015,1,2015,S24.G,1,
s24 h goods smartphone,S24.H Goods: Smartphone,2015,2015,1,2015,S24.H,1,
s24 head of your householda s education,S24 Head  of  your  household´s education,2013,2013,1,2013,S24,1,
s24 i goods car,S24.I Goods: Car,2015,2015,1,2015,S24.I,1,
s24 j goods hot water,S24.J Goods: Hot water,2015,2015,1,2015,S24.J,1,
s24 k goods sewage system,S24.K Goods: Sewage system,2015,2015,1,2015,S24.K,1,
s24 l goods at least one meal a day,S24.L Goods: At least one meal a day,2015,2015,1,2015,S24.L,1,
s24 socioeconomic level assessment carried out by the interviewer,S24 Socioeconomic level assessment (carried out by the interviewer),2023,2023,1,2023,S24,1,
s25 a head of householda s employment status,S25.A Head of household´s employment status,2013,2013,1,2013,S25.A,1,
s25 age head of your household finished education full time education,S25 Age head of your household finished education  (full-time  education),2015,2015,1,2015,S25,1,
s25 b head of householda s previous occupation not currently employed,S25.B Head of household´s previous occupation (not currently employed),2013,2013,1,2013,S25.B,1,
s25 type of employment,S25 Type of employment,2020,2020,1,2020,S25,1,
s25 you a beneficiary of a state aid program,S25 You a beneficiary of a state aid program?,2018,2018,1,2018,S25,1,
s26 a owned goods house in which the parents have a separate bedroom from the children,S26.A Owned goods: House in which the parents have a separate bedroom from the children,2020,2020,1,2020,S26.A,1,
s26 b owned goods own house,S26.B Owned goods: Own house,2020,2020,1,2020,S26.B,1,
s26 c owned goods computer,S26.C Owned goods: Computer,2020,2020,1,2020,S26.C,1,
s26 d owned goods washing machine,S26.D Owned goods: Washing machine,2020,2020,1,2020,S26.D,1,
s26 e owned goods fixed telephone,S26.E Owned goods: Fixed telephone,2020,2020,1,2020,S26.E,1,
s26 f owned goods mobile phone,S26.F Owned goods: Mobile phone,2020,2020,1,2020,S26.F,1,
s26 g owned goods car,S26.G Owned goods: Car,2020,2020,1,2020,S26.G,1,
s26 h owned goods hot water,S26.H Owned goods: Hot water,2020,2020,1,2020,S26.H,1,
s26 head of householda s occupation currently employed,S26 Head of household´s occupation (currently employed),2013,2013,1,2013,S26,1,
s26 head of your household s education,S26 Head of your household's education,2015,2015,1,2015,S26,1,
s26 i owned goods sewage system,S26.I Owned goods: Sewage system,2020,2020,1,2020,S26.I,1,
s26 j owned goods at least one meal a day,S26.J Owned goods: At least one meal a day,2020,2020,1,2020,S26.J,1,
s26 k owned goods drinking water,S26.K Owned goods: Drinking water,2020,2020,1,2020,S26.K,1,
s26 l owned goods smartphone,S26.L Owned goods: Smartphone,2020,2020,1,2020,S26.L,1,
s26 socioeconomic level of the interviewee answered by pollster,S26 Socioeconomic level of the interviewee. Answered by pollster,2018,2018,1,2018,S26,1,
s27 a head of household s employment status,S27.A Head of household's employment status,2015,2015,1,2015,S27.A,1,
s27 age head of your household finished education full time education,S27 Age head of your household finished education  (full-time  education),2020,2020,1,2020,S27,1,
s27 assessment or the interviewees socioeconomic nivel,S27 Assessment or the interviewees socioeconomic nivel.,2013,2013,1,2013,S27,1,
s27 b head of household s previous occupation not currently employed,S27.B Head of household's previous occupation (not currently employed),2015,2015,1,2015,S27.B,1,
s27 only for coding tablet or paper,"S27 Only for coding, tablet or paper",2018,2018,1,2018,S27,1,
s28 a what is the employment situation of the head of your household,S28.A What is the employment situation of the head of your household?,2020,2020,1,2020,S28.A,1,
s28 b what was the previous employment situation of the head of your household,S28.B What was the previous employment situation of the head of your household?,2020,2020,1,2020,S28.B,1,
s28 head of household s occupation currently employed,S28 Head of household's occupation (currently employed),2015,2015,1,2015,S28,1,
s29 assessment or the interviewees socioeconomic nivel,S29 Assessment or the interviewees socioeconomic nivel,2015,2015,1,2015,S29,1,
s29 what type of employment does the head of your household have,S29 What type of employment does the head of your household have?,2020,2020,1,2020,S29,1,
s3 concerned about being left without work within the next 12 months,S3 Concerned about being left without work within the next 12 months,2018,2018,1,2018,S3,1,
s3 concerned about losing work within the next 12 months,S3 Concerned about losing work within the next 12 months,2020,2020,1,2020,S3,1,
s3 in the last 12 months a how often have you or your family gone without food,"S3 In the last 12 months, ¿how often have you or your family gone without food?",2023,2023,1,2023,S3,1,
s3 in the last 12 months how often have you or your family not had enough to eat,"S3 In the last 12 months, how often have you or your family not had enough to eat?",2013,2013,1,2013,S3,1,
s3 in the last twelve months how often have you or your family not had enough food to feed,"S3 In the last twelve months, how often have you or your family not had enough food to feed?",2017,2017,1,2017,S3,1,
s30 perception of the respondenta s socioeconomic status,S30 Perception of the respondent´s socioeconomic status,2020,2020,1,2020,S30,1,
s4 does the salary or salary you perceive and the total family income allow you to satisfactorily cover your needs,S4 Does the salary or salary you perceive and the total family income allow you to satisfactorily cover your needs?,2018,2018,1,2018,S4,1,
s4 does the salary you receive and your total family income allow you to cover your needs in a satisfactory manner,S4 Does the salary you receive and your total family income allow you to cover your needs in a satisfactory manner?,2020,2020,1,2020,S4,1,
s4 how concerned would you say you are that you will be left without work or unemployed during the next 12 months or dona t you have a job,S4 How concerned would you say you are that you will be left without work or unemployed during the next 12 months? Or don´t you have a job?,2023,2023,1,2023,S4,1,
s4 how concerned would you say you are that you will be left without work within the next 12 months,S4 How concerned would you say you are that you will be left without work within the next 12 months?,2017,2017,1,2017,S4,1,
s4 how do you cover your health expenses,S4 How do you cover your health expenses?,2013,2013,1,2013,S4,1,
s5 does the salary or salary you perceive and the total family income allow you to satisfactorily cover your needs,S5 Does the salary or salary you perceive and the total family income allow you to satisfactorily cover your needs?,2017,2017,1,2017,S5,1,
s5 does the salary you receive and your total family income allow you to cover your needs in a satisfactory manner which of the following statements describes better your situation,S5 Does the salary you receive and your total family income allow you to cover your needs in a satisfactory manner? Which of the following statements describes better your situation?,2023,2023,1,2023,S5,1,
s5 how concerned would you say you are that you will be left without work within the next 12 months,S5 How concerned would you say you are that you will be left without work within the next 12 months?,2013,2013,1,2013,S5,1,
s5 marital status,S5 Marital status,2016,2016,1,2016,S5,1,
s5 religion,S5 Religion,2018,2018,1,2018,S5,1,
s5a mother tongue,S5A Mother tongue,2015,2015,1,2015,S5A,1,
s5a religious commitment,S5A Religious commitment,2018,2018,1,2018,S5A,1,
s5b interview language,S5B Interview language,2015,2015,1,2015,S5B,1,
s5npn subjective income group for household,S5NPN Subjective income group for household,2020,2020,1,2020,S5NPN,1,
s6 date of birth,S6 Date of birth,2016,2016,1,2016,S6,1,
s6 ethnicity or race with which you identify better,S6 Ethnicity or race with which you identify better,2018,2018,1,2018,S6,1,
s6 marital status,S6 Marital status,2017,2017,1,2017,S6,1,
s6 subjective income,S6 Subjective Income,2013,2013,1,2013,S6,1,
s6 subjective social class,S6 Subjective social class,2015,2015,1,2015,S6,1,
s6 you or someone in your family is getting support benefit from the gobernment,S6 You or someone in your family is getting support / Benefit from the gobernment?,2023,2023,1,2023,S6,1,
s6npn 01 how should the government help the poorer people money,S6NPN_01 How should the government help the poorer people: Money,2020,2020,1,2020,S6NPN_01,1,
s6npn 02 how should the government help the poorer people food,S6NPN_02 How should the government help the poorer people: Food,2020,2020,1,2020,S6NPN_02,1,
s6npn 03 how should the government help the poorer people work,S6NPN_03 How should the government help the poorer people: Work,2020,2020,1,2020,S6NPN_03,1,
s6npn 04 how should the government help the poorer people housing,S6NPN_04 How should the government help the poorer people: Housing,2020,2020,1,2020,S6NPN_04,1,
s6npn 05 how should the government help the poorer people acces to health and education,S6NPN_05 How should the government help the poorer people: Acces to health and education,2020,2020,1,2020,S6NPN_05,1,
s6npn 06 how should the government help the poorer people acces to public services enery water,"S6NPN_06 How should the government help the poorer people: Acces to public services (enery, water)",2020,2020,1,2020,S6NPN_06,1,tax_tolerance
s6npn 07 how should the government help the poorer people acces to internet services,S6NPN_07 How should the government help the poorer people: Acces to internet services,2020,2020,1,2020,S6NPN_07,1,
s6npn 08 how should the government help the poorer people acces to transport services,S6NPN_08 How should the government help the poorer people: Acces to transport services,2020,2020,1,2020,S6NPN_08,1,
s6npn 09 how should the government help the poorer people dona t know no answer,S6NPN_09 How should the government help the poorer people: Don´t know / No answer,2020,2020,1,2020,S6NPN_09,1,
s7 a mother tongue,S7.A Mother tongue,2013,2013,1,2013,S7.A,1,
s7 b interview language,S7.B Interview language,2013,2013,1,2013,S7.B,1,
s7 have you and your family seriously considered living abroad,S7 Have you and your family seriously considered living abroad?,2018,2018,1,2018,S7,1,
s7 nationality,S7 Nationality,2016,2016,1,2016,S7,1,
s7 what ethnicity or race do you identify best with,S7 What ethnicity or race do you identify best with?,2023,2023,1,2023,S7,1,
s7 what s your birthday,S7 What's your birthday,2017,2017,1,2017,S7,1,
s7npn should the government give help for free or as a subsidy,S7NPN Should the government give help for free or as a subsidy?,2020,2020,1,2020,S7NPN,1,
s7st have you ever used e mail or connected to internet,S7ST Have  you  ever  used  e-mail  or  connected  to Internet?,2015,2015,1,2015,S7ST,1,
s8 have you and your family ever considered going to live abroad,S8 Have you and your family ever considered going to live abroad?,2023,2023,1,2023,S8,1,
s8 main household income head of household,S8 Main household income - Head of household,2018,2018,1,2018,S8,1,
s8 nationality,S8 Nationality,2017,2017,1,2017,S8,1,
s8 religion,S8 Religion,2016,2016,1,2016,S8,1,
s8 subjective social class,S8 Subjective social class,2013,2013,1,2013,S8,1,
s8a how would you describe yourself,S8A How would you describe yourself?,2016,2016,1,2016,S8A,1,
s8npn a up to which income group should help be given to any housegold,S8NPN.A Up to which income group should help be given to any housegold?,2020,2020,1,2020,S8NPN.A,1,
s8npn b starting which income group do you think taxes should be payed,S8NPN.B Starting which income group do you think taxes should be payed?,2020,2020,1,2020,S8NPN.B,1,tax_tolerance
s8st 1 activities done in internet e mail messenger,S8ST_1 Activities done in Internet: E-mail/Messenger,2015,2015,1,2015,S8ST_1,1,
s8st 10 activities done in internet don t know no answer,"S8ST_10 Activities done in Internet: Don't know, no answer",2015,2015,1,2015,S8ST_10,1,
s8st 2 activities done in internet search information,S8ST_2 Activities done in Internet: Search information,2015,2015,1,2015,S8ST_2,1,
s8st 3 activities done in internet for entertain,S8ST_3 Activities done in Internet: For entertain,2015,2015,1,2015,S8ST_3,1,
s8st 4 activities done in internet for work,S8ST_4 Activities done in Internet: For work,2015,2015,1,2015,S8ST_4,1,
s8st 5 activities done in internet for study,S8ST_5 Activities done in Internet: For study,2015,2015,1,2015,S8ST_5,1,
s8st 6 activities done in internet do errands,S8ST_6 Activities done in Internet: Do errands,2015,2015,1,2015,S8ST_6,1,
s8st 7 activities done in internet go shopping,S8ST_7 Activities done in Internet: Go shopping,2015,2015,1,2015,S8ST_7,1,
s8st 8 activities done in internet other,S8ST_8 Activities done in Internet: Other,2015,2015,1,2015,S8ST_8,1,
s8st 9 activities done in internet not applicable,S8ST_9 Activities done in Internet: Not applicable,2015,2015,1,2015,S8ST_9,1,
s9 a religious commitment,S9.A Religious commitment,2017,2017,1,2017,S9.A,1,
s9 age chief income earner finished education,S9 Age Chief Income Earner finished education,2018,2018,1,2018,S9,1,
s9 are you the person that makes the largest contribution to your familya ts income are you head of your household,S9 Are you the person that makes the largest contribution to your family’s income? Are you head of your household?,2023,2023,1,2023,S9,1,
s9 ethnicity or race with which you identify better,S9 Ethnicity or race with which you identify better,2016,2016,1,2016,S9,1,
s9 marital status,S9 Marital status,2013,2013,1,2013,S9,1,
s9 religion,S9 Religion,2017,2017,1,2017,S9,1,
s9npn taxes that citizens of this country should pay,S9NPN Taxes that citizens of this country should pay,2020,2020,1,2020,S9NPN,1,tax_tolerance
s9st 1 place for connecting to internet place of study work,S9ST_1 Place for connecting to Internet: Place of study/work,2015,2015,1,2015,S9ST_1,1,
s9st 2 place for connecting to internet at home,S9ST_2 Place for connecting to Internet: At home,2015,2015,1,2015,S9ST_2,1,
s9st 3 place for connecting to internet in a private house,S9ST_3 Place for connecting to Internet: In a private house,2015,2015,1,2015,S9ST_3,1,
s9st 4 place for connecting to internet in an internet cafe,S9ST_4 Place for connecting to Internet: In an Internet cafe,2015,2015,1,2015,S9ST_4,1,
s9st 5 place for connecting to internet in a free public access,S9ST_5 Place for connecting to Internet: In a free/public access,2015,2015,1,2015,S9ST_5,1,
s9st 6 place for connecting to internet mobile telephone,S9ST_6 Place for connecting to Internet: Mobile telephone,2015,2015,1,2015,S9ST_6,1,
s9st 7 place for connecting to internet not applicable,S9ST_7 Place for connecting to Internet: Not applicable,2015,2015,1,2015,S9ST_7,1,
s9st 8 place for connecting to internet don t know no answer,"S9ST_8 Place for connecting to Internet: Don't know, no answer",2015,2015,1,2015,S9ST_8,1,
satisfaction with apartemente or house scale,Satisfaction with apartemente or house scale,2007,2007,1,2007,p85n,1,
satisfaction with free time scale,Satisfaction with free time scale,2007,2007,1,2007,p84n,1,
satisfaction with garbage collection,Satisfaction with: Garbage collection,2011,2011,1,2011,P67ST.E,1,
satisfaction with household income scale,Satisfaction with household income scale,2007,2007,1,2007,p86n,1,
satisfaction with level of public safety of neighborhood scale,Satisfaction with level of public safety of neighborhood scale,2007,2007,1,2007,p88n,1,
satisfaction with mass media objectivity in news delivery,Satisfaction with mass media objectivity in news delivery,2003,2003,1,2003,p57st,1,
satisfaction with municipal services in general,Satisfaction with: Municipal services in general,2011,2011,1,2011,P67ST.B,1,
satisfaction with public areas,Satisfaction with: Public areas,2011,2011,1,2011,P67ST.A,1,
satisfaction with public transport,Satisfaction with: Public transport,2011,2011,1,2011,P67ST.D,1,
satisfaction with roads and paving,Satisfaction with: Roads and paving,2011,2011,1,2011,P67ST.C,1,
satisfaction with sewerage services,Satisfaction with: Sewerage services,2011,2011,1,2011,P67ST.F,1,
satisfaction with standard of living scale,Satisfaction with standard of living scale,2007,2007,1,2007,p83n,1,
satisfaction with the nationalized services bolivia,Satisfaction with the nationalized services (Bolivia),2009,2009,1,2009,P83N.B,1,
satisfaction with the nationalized services venezuela,Satisfaction with the nationalized services (Venezuela),2009,2009,1,2009,P83N.V,1,
satisfaction with the neighborhood scale,Satisfaction with the neighborhood scale,2007,2007,1,2007,p87n,1,
satisfaction with work scale,Satisfaction with work scale,2007,2007,1,2007,p89n,1,
satisfation with public services the pension system,Satisfation with public services: The pension system,2007,2007,1,2007,p57ni,1,tax_tolerance
scale how efficient do you consider official procedures required of citizens of country are,scale: how efficient do you consider official procedures required of citizens of (country) are?,2011,2011,1,2011,P59N.C,1,
scale how efficient do you consider the public sector employees of country is,Scale: how efficient do you consider the public-sector employees of (country) is?,2011,2011,1,2011,P59N.B,1,
scale how efficient do you consider the state of country is,Scale: how efficient do you consider the state of (country) is?,2011,2011,1,2011,P59N.A,1,
scale how much are you affected by the decisions made in community organizations,Scale how much are you affected by the decisions made in Community Organizations,1998,1998,1,1998,np60d,1,
scale how much are you affected by the decisions made in government,Scale how much are you affected by the decisions made in Government,1998,1998,1,1998,np60b,1,
scale how much are you affected by the decisions made in parliament i,Scale how much are you affected by the decisions made in Parliament I,1998,1998,1,1998,np60a,1,institutional_confidence
scale how much are you affected by the decisions made in the municipality,Scale how much are you affected by the decisions made in the Municipality,1998,1998,1,1998,np60c,1,
scale how transparent do you consider the state of country,Scale: how transparent do you consider the state of (country)?,2011,2011,1,2011,P60N,1,corruption
scale of clean or rigged elections,Scale of clean or rigged elections,2000,2000,1,2000,P32N,1,
scale of free society with less rules,Scale of free society with less rules,2001,2001,1,2001,p21n,1,
scale of justification buying something you know is pirated,Scale of justification: Buying something you know is pirated,2011,2011,1,2011,P71N.D,1,
scale of justification enjoyed a benefit he was not entitled to,Scale of justification: Enjoyed a benefit he was not entitled to,1998,1998,1,1998,np66c,1,
scale of justification shop lifting,Scale of justification: Shop-lifting,1998,1998,1,1998,np66d,1,
scale of the discrimination against black people at place of work,Scale of the discrimination against black people at Place of work,2001,2001,1,2001,p39b1,1,
scale of the discrimination against black people at school university,Scale of the discrimination against black people at School/ University,2001,2001,1,2001,p39b2,1,
scale of the discrimination against black people in political parties,Scale of the discrimination against black people in Political parties,2001,2001,1,2001,p39b3,1,institutional_confidence
scale of the discrimination against black people judiciary,Scale of the discrimination against black people: Judiciary,2001,2001,1,2001,p39b5,1,institutional_confidence
scale of the discrimination against black people police,Scale of the discrimination against black people: Police,2001,2001,1,2001,p39b4,1,institutional_confidence
scale of the discrimination against indigenous at place of work,Scale of the discrimination against indigenous at place of work,2001,2001,1,2001,p38b1,1,
scale of the discrimination against indigenous at school university,Scale of the discrimination against indigenous at School/ University,2001,2001,1,2001,p38b2,1,
scale of the discrimination against indigenous in political parties,Scale of the discrimination against indigenous in political parties,2001,2001,1,2001,p38b3,1,institutional_confidence
scale of the discrimination against indigenous judiciary,Scale of the discrimination against indigenous: Judiciary,2001,2001,1,2001,p38b5,1,institutional_confidence
scale of the discrimination against indigenous police,Scale of the discrimination against indigenous: Police,2001,2001,1,2001,p38b4,1,institutional_confidence
scale state v s private enterprise has to create wealth,Scale state V/S private enterprise has to create wealth,2006,2006,1,2006,p16n,1,ideology
scale taxes are increased and or county is indebted for promote the integration of country with the world,P47N Scale - Taxes are increased and/or county is indebted for promote the integration of country with the world,2015,2015,1,2015,P47N,1,tax_tolerance
scale the vote has or not influence over the events,Scale: The vote has or not influence over the events,2000,2000,1,2000,P33N,1,
scale to rate how democratic spain is,Scale to rate how democratic Spain is,2011,2011,1,2011,P49ST.E,1,democracy
scale to rate how democratic the united state are,Scale to rate how democratic the United State are,2011,2011,1,2011,P49ST.B,1,democracy
search for a solution to the energy problem,Search for a solution to the energy problem,2008,2008,1,2008,p49n.e,1,
sectors in which spain can collaborate with government administration to development of country defense and army,Sectors in which Spain can collaborate with government/administration to development of (country): Defense and army,2005,2005,1,2005,P66EL1,1,
sectors in which spain can collaborate with government administration to development of country education,Sectors in which Spain can collaborate with government/administration to development of (country): Education,2005,2005,1,2005,P66EL2,1,
sectors in which spain can collaborate with government administration to development of country human rights,Sectors in which Spain can collaborate with government/administration to development of (country): Human rights,2005,2005,1,2005,P66EL5,1,
sectors in which spain can collaborate with government administration to development of country justice,Sectors in which Spain can collaborate with government/administration to development of (country): Justice,2005,2005,1,2005,P66EL4,1,
sectors in which spain can collaborate with government administration to development of country modernization of admi,Sectors in which Spain can collaborate with government/administration to development of (country): Modernization of admi,2005,2005,1,2005,P66EL6,1,
sectors in which spain can collaborate with government administration to development of country social welfare,Sectors in which Spain can collaborate with government/administration to development of (country): Social welfare,2005,2005,1,2005,P66EL3,1,
sectors in which spanish companies can contribute to development banking,Sectors in which Spanish companies can contribute to development: Banking,2005,2005,1,2005,P65EL3,1,
sectors in which spanish companies can contribute to development energy,Sectors in which Spanish companies can contribute to development: Energy,2005,2005,1,2005,P65EL1,1,
sectors in which spanish companies can contribute to development infrastructures and transport,Sectors in which Spanish companies can contribute to development: Infrastructures and transport,2005,2005,1,2005,P65EL5,1,
sectors in which spanish companies can contribute to development telecommunications,Sectors in which Spanish companies can contribute to development: Telecommunications,2005,2005,1,2005,P65EL2,1,
sectors in which spanish companies can contribute to development tourism,Sectors in which Spanish companies can contribute to development: Tourism,2005,2005,1,2005,P65EL4,1,
sexo respondenta s gender,SEXO Respondent´s gender,2020,2020,1,2020,SEXO,1,
sexo respondenta s sex,SEXO Respondent´s sex,2018,2018,1,2018,SEXO,1,
sexo sex,SEXO Sex,2023,2023,1,2023,SEXO,1,
size of the place where you were born,Size of the place where you were born,2010,2010,1,2010,S2NCC,1,
sn a agreement disagreement for couples of the same sex to adopt children,P37CSN.A Agreement/Disagreement: For couples of the same sex to adopt children.,2023,2023,1,2023,P37CSN.A,1,
sn a do you agree that maternity leave is used by both the father and the mother,P38CSN.A Do you agree: That maternity leave is used by both the father and the mother,2023,2023,1,2023,P38CSN.A,1,
sn b agreement disagreement marriage between people of the same sex,P37CSN.B Agreement/Disagreement: Marriage between people of the same sex.,2023,2023,1,2023,P37CSN.B,1,
sn b do you agree that there be a quota of executive positions reserved for women in private companies,P38CSN.B Do you agree: That there be a quota of executive positions reserved for women in private companies,2023,2023,1,2023,P38CSN.B,1,
sn c do you agree that there be a quota of executive positions reserved for women in the public sector,P38CSN.C Do you agree: That there be a quota of executive positions reserved for women in the public sector,2023,2023,1,2023,P38CSN.C,1,
sn d do you agree that schools facilitate access to contraceptive methods for adolescents,P38CSN.D Do you agree: That schools facilitate access to contraceptive methods for adolescents,2023,2023,1,2023,P38CSN.D,1,
sn e do you agree that abortion be legal in case of rape or incest,P38CSN.E Do you agree: That abortion be legal in case of rape or incest,2023,2023,1,2023,P38CSN.E,1,
sn f agreement disagreement for id document to recognize sex change of any one person,P37CSN.F Agreement/Disagreement: For Id document to recognize Sex change of any one person.,2023,2023,1,2023,P37CSN.F,1,
sn f do you agree that companies offer childcare space or subsidies for workers children,P38CSN.F Do you agree: That companies offer childcare space or subsidies for workers' children,2023,2023,1,2023,P38CSN.F,1,
sn g do you agree that there be welfare solidarity old age pensions for women without a pension,P38CSN.G Do you agree: That there be welfare/solidarity old-age pensions for women without a pension,2023,2023,1,2023,P38CSN.G,1,
social movements are necessary mechanisms for the development,Social Movements are  necessary mechanisms for the development,2009,2009,1,2009,p30n.c,1,
social movements generate disorder and instability,Social Movements generate  disorder and instability,2009,2009,1,2009,p30n.b,1,
society that defends our customs vs a society open to diversity,P19N Society that defends our customs vs. A society open to diversity,2023,2023,1,2023,P19N,1,
solution of most important problem in country,Solution of most important problem in country,2002,2002,1,2002,p5ua,1,
some people or groups have so much influence that the interests of the majority are ignore,Some people or groups have so much influence that the interests of the majority are ignore,2010,2010,1,2010,P14NCC.F,1,
some public services are too important to be left to private companies,Some public services are too important to be left to private companies,2002,2002,1,2002,p22esse,1,tax_tolerance
sp a by what channel of attention did you do the paperwork,P32NSP.A By what channel of attention did you do the paperwork?,2017,2017,1,2017,P32NSP.A,1,
sp a how many times did you have to contact via the channel you just mentioned in order to obtain what you wanted,P33NSP ¿How many times did you have to contact via the channel you just mentioned in order to obtain what you wanted?,2017,2017,1,2017,P33NSP,1,
sp what is the last procedure you did in any state office or have you not done any paperwork in the last twelve mon,"P30NSP What is the last procedure you did in any state office, or have you not done any paperwork in the last twelve mon",2017,2017,1,2017,P30NSP,1,
sp would you say you are very satisfied quite satisfied not very satisfied or not at all satisfied with your proc,"P31NSP Would you say you are very satisfied, quite satisfied, not very satisfied, or not at all satisfied with your proc",2017,2017,1,2017,P31NSP,1,
spa which of the follwing is more important for you to trust a public institution if all are treated equally,P29NSPA Which of the follwing is more important for you to trust a public institution: If all are treated equally,2017,2017,1,2017,P29NSPA,1,institutional_confidence
spain as a bridge between country and the european union,Spain as a bridge between (country) and the European Union,2006,2006,1,2006,p66el.d,1,
spain in the economic development of country,Spain In the economic development of (country),2006,2006,1,2006,p66el.c,1,
spain in the process of economic integration in latin america,Spain In the process of economic integration in Latin America,2006,2006,1,2006,p66el.a,1,
spain in the solution of conflicts between country and the other countries in the region,Spain In the solution of conflicts between (country) and the other countries in the region,2006,2006,1,2006,p66el.b,1,
spb which of the follwing is more important for you to trust a public institution if they are accountable,P29NSPB Which of the follwing is more important for you to trust a public institution: If they are accountable,2017,2017,1,2017,P29NSPB,1,institutional_confidence
spc which of the follwing is more important for you to trust a public institution if they give the needed informati,P29NSPC Which of the follwing is more important for you to trust a public institution: If they give the needed informati,2017,2017,1,2017,P29NSPC,1,institutional_confidence
spd which of the follwing is more important for you to trust a public institution if they admit responsablity when,P29NSPD Which of the follwing is more important for you to trust a public institution: If they admit responsablity when,2017,2017,1,2017,P29NSPD,1,institutional_confidence
spe which of the follwing is more important for you to trust a public institution quality anf type of their leasers,P29NSPE Which of the follwing is more important for you to trust a public institution: Quality anf type of their leasers,2017,2017,1,2017,P29NSPE,1,institutional_confidence
spf which of the follwing is more important for you to trust a public institution what family and friedns say of th,P29NSPF Which of the follwing is more important for you to trust a public institution: What family and friedns say of th,2017,2017,1,2017,P29NSPF,1,institutional_confidence
spg which of the follwing is more important for you to trust a public institution what media says of them,P29NSPG Which of the follwing is more important for you to trust a public institution: What media says of them,2017,2017,1,2017,P29NSPG,1,institutional_confidence
sph which of the follwing is more important for you to trust a public institution if they keep their promises,P29NSPH Which of the follwing is more important for you to trust a public institution: If they keep their promises,2017,2017,1,2017,P29NSPH,1,institutional_confidence
spi which of the follwing is more important for you to trust a public institution if their service is according to,P29NSPI Which of the follwing is more important for you to trust a public institution: If their service is according to,2017,2017,1,2017,P29NSPI,1,institutional_confidence
spj which of the follwing is more important for you to trust a public institution if they are interested in what on,P29NSPJ Which of the follwing is more important for you to trust a public institution: If they are interested in what on,2017,2017,1,2017,P29NSPJ,1,institutional_confidence
spx which of the follwing is more important for you to trust a public institution no answer,P29NSPX Which of the follwing is more important for you to trust a public institution: No answer,2017,2017,1,2017,P29NSPX,1,institutional_confidence
spz which of the follwing is more important for you to trust a public institution don t know,P29NSPZ Which of the follwing is more important for you to trust a public institution: Don't know,2017,2017,1,2017,P29NSPZ,1,institutional_confidence
stability of current political situation,Stability of current political situation,1997,1997,1,1997,bup30a,1,
state education in your country compared to 10 years ago,State education in (your country) compared to 10 years ago,2011,2011,1,2011,P27NE.A,1,
state must be in charge of education,State must be in charge of Education,2001,2001,1,2001,p15stb,1,
state must be in charge of health,State must be in charge of Health,2001,2001,1,2001,p15stc,1,
state of emotional health,State of emotional health,2001,2001,1,2001,p82nrr,1,
still studying,Still Studying,1995,1995,1,1995,s7a,1,
strategies of integration with the world access of your country to technology,P45N.D Strategies of integration with the world: Access of your country to technology,2015,2015,1,2015,P45N.D,1,
strategies of integration with the world citizens safety in your country,P45N.E Strategies of integration with the world: Citizens safety in your country,2015,2015,1,2015,P45N.E,1,
strategies of integration with the world employment sources of work,P45N.A Strategies of integration with the world: Employment/sources of work,2015,2015,1,2015,P45N.A,1,
strategies of integration with the world exports of your country abroad,P45N.C Strategies of integration with the world: Exports of your country abroad,2015,2015,1,2015,P45N.C,1,
strategies of integration with the world foreign investment in your country,P45N.B Strategies of integration with the world: Foreign investment in your country,2015,2015,1,2015,P45N.B,1,
strategies of integration with the world personal family s situation,P45N.F Strategies of integration with the world: Personal/Family's situation,2015,2015,1,2015,P45N.F,1,
suitability of democracy scale,Suitability of democracy scale,2007,2007,1,2007,p14n,1,democracy
summary of political parties,Summary of Political Parties,1995,1995,1,1995,p33b,1,institutional_confidence
support or oppose the military actions undertaken by the united states against afghanistan,Support or oppose the military actions undertaken by the united states against Afghanistan,2002,2002,1,2002,p12no2,1,
t 01 most common types of violence where you live bullying,P63ST_01 Most common types of violence where you live: Bullying,2020,2020,1,2020,P63ST_01,1,
t 02 most common types of violence where you live domestic violence against children,P63ST_02 Most common types of violence where you live: Domestic violence against children,2020,2020,1,2020,P63ST_02,1,
t 03 most common types of violence where you live domestic violence against woman,P63ST_03 Most common types of violence where you live: Domestic violence against woman,2020,2020,1,2020,P63ST_03,1,
t 04 most common types of violence where you live violence in the streets,P63ST_04 Most common types of violence where you live: Violence in the streets,2020,2020,1,2020,P63ST_04,1,
t 05 most common types of violence where you live organized crime,P63ST_05 Most common types of violence where you live: Organized crime,2020,2020,1,2020,P63ST_05,1,
t 06 most common types of violence where you live maras ganfs,P63ST_06 Most common types of violence where you live: Maras - Ganfs,2020,2020,1,2020,P63ST_06,1,
t 07 most common types of violence where you live state violence,P63ST_07 Most common types of violence where you live: State violence,2020,2020,1,2020,P63ST_07,1,
t 08 most common types of violence where you live verbal violence,P63ST_08 Most common types of violence where you live: Verbal violence,2020,2020,1,2020,P63ST_08,1,
t 09 most common types of violence where you live dona t know no answer,P63ST_09 Most common types of violence where you live: Don´t know / No answer,2020,2020,1,2020,P63ST_09,1,
t 1 rate leaders and presidents fidel castro,P61ST.1 Rate leaders and presidents: Fidel Castro,2017,2017,1,2017,P61ST.1,1,
t 1 who has the most power first mention,P48ST.1 Who has the most power: First mention,2020,2020,1,2020,P48ST.1,1,
t 1 you or relative assaulted or assaulted in the last twelve months,P69ST.1 You or relative assaulted or assaulted in the last twelve months,2018,2018,1,2018,P69ST.1,1,
t 10 opinion about donald trump,P62ST.10 Opinion about: Donald Trump,2023,2023,1,2023,P62ST.10,1,
t 11 opinion about andracs manuel lopez obrador,P62ST.11 Opinion about: Andrés Manuel Lopez Obrador,2023,2023,1,2023,P62ST.11,1,
t 2 opinion about luis lacalle pou,P62ST.2 Opinion about: Luis Lacalle Pou,2023,2023,1,2023,P62ST.2,1,
t 2 rate leaders and presidents donald trump,P61ST.2 Rate leaders and presidents: Donald Trump,2017,2017,1,2017,P61ST.2,1,
t 2 rating of leaders luis lacalle pou,P76ST.2 Rating of leaders: Luis Lacalle Pou,2020,2020,1,2020,P76ST.2,1,
t 2 victim of crime,P69ST.2 Victim of crime,2018,2018,1,2018,P69ST.2,1,
t 2 who has the most power second mention,P48ST.2 Who has the most power: Second mention,2020,2020,1,2020,P48ST.2,1,
t 3 opinion about alberto fernandez,P62ST.3 Opinion about: Alberto Fernandez,2023,2023,1,2023,P62ST.3,1,
t 3 rate leaders and presidents pope francisco,P61ST.3 Rate leaders and presidents: Pope Francisco,2017,2017,1,2017,P61ST.3,1,
t 3 who has the most power third mention,P48ST.3 Who has the most power: Third mention,2020,2020,1,2020,P48ST.3,1,
t 4 opinion about jair bolsonaro,P62ST.4 Opinion about: Jair Bolsonaro,2023,2023,1,2023,P62ST.4,1,
t 5 opinion about nicola s maduro,P62ST.5 Opinion about: Nicolás Maduro,2023,2023,1,2023,P62ST.5,1,
t 5 rating of leaders nicola s maduro,P76ST.5 Rating of leaders: Nicolás Maduro,2020,2020,1,2020,P76ST.5,1,
t 6 rating of leaders sebastia n pia era,P76ST.6 Rating of leaders: Sebastián Piñera,2020,2020,1,2020,P76ST.6,1,
t 7 opinion about papa francisco,P62ST.7 Opinion about: Papa Francisco,2023,2023,1,2023,P62ST.7,1,
t 7 rating of leaders pope francisco,P76ST.7 Rating of leaders: Pope Francisco,2020,2020,1,2020,P76ST.7,1,
t 8 opinion about xi jingping,P62ST.8 Opinion about: Xi Jingping,2023,2023,1,2023,P62ST.8,1,
t a agreement disagreement democracy may have problems but it is the best system of government,P18ST.A Agreement/Disagreement: Democracy may have problems but it is the best system of government,2023,2023,1,2023,P18ST.A,1,democracy
t a agreement of integration country could buy goods and services,P46ST.A Agreement of integration: (Country) could buy goods and services...,2015,2015,1,2015,P46ST.A,1,
t a agreement that country can buy goods and services from any other country in latin america and that any other,P53ST.A Agreement: That (Country) can buy goods and services from any other country in Latin America. and that any other,2017,2017,1,2017,P53ST.A,1,
t a agreement that country may purchase goods and services from any other country in the region and vice versa,P29ST.A Agreement that (Country) may purchase goods and services from any other country in the region and vice versa,2020,2020,1,2020,P29ST.A,1,
t a agreement with these services availability of green areas public spaces in your town,P52ST.A Agreement with these services: Availability of green areas/public spaces in your town,2015,2015,1,2015,P52ST.A,1,
t a are you in favor or against the economic integration of your country with the other countries of the region,P39ST.A Are you in favor or against the economic integration of your country with the other countries of the region?,2018,2018,1,2018,P39ST.A,1,
t a citizens from other countries compete for our jobs,P44ST.A Citizens from other countries: Compete for our jobs,2015,2015,1,2015,P44ST.A,1,
t a confidence in groups institutions people labor unions,P19ST.A Confidence in groups-institutions-people: Labor Unions,2015,2015,1,2015,P19ST.A,1,institutional_confidence
t a countrymen follow the lawful,P22ST.A [Countrymen] follow the lawful,2020,2020,1,2020,P22ST.A,1,
t a degree of agreement the market economy is the only system through which country can become developed,P60ST.A Degree of agreement: The market economy is the only system through which (country) can become developed,2013,2013,1,2013,P60ST.A,1,ideology
t a degree of agreement women should work only if the couple doesn t earn enough,P69ST.A Degree of agreement: Women should work only if the couple doesn't earn enough,2015,2015,1,2015,P69ST.A,1,
t a democracy may have problems but it is still the best form of government churchilla s quote,P20ST.A Democracy may have problems but it is still the best form of government: Churchill´s quote,2020,2020,1,2020,P20ST.A,1,democracy
t a do you know how the majority of your friends vote or they dona t vote,"P52ST ¿Do you know how the majority of your friends vote, or they don´t vote?",2020,2020,1,2020,P52ST,1,
t a freedoms rights opportunities guaranteed freedom to participate in politics,"P50ST.A Freedoms, rights, opportunities guaranteed: Freedom to participate in politics",2015,2015,1,2015,P50ST.A,1,
t a frequency talk about politics with friends,P54ST.A Frequency: Talk about politics with friends,2020,2020,1,2020,P54ST.A,1,
t a friend or relative who has used drugs in the last 12 months,P61ST.A Friend or relative who has used drugs in the last 12 months,2015,2015,1,2015,P61ST.A,1,
t a guarantee freedom of political participation,P41ST.A Guarantee: Freedom of political participation,2023,2023,1,2023,P41ST.A,1,
t a guarantees freedom of political participation,P47ST.A Guarantees: Freedom of political participation,2020,2020,1,2020,P47ST.A,1,
t a have you a relative or both been assaulted attacked or the victim of a crime in the last 12 months,"P68ST.A Have you, a relative or both been assaulted,attacked, or the victim of a crime in the last 12 months?",2013,2013,1,2013,P68ST.A,1,
t a have you or a member of your family known about an act of corruption in the last 12 months,P68ST ¿Have you or a member of your family known about an act of corruption in the last 12 months?,2020,2020,1,2020,P68ST,1,corruption
t a have you or any relative been mugged assaulted in the last twelve months,P65ST.A Have you or any relative been mugged/assaulted in the last twelve months:,2017,2017,1,2017,P65ST.A,1,
t a how do you inform yourself about politics,P15ST.A How do you inform yourself about politics?,2017,2017,1,2017,P15ST.A,1,
t a how do you inform yourself about politics family,P19ST.A How do you inform yourself about politics: Family,2018,2018,1,2018,P19ST.A,1,
t a how fair is the distribution of income in country,P19ST.A How fair is the distribution of income in (country):,2020,2020,1,2020,P19ST.A,1,
t a how much confidence do you have that they operate to improve our quality of life ngo,P15ST.A How much confidence do you have that they operate to improve our quality of life? NGO,2020,2020,1,2020,P15ST.A,1,
t a how often do you talk about politics with friends,P44ST.A How often do you talk about politics with friends,2023,2023,1,2023,P44ST.A,1,
t a how often if at all do you worry about becoming a victim of violent crime,"P59ST ¿How often, if at all, do you worry about becoming a victim of violent crime?",2023,2023,1,2023,P59ST,1,
t a how strong is the conflict between rich and poor,P21ST.A How strong is the conflict: Between rich and poor,2017,2017,1,2017,P21ST.A,1,
t a if total of nationalities are 100 how many are being discrimiated,P65ST.A If total of nationalities are 100 - how many are being discrimiated,2015,2015,1,2015,P65ST.A,1,
t a if you express your opinions freely and publicly about national problems could it have negative consequences for you,"P49ST ¿If you express your opinions freely and publicly about national problems, could it have negative consequences for you?",2023,2023,1,2023,P49ST,1,
t a in favour or against the economic integration of your country with the other countries of the region,P43ST.A In favour or against the economic integration of your country with the other countries of the region,2017,2017,1,2017,P43ST.A,1,
t a opinion about the united states,P23ST.A Opinion about the United States,2023,2023,1,2023,P23ST.A,1,
t a opinion about the unites states,P30ST.A Opinion about the Unites States,2020,2020,1,2020,P30ST.A,1,
t a opinion about usa united states,"P40ST.A Opinion about: USA, United States",2018,2018,1,2018,P40ST.A,1,
t a opinion of the unites states,P45ST.A Opinion of the Unites States,2017,2017,1,2017,P45ST.A,1,
t a political action sign a petition,P45ST.A Political action: Sign a petition,2023,2023,1,2023,P45ST.A,1,
t a political action signing a petition,P55ST.A Political action: Signing a petition,2020,2020,1,2020,P55ST.A,1,
t a rating of international organizations iadb interamerican development bank,P45ST.A Rating of international organizations: IADB (Interamerican Development Bank),2018,2018,1,2018,P45ST.A,1,
t a rating of leaders obama,P57ST.A Rating of leaders: Obama,2013,2013,1,2013,P57ST.A,1,
t a rating of the relationship between the country and the united states,P24ST.A Rating of the relationship between the country and the United States.,2023,2023,1,2023,P24ST.A,1,
t a rating of the relationship between the country and the us,P41ST.A Rating of the relationship between the country and the US,2018,2018,1,2018,P41ST.A,1,
t a rating of the work which the parliament national congress are doing,P49ST.A Rating of the work which the parliament/national congress are doing,2015,2015,1,2015,P49ST.A,1,institutional_confidence
t a recently pretended to be ill in order not to go to work,"P24ST.A Recently, pretended to be ill in order not to go to work",2020,2020,1,2020,P24ST.A,1,
t a relations between country and usa,P46ST.A Relations between [country] and USA,2017,2017,1,2017,P46ST.A,1,
t a satisfaction with how works public hospitals,P53ST.A Satisfaction with how works: Public hospitals,2015,2015,1,2015,P53ST.A,1,
t a scale poor rich in the present,P11ST.A Scale poor-rich in the present,2013,2013,1,2013,P11ST.A,1,
t a self placement in a poor rich scale respondent,P8ST.A Self-placement in a poor-rich scale: Respondent,2020,2020,1,2020,P8ST.A,1,
t a tipos de violencia ma s frecuente donde ud vive bullying acoso,P57ST.A Tipos de violencia más frecuente donde Ud. vive: Bullying/Acoso,2023,2023,1,2023,P57ST.A,1,
t a to be considered a citizen vote,P51ST_A To be considered a citizen: Vote,2015,2015,1,2015,P51ST_A,1,
t a to what extent do you think the state can solve the problem of crime,P72ST.A To what extent do you think the state can solve the problem of crime?,2013,2013,1,2013,P72ST.A,1,
t a trust that institutions operate to improve our quality of life firefighters,P14ST.A Trust that institutions operate to improve our quality of life: Firefighters,2023,2023,1,2023,P14ST.A,1,institutional_confidence
t aa mx institutions you know tlc,P37ST.AA_MX Institutions you know: TLC,2015,2015,1,2015,P37ST.AA_MX,1,institutional_confidence
t aa which type of violence do you think is most damaging to the country s development bullying,P68ST.AA Which type of violence do you think is most damaging to the country's development: Bullying,2018,2018,1,2018,P68ST.AA,1,
t ab mx scale 1 10 tlc,P37ST.AB_MX Scale 1-10: TLC,2015,2015,1,2015,P37ST.AB_MX,1,
t ab which type of violence do you think is most damaging to the country s development family violence with childre,P68ST.AB Which type of violence do you think is most damaging to the country's development: Family violence with childre,2018,2018,1,2018,P68ST.AB,1,
t ac which type of violence do you think is most damaging to the country s development domestic violence with women,P68ST.AC Which type of violence do you think is most damaging to the country's development: Domestic violence with women,2018,2018,1,2018,P68ST.AC,1,
t ad which type of violence do you think is most damaging to the country s development violence in the streets,P68ST.AD Which type of violence do you think is most damaging to the country's development: Violence in the streets,2018,2018,1,2018,P68ST.AD,1,
t ae which type of violence do you think is most damaging to the country s development organized crime,P68ST.AE Which type of violence do you think is most damaging to the country's development: Organized crime,2018,2018,1,2018,P68ST.AE,1,
t af which type of violence do you think is most damaging to the country s development maras gangs,P68ST.AF Which type of violence do you think is most damaging to the country's development: Maras-Gangs,2018,2018,1,2018,P68ST.AF,1,
t ag which type of violence do you think is most damaging to the country s development state violence,P68ST.AG Which type of violence do you think is most damaging to the country's development: State violence,2018,2018,1,2018,P68ST.AG,1,
t agreement disagreement democracy may have problems but it is the best system of government,P24ST Agreement/Disagreement: Democracy may have problems but it is the best system of government,2018,2018,1,2018,P24ST,1,democracy
t agreement disagreement market economy is the only system with which the country can become a developed country,P26ST Agreement/Disagreement: Market economy is the only system with which the (country) can become a developed country,2018,2018,1,2018,P26ST,1,ideology
t agreement disagreement one can allow some corruption if that is the price to pay to solve problems,P25ST Agreement/Disagreement: One can allow some corruption if that is the price to pay to solve problems,2018,2018,1,2018,P25ST,1,corruption
t ah which type of violence do you think is most damaging to the country s development verbal violence,P68ST.AH Which type of violence do you think is most damaging to the country's development: Verbal violence,2018,2018,1,2018,P68ST.AH,1,
t b actions which have done attending an authorized demonstrations or protests marches,"P21ST.B Actions which have done: Attending an authorized demonstrations or protests, marches",2015,2015,1,2015,P21ST.B,1,
t b agreement disagreement immigrants come to compete for our jobs,P33ST.B Agreement/Disagreement: Immigrants come to compete for our jobs,2023,2023,1,2023,P33ST.B,1,
t b agreement with these services roads and paving,P52ST.B Agreement with these services: Roads and paving,2015,2015,1,2015,P52ST.B,1,
t b are you in favor or against the political integration of your country with the other countries of the region,P39ST.B Are you in favor or against the political integration of your country with the other countries of the region?,2018,2018,1,2018,P39ST.B,1,
t b citizens from other countries law which wouldn t allow them to enter,P44ST.B Citizens from other countries: Law which wouldn't allow them to enter,2015,2015,1,2015,P44ST.B,1,
t b confidence in groups institutions people students,P19ST.B Confidence in groups-institutions-people: Students,2015,2015,1,2015,P19ST.B,1,institutional_confidence
t b countrymen demand their rights,P22ST.B (Countrymen) demand their rights,2020,2020,1,2020,P22ST.B,1,
t b degree of agreement course of country depends on how citizens vote,P13ST.B Degree of agreement: Course of country depends on how citizens vote,2015,2015,1,2015,P13ST.B,1,
t b degree of agreement legalization of marijuana,P69ST.B Degree of agreement: Legalization of marijuana,2015,2015,1,2015,P69ST.B,1,
t b degree of agreement privatization of state enterprises has been beneficial for the country,P60ST.B Degree of agreement: Privatization of state enterprises has been beneficial for the country,2013,2013,1,2013,P60ST.B,1,
t b elections offer voters a real alternative to choose from parties and candidates,P62ST.B Elections offer voters a real alternative to choose from parties and candidates,2020,2020,1,2020,P62ST.B,1,
t b freedoms rights opportunities guaranteed freedom to choose my trade profession,"P50ST.B Freedoms, rights, opportunities guaranteed: Freedom to choose my trade/profession",2015,2015,1,2015,P50ST.B,1,
t b frequency in which you work on an issue that affects you or your community,P44ST.B Frequency in which you work on an issue that affects you or your community,2023,2023,1,2023,P44ST.B,1,
t b frequency work for a problem that affects you or your community,P54ST.B Frequency: Work for a problem that affects you or your community,2020,2020,1,2020,P54ST.B,1,
t b guarantee freedom to choose onea ts occupation,P41ST.B Guarantee: Freedom to choose one’s occupation,2023,2023,1,2023,P41ST.B,1,
t b guarantees freedom to chose onea s occupation,P47ST.B Guarantees: Freedom to chose one´s occupation,2020,2020,1,2020,P47ST.B,1,
t b have you or any relative been victim of a crime in the last twelve months,P65ST.B Have you or any relative been victim of a crime in the last twelve months:,2017,2017,1,2017,P65ST.B,1,
t b how many are being discriminated because of their race,P65ST.B How many are being discriminated because of their race,2015,2015,1,2015,P65ST.B,1,
t b how much confidence do you have that they operate to improve our quality of life national companies,P15ST.B How much confidence do you have that they operate to improve our quality of life: National Companies,2020,2020,1,2020,P15ST.B,1,
t b how strong is the conflict between employees and employers,P21ST.B How strong is the conflict: Between employees and employers,2017,2017,1,2017,P21ST.B,1,
t b immigrants come to take our jobs away,P39ST.B Immigrants come to take our jobs away,2020,2020,1,2020,P39ST.B,1,
t b in favour or against the political integration of your country with the other countries of the region,P43ST.B In favour or against the political integration of your country with the other countries of the region,2017,2017,1,2017,P43ST.B,1,
t b in general consumers are benefited from free trade of goods and services,P29ST.B In general consumers are benefited from free trade of goods and services,2020,2020,1,2020,P29ST.B,1,
t b managing to avoid paying taxes,P24ST.B Managing to avoid paying taxes,2020,2020,1,2020,P24ST.B,1,tax_tolerance
t b opinion about rusia,P40ST.B Opinion about: Rusia,2018,2018,1,2018,P40ST.B,1,
t b opinion about russia,P30ST.B Opinion about Russia,2020,2020,1,2020,P30ST.B,1,
t b opinion about the russia,P23ST.B Opinion about the Russia,2023,2023,1,2023,P23ST.B,1,
t b opinion japan,P48ST.B Opinion: Japan,2013,2013,1,2013,P48ST.B,1,
t b please tell me whether you strongly agree agree disagree or strongly disagree with the following statements market economy is the only way country can reach development,"P54ST.B Please tell me whether you strongly agree, agree, disagree or strongly disagree with the following statements: Market economy is the only way (COUNTRY) can reach development.",2023,2023,1,2023,P54ST.B,1,ideology
t b political action take part in authorized demonstrations,P55ST.B Political action: Take part in authorized demonstrations,2020,2020,1,2020,P55ST.B,1,
t b rating of international organizations caf development bank of latin america,P45ST.B Rating of international organizations: CAF (Development Bank of Latin America),2018,2018,1,2018,P45ST.B,1,
t b rating of leaders pope francisco,P57ST.B Rating of leaders: Pope Francisco,2013,2013,1,2013,P57ST.B,1,
t b rating of the work is doing by political parties,P49ST.B Rating of the work is doing by political parties,2015,2015,1,2015,P49ST.B,1,institutional_confidence
t b relations between country and china,P36ST.B Relations between (country) and China,2015,2015,1,2015,P36ST.B,1,
t b relations between country and the european union,P49ST.B Relations between (country) and the European Union,2013,2013,1,2013,P49ST.B,1,
t b satisfaction with how works public education,P53ST.B Satisfaction with how works: Public education,2015,2015,1,2015,P53ST.B,1,
t b scale poor rich in the past,P11ST.B Scale poor-rich in the past,2013,2013,1,2013,P11ST.B,1,
t b self placement in a poor rich scale parents,P8ST.B Self-placement in a poor-rich scale: Parents,2020,2020,1,2020,P8ST.B,1,
t b somebody who has participated in the purchase sale of drugs in the las 12 months,P61ST.B Somebody who has participated in the purchase-sale of drugs in the las 12 months,2015,2015,1,2015,P61ST.B,1,
t b tipos de violencia ma s frecuente donde ud vive violencia intrafamiliar con los nia os,P57ST.B Tipos de violencia más frecuente donde Ud. vive: Violencia intrafamiliar con los niños,2023,2023,1,2023,P57ST.B,1,
t b to be considered a citizen pay taxes,P51ST_B To be considered a citizen: Pay taxes,2015,2015,1,2015,P51ST_B,1,tax_tolerance
t b to what extent do you think the state can solve the problem of drug trafficking,P72ST.B To what extent do you think the state can solve the problem of drug trafficking?,2013,2013,1,2013,P72ST.B,1,
t b trust that institutions operate to improve our quality of life national companies,P14ST.B Trust that institutions operate to improve our quality of life: National companies,2023,2023,1,2023,P14ST.B,1,institutional_confidence
t b was it a violent crime or a non violent crime,P68ST.B Was it a violent crime or a non-violent crime?,2013,2013,1,2013,P68ST.B,1,
t ba institutions you know iadb inter american development bank,P37ST.BA Institutions you know: IADB (Inter-American Development Bank),2015,2015,1,2015,P37ST.BA,1,institutional_confidence
t ba institutions you know inter american development bank idb,P51ST.BA Institutions you know: Inter-American Development Bank (IDB),2013,2013,1,2013,P51ST.BA,1,institutional_confidence
t ba which of the following types of violence is most common where you live bullying,P68ST.BA Which of the following types of violence is most common where you live: Bullying,2018,2018,1,2018,P68ST.BA,1,
t bb scale 1 10 iadb inter american development bank,P37ST.BB Scale 1-10: IADB (Inter-American Development Bank),2015,2015,1,2015,P37ST.BB,1,
t bb scale 1 10 inter american development bank idb,P51ST.BB Scale 1-10: Inter-American Development Bank (IDB),2013,2013,1,2013,P51ST.BB,1,
t bb which of the following types of violence is most common where you live family violence with children,P68ST.BB Which of the following types of violence is most common where you live: Family violence with children,2018,2018,1,2018,P68ST.BB,1,
t bc which of the following types of violence is most common where you live domestic violence with women,P68ST.BC Which of the following types of violence is most common where you live: Domestic violence with women,2018,2018,1,2018,P68ST.BC,1,
t bd which of the following types of violence is most common where you live violence in the streets,P68ST.BD Which of the following types of violence is most common where you live: Violence in the streets,2018,2018,1,2018,P68ST.BD,1,
t be which of the following types of violence is most common where you live organized crime,P68ST.BE Which of the following types of violence is most common where you live: Organized crime,2018,2018,1,2018,P68ST.BE,1,
t best way to act for you and the country to advance further,P47ST Best way to act for you and the country to advance further,2023,2023,1,2023,P47ST,1,
t bf which of the following types of violence is most common where you live maras gangs,P68ST.BF Which of the following types of violence is most common where you live: Maras-Gangs,2018,2018,1,2018,P68ST.BF,1,
t bg which of the following types of violence is most common where you live state violence,P68ST.BG Which of the following types of violence is most common where you live: State violence,2018,2018,1,2018,P68ST.BG,1,
t bh which of the following types of violence is most common where you live verbal violence,P68ST.BH Which of the following types of violence is most common where you live: Verbal violence,2018,2018,1,2018,P68ST.BH,1,
t c actions which have done participate in unauthorized protests marches block traffic,"P21ST.C Actions which have done: Participate in unauthorized protests, marches, block traffic",2015,2015,1,2015,P21ST.C,1,
t c agreement with these services public transport,P52ST.C Agreement with these services: Public transport,2015,2015,1,2015,P52ST.C,1,
t c confidence in church,P14ST.C Confidence in church,2017,2017,1,2017,P14ST.C,1,institutional_confidence
t c confidence in groups institutions people political parties,P19ST.C Confidence in groups-institutions-people: Political parties,2015,2015,1,2015,P19ST.C,1,institutional_confidence
t c countrymen are conscious of their obligations and duties,P22ST.C (Countrymen) are conscious of their obligations and duties,2020,2020,1,2020,P22ST.C,1,
t c degree of agreement marriage between people of the same sex,P69ST.C Degree of agreement: Marriage between people of the same sex,2015,2015,1,2015,P69ST.C,1,
t c embargo which united states has against cuba,P40ST.C Embargo which United States has against Cuba,2015,2015,1,2015,P40ST.C,1,
t c enjoying a benefit he she was not entitled to,P24ST.C Enjoying a benefit he/she was not entitled to,2020,2020,1,2020,P24ST.C,1,
t c freedoms rights opportunities guaranteed environmental protection,"P50ST.C Freedoms, rights, opportunities guaranteed: Environmental Protection",2015,2015,1,2015,P50ST.C,1,
t c frequency try to convince others of our political thoughts,P54ST.C Frequency: Try to convince others of our political thoughts,2020,2020,1,2020,P54ST.C,1,
t c frequency with which you try to convince politically,P44ST.C Frequency with which you try to convince politically,2023,2023,1,2023,P44ST.C,1,
t c guarantee protection of the environment,P41ST.C Guarantee: Protection of the environment,2023,2023,1,2023,P41ST.C,1,
t c guarantees protection of the environment,P47ST.C Guarantees: Protection of the environment,2020,2020,1,2020,P47ST.C,1,
t c have you heard of a friend or relative who has used drugs in the last 12 months,P68ST.C Have you heard of a friend or relative who has used drugs in the last 12 months?,2013,2013,1,2013,P68ST.C,1,
t c how much confidence do you have that they operate to improve our quality of life trade unions,P15ST.C How much confidence do you have that they operate to improve our quality of life: Trade Unions,2020,2020,1,2020,P15ST.C,1,
t c how strong is the conflict between entrepreneurs and workers,P21ST.C How strong is the conflict: Between entrepreneurs and workers,2017,2017,1,2017,P21ST.C,1,
t c national products are have in general better quality than imported products,P29ST.C National products are have in general better quality than imported products,2020,2020,1,2020,P29ST.C,1,
t c opinion about the china,P23ST.C Opinion about the China,2023,2023,1,2023,P23ST.C,1,
t c opinion of china,P45ST.C Opinion of China,2017,2017,1,2017,P45ST.C,1,
t c political action participate in looting,P55ST.C Political action: Participate in looting,2020,2020,1,2020,P55ST.C,1,
t c political action participate in non authorized demonstrations,P45ST.C Political action: Participate in non-authorized demonstrations,2023,2023,1,2023,P45ST.C,1,
t c rating of international organizations oas organization of american states,P45ST.C Rating of international organizations: OAS (Organization of American States),2018,2018,1,2018,P45ST.C,1,
t c rating of the relationship between the country and china,P41ST.C Rating of the relationship between the country and China,2018,2018,1,2018,P41ST.C,1,
t c rating of the relationship between the country and the china,P24ST.C Rating of the relationship between the country and the China,2023,2023,1,2023,P24ST.C,1,
t c rating of work which judiciary is doing,P49ST.C Rating of work which Judiciary is doing,2015,2015,1,2015,P49ST.C,1,institutional_confidence
t c satisfaction with how works the police,P53ST.C Satisfaction with how works: The police,2015,2015,1,2015,P53ST.C,1,institutional_confidence
t c scale poor rich in the future,P11ST.C Scale poor-rich in the future,2013,2013,1,2013,P11ST.C,1,
t c self placement in a poor rich scale children,P8ST.C Self-placement in a poor-rich scale: Children,2020,2020,1,2020,P8ST.C,1,
t c the justice system punishes the guilty no matter who they are,P62ST.C The justice system punishes the guilty no matter who they are,2020,2020,1,2020,P62ST.C,1,
t c tipos de violencia ma s frecuente donde ud vive violencia intrafamiliar con mujeres,P57ST.C Tipos de violencia más frecuente donde Ud. vive: Violencia intrafamiliar con mujeres,2023,2023,1,2023,P57ST.C,1,
t c to be considered a citizen always obey all the laws,P51ST_C To be considered a citizen: Always obey all the laws,2015,2015,1,2015,P51ST_C,1,
t c to what extent do you think the state can solve the problem of corruption,P72ST.C To what extent do you think the state can solve the problem of corruption?,2013,2013,1,2013,P72ST.C,1,corruption
t c trust that institutions operate to improve our quality of life trade unions,P14ST.C Trust that institutions operate to improve our quality of life: Trade unions,2023,2023,1,2023,P14ST.C,1,institutional_confidence
t c willing to demonstrate and protest about exploitation of natural resources,P22ST.C Willing to demonstrate and protest about: Exploitation of natural resources,2015,2015,1,2015,P22ST.C,1,
t ca institutions you know caf corporacia3n andina de fomento,P51ST.CA Institutions you know: CAF (Corporación andina de fomento),2013,2013,1,2013,P51ST.CA,1,institutional_confidence
t ca institutions you know caf development bank of latin america,P37ST.CA Institutions you know: CAF (Development Bank of Latin America),2015,2015,1,2015,P37ST.CA,1,institutional_confidence
t can you speak out and criticize freely in country,P25ST Can you speak out and criticize freely in country,2016,2016,1,2016,P25ST,1,
t cb scale 1 10 caf corporacia3n andina de fomento,P51ST.CB Scale 1-10: CAF (Corporación Andina de Fomento),2013,2013,1,2013,P51ST.CB,1,
t cb scale 1 10 caf development bank of latin america,P37ST.CB Scale 1-10: CAF (Development Bank of Latin America),2015,2015,1,2015,P37ST.CB,1,
t concern about beeing a victim of a crime with violence,P39ST Concern about beeing a victim of a crime with violence,2016,2016,1,2016,P39ST,1,
t country governed by powerful groups in their own interest,P14ST Country governed by powerful groups in their own interest,2015,2015,1,2015,P14ST,1,
t country governed for the benefit of the powerful or for the good of all,P14ST Country governed for the benefit of the powerful or for the good of all,2018,2018,1,2018,P14ST,1,
t country ruled by a few powerful groups for their own benefit or for the good of all the people,P12ST {COUNTRY} ruled by a few powerful groups for their own benefit or for the good of all the people,2023,2023,1,2023,P12ST,1,
t d agreement with these services the gargage collection,P52ST.D Agreement with these services: The gargage collection,2015,2015,1,2015,P52ST.D,1,
t d confidence in groups institutions people media,P19ST.D Confidence in groups-institutions-people: Media,2015,2015,1,2015,P19ST.D,1,institutional_confidence
t d confidence in the national congress parliament,P13ST.D Confidence in the National Congress / Parliament,2023,2023,1,2023,P13ST.D,1,institutional_confidence
t d freedoms rights opportunities guaranteed protection of private property,"P50ST.D Freedoms, rights, opportunities guaranteed: Protection of private property",2015,2015,1,2015,P50ST.D,1,
t d frequency work for a political party or candidate,P54ST.D Frequency: Work for a political party or candidate,2020,2020,1,2020,P54ST.D,1,
t d frequency you work for a political party or candidate,P44ST.D Frequency you work for a political party or candidate,2023,2023,1,2023,P44ST.D,1,
t d guarantee protection of private property,P41ST.D Guarantee: Protection of private property,2023,2023,1,2023,P41ST.D,1,
t d guarantees protection of private property,P47ST.D Guarantees: Protection of private property,2020,2020,1,2020,P47ST.D,1,
t d have you heard of someone who has participated in the purchase or sale of drugs in the last 12 months,P68ST.D Have you heard of someone who has participated in the purchase or sale of drugs in the last 12 months?,2013,2013,1,2013,P68ST.D,1,
t d how much confidence do you have that they operate to improve our quality of life media,P15ST.D How much confidence do you have that they operate to improve our quality of life:  Media,2020,2020,1,2020,P15ST.D,1,
t d how much equality is there before the law,P22ST.D How much equality is there before the law,2020,2020,1,2020,P22ST.D,1,
t d how strong is the conflict between young people and society,P21ST.D How strong is the conflict: Between young people and society,2017,2017,1,2017,P21ST.D,1,
t d i prefer to buy national goods than imported when the price is the same,"P29ST.D I prefer to buy national goods than imported, when the price is the same",2020,2020,1,2020,P29ST.D,1,
t d market economy is the only system with which the country can become a developed country,P62ST.D Market economy is the only system with which the country can become a developed country,2020,2020,1,2020,P62ST.D,1,ideology
t d opinion about european union,P40ST.D Opinion about: European Union,2018,2018,1,2018,P40ST.D,1,
t d opinion of the eu,P45ST.D Opinion of the EU,2017,2017,1,2017,P45ST.D,1,
t d political action occupy buildings or factories,P55ST.D Political action: Occupy buildings or factories,2020,2020,1,2020,P55ST.D,1,
t d rating of institutions cabei central american bank for economic integration,P45ST.D Rating of institutions: CABEI (Central American Bank for Economic Integration),2018,2018,1,2018,P45ST.D,1,institutional_confidence
t d rating of work which businessmen are doing,P49ST.D Rating of work which businessmen are doing,2015,2015,1,2015,P49ST.D,1,
t d relations between country and eu,P46ST.D Relations between country and EU,2017,2017,1,2017,P46ST.D,1,
t d relations between country and european union,P31ST.D Relations between country and European Union,2020,2020,1,2020,P31ST.D,1,
t d relations between country and the european union,P36ST.D Relations between (country) and the European Union,2015,2015,1,2015,P36ST.D,1,
t d satisfaction with how works the judicial system,P53ST.D Satisfaction with how works: The judicial system,2015,2015,1,2015,P53ST.D,1,
t d tipos de violencia ma s frecuente donde ud vive violencia en las calles,P57ST.D Tipos de violencia más frecuente donde Ud. vive: Violencia en las calles,2023,2023,1,2023,P57ST.D,1,
t d to be considered a citizen participate in social organizations,P51ST_D To be considered a citizen: Participate in social organizations,2015,2015,1,2015,P51ST_D,1,
t d to what extent do you think the state can solve the problem of poverty,P72ST.D To what extent do you think the state can solve the problem of poverty?,2013,2013,1,2013,P72ST.D,1,
t d trust that institutions operate to improve our quality of life television,P14ST.D Trust that institutions operate to improve our quality of life: Television,2023,2023,1,2023,P14ST.D,1,institutional_confidence
t da institutions you know oas organization of american states,P37ST.DA Institutions you know: OAS (Organization of American States),2015,2015,1,2015,P37ST.DA,1,institutional_confidence
t da institutions you know organization of american states oas,P51ST.DA Institutions you know: Organization of American States (OAS),2013,2013,1,2013,P51ST.DA,1,institutional_confidence
t db scale 1 10 oas organization of american states,P37ST.DB Scale 1-10: OAS (Organization of American States),2015,2015,1,2015,P37ST.DB,1,
t db scale 1 10 organization of american states oas,P51ST.DB Scale 1-10: Organization of American States (OAS),2013,2013,1,2013,P51ST.DB,1,
t degree of satisfaction with privatized state owned utilities,P59ST Degree of satisfaction with privatized state-owned utilities,2013,2013,1,2013,P59ST,1,
t democracy may have problems but it is still the best form of government churchilla s quote,P22ST Democracy may have problems but it is still the best form of government: Churchill´s quote,2017,2017,1,2017,P22ST,1,democracy
t discriminated as part of a group,P64ST Discriminated as part of a group,2015,2015,1,2015,P64ST,1,
t e agreement disagreement with affirmations regardless of whether we have enough roads or not today it is not p,"P52ST.E Agreement / Disagreement with affirmations: Regardless of whether we have enough roads or not, today it is not p",2018,2018,1,2018,P52ST.E,1,
t e agreement with these services the sewerage,P52ST.E Agreement with these services: The sewerage,2015,2015,1,2015,P52ST.E,1,
t e confidence in groups institutions people private firms,P19ST.E Confidence in groups-institutions-people: Private firms,2015,2015,1,2015,P19ST.E,1,institutional_confidence
t e confidence in groups institutions people the church,P16ST.E Confidence in groups-institutions-people: The church,2015,2015,1,2015,P16ST.E,1,institutional_confidence
t e confidence in the government,P14ST.E Confidence in the government,2017,2017,1,2017,P14ST.E,1,institutional_confidence
t e confidence the church,P28ST.E Confidence: The church,2013,2013,1,2013,P28ST.E,1,
t e freedoms rights opportunities guaranteed fair distribution of wealth,"P50ST.E Freedoms, rights, opportunities guaranteed: Fair distribution of wealth",2015,2015,1,2015,P50ST.E,1,
t e guarantee just and fair distribution of wealth,P41ST.E Guarantee: Just and fair distribution of wealth,2023,2023,1,2023,P41ST.E,1,
t e guarantees just and fair distribution of wealth,P47ST.E Guarantees: Just and fair distribution of wealth,2020,2020,1,2020,P47ST.E,1,
t e how much confidence do you have that they operate to improve our quality of life international companies,P15ST.E How much confidence do you have that they operate to improve our quality of life: International companies,2020,2020,1,2020,P15ST.E,1,
t e how strong is the conflict between old people and society,P21ST.E How strong is the conflict: Between old people and society,2017,2017,1,2017,P21ST.E,1,
t e it is possible to eradicate corruption from politics,P20ST.E It is possible to eradicate corruption from politics,2020,2020,1,2020,P20ST.E,1,corruption
t e opinion about the ukraine,P23ST.E Opinion about the Ukraine,2023,2023,1,2023,P23ST.E,1,
t e opinion brazil,P48ST.E Opinion: Brazil,2013,2013,1,2013,P48ST.E,1,
t e opinion european union,P35ST.E Opinion: European Union,2015,2015,1,2015,P35ST.E,1,
t e opinion of cuba,P45ST.E Opinion of Cuba,2017,2017,1,2017,P45ST.E,1,
t e political action participate in non authorized demonstration,P55ST.E Political action: Participate in non authorized demonstration,2020,2020,1,2020,P55ST.E,1,
t e rating of international organizations world bank,P45ST.E Rating of international organizations: World Bank,2018,2018,1,2018,P45ST.E,1,
t e rating of the relationship between the country and the venezuela,P24ST.E Rating of the relationship between the country and the Venezuela.,2023,2023,1,2023,P24ST.E,1,
t e rating of work which the electoral institution is doing,P49ST.E Rating of work which the Electoral Institution is doing,2015,2015,1,2015,P49ST.E,1,institutional_confidence
t e satisfaction with how works place where get the identity document,P53ST.E Satisfaction with how works: Place where get the identity document,2015,2015,1,2015,P53ST.E,1,
t e tipos de violencia ma s frecuente donde ud vive crimen organizado,P57ST.E Tipos de violencia más frecuente donde Ud. vive: Crimen organizado,2023,2023,1,2023,P57ST.E,1,
t e to be considered a citizen participate in political organizations,P51ST_E To be considered a citizen: Participate in political organizations,2015,2015,1,2015,P51ST_E,1,
t e trust that institutions operate to improve our quality of life international companies,P14ST.E Trust that institutions operate to improve our quality of life: International companies,2023,2023,1,2023,P14ST.E,1,institutional_confidence
t equal opportunities to have access to justice,P22ST Equal opportunities to have access to justice,2016,2016,1,2016,P22ST,1,meritocracy
t f confidence in groups institutions people national congress parliament,P16ST.F Confidence in groups-institutions-people: National Congress/Parliament,2015,2015,1,2015,P16ST.F,1,institutional_confidence
t f confidence in groups institutions people the state,P19ST.F Confidence in groups-institutions-people: The state,2015,2015,1,2015,P19ST.F,1,institutional_confidence
t f confidence the state,P28ST.F Confidence: The state,2013,2013,1,2013,P28ST.F,1,
t f freedoms rights opportunities guaranteed equality between men and women,"P50ST.F Freedoms, rights, opportunities guaranteed: Equality between men and women",2015,2015,1,2015,P50ST.F,1,
t f guarantee equality of men and women,P41ST.F Guarantee: Equality of men and women,2023,2023,1,2023,P41ST.F,1,
t f guarantees equality of men and women,P47ST.F Guarantees: Equality of men and women,2020,2020,1,2020,P47ST.F,1,
t f how do you inform yourself about politics newspaper,P15ST.F How do you inform yourself about politics: Newspaper,2017,2017,1,2017,P15ST.F,1,
t f how do you inform yourself about politics newspapers magazines,P19ST.F How do you inform yourself about politics: Newspapers/Magazines,2018,2018,1,2018,P19ST.F,1,
t f how much confidence do you have that they operate to improve our quality of life banks,P15ST.F How much confidence do you have that they operate to improve our quality of life: Banks,2020,2020,1,2020,P15ST.F,1,
t f how strong is the conflict between men and woman,P21ST.F How strong is the conflict: Between men and woman,2017,2017,1,2017,P21ST.F,1,
t f i am capable of managing new technologies at my workplace,P29ST.F I am capable of managing new technologies at my workplace,2020,2020,1,2020,P29ST.F,1,
t f it is right to pay the price of some corruption if problems are solved,P20ST.F It is right to pay the price of some corruption if problems are solved,2020,2020,1,2020,P20ST.F,1,corruption
t f level of agreement countries of latin america need institution representing them without no usa participation,P43ST.F Level of agreement: Countries of Latin America need institution representing them without no USA participation,2013,2013,1,2013,P43ST.F,1,institutional_confidence
t f opinion about the venezuela,P23ST.F Opinion about the Venezuela,2023,2023,1,2023,P23ST.F,1,
t f opinion cuba,P35ST.F Opinion: Cuba,2015,2015,1,2015,P35ST.F,1,
t f opinion mexico,P48ST.F Opinion: Mexico,2013,2013,1,2013,P48ST.F,1,
t f political action block traffic,P55ST.F Political action: Block Traffic,2020,2020,1,2020,P55ST.F,1,
t f tipos de violencia ma s frecuente donde ud vive maras a pandillas,P57ST.F Tipos de violencia más frecuente donde Ud. vive: Maras – Pandillas,2023,2023,1,2023,P57ST.F,1,
t f to be considered a citizen choose environmentally responsible products,P51ST_F To be considered a citizen: Choose environmentally responsible products,2015,2015,1,2015,P51ST_F,1,
t f trust that institutions operate to improve our quality of life banks,P14ST.F Trust that institutions operate to improve our quality of life: Banks,2023,2023,1,2023,P14ST.F,1,institutional_confidence
t fight against climate change vs economic growth,P36ST Fight Against Climate Change vs Economic Growth,2023,2023,1,2023,P36ST,1,
t firm hand is not a bad thing,P19ST Firm hand is not a bad thing,2016,2016,1,2016,P19ST,1,
t frequency worrying about being the victim of a crime with violence,P65ST Frequency worrying about being the victim of a crime with violence,2020,2020,1,2020,P65ST,1,
t future economic situation of the country,P6ST Future economic situation of the country,2020,2020,1,2020,P6ST,1,
t g artificial inteligence and robots will make disappear more workplaces than they will create,P29ST.G Artificial inteligence and robots will make disappear more workplaces than they will create,2020,2020,1,2020,P29ST.G,1,
t g confidence in groups institutions people banks,P19ST.G Confidence in groups-institutions-people: Banks,2015,2015,1,2015,P19ST.G,1,institutional_confidence
t g confidence in groups institutions people the national government,P16ST.G Confidence in groups-institutions-people: The National Government,2015,2015,1,2015,P16ST.G,1,institutional_confidence
t g confidence in political parties,P14ST.G Confidence in political parties,2017,2017,1,2017,P14ST.G,1,institutional_confidence
t g confidence your relatives,P28ST.G Confidence: Your relatives,2013,2013,1,2013,P28ST.G,1,
t g freedoms rights opportunities guaranteed equal opportunities regardless of one s origin,"P50ST.G Freedoms, rights, opportunities guaranteed: Equal opportunities regardless of one's origin",2015,2015,1,2015,P50ST.G,1,meritocracy
t g guarantee equality of life chances regardless of origin,P41ST.G Guarantee: Equality of life chances regardless of origin,2023,2023,1,2023,P41ST.G,1,
t g guarantees equality of life chances regardless of origin,P47ST.G Guarantees: Equality of life chances regardless of origin,2020,2020,1,2020,P47ST.G,1,
t g how do you inform yourself about politics electronic media internet,P19ST.G How do you inform yourself about politics: Electronic media/Internet,2018,2018,1,2018,P19ST.G,1,
t g how do you inform yourself about politics social networks,P15ST.G How do you inform yourself about politics: Social networks,2017,2017,1,2017,P15ST.G,1,
t g how much confidence do you have that they operate to improve our quality of life multilateral international organizations idb caf,P15ST.G How much confidence do you have that they operate to improve our quality of life: Multilateral / international organizations (IDB / CAF),2020,2020,1,2020,P15ST.G,1,
t g how strong is the conflict between people from different races,P21ST.G How strong is the conflict: Between people from different races,2017,2017,1,2017,P21ST.G,1,
t g if i do not report an act of corruption that i am aware of i become an accomplice,"P20ST.G If I do not report an act of corruption that I am aware of, I become an accomplice",2020,2020,1,2020,P20ST.G,1,corruption
t g opinion venezuela,P48ST.G Opinion: Venezuela,2013,2013,1,2013,P48ST.G,1,
t g tipos de violencia ma s frecuente donde ud vive violencia de estado abuso de violencia policial,"P57ST.G Tipos de violencia más frecuente donde Ud. vive: Violencia de Estado, abuso de violencia policial",2023,2023,1,2023,P57ST.G,1,
t g to be considered a citizen help to chileans who are worse than oneself,P51ST_G To be considered a citizen: Help to chileans who are worse than oneself,2015,2015,1,2015,P51ST_G,1,
t g trust that institutions operate to improve our quality of life radio,P14ST.G Trust that institutions operate to improve our quality of life: Radio,2023,2023,1,2023,P14ST.G,1,institutional_confidence
t ga institutions you know un united nations,P37ST.GA Institutions you know: UN (United Nations),2015,2015,1,2015,P37ST.GA,1,institutional_confidence
t gb scale 1 10 un united nations,P37ST.GB Scale 1-10: UN (United Nations),2015,2015,1,2015,P37ST.GB,1,
t h confidence electoral institution,P14ST.H Confidence: Electoral Institution,2017,2017,1,2017,P14ST.H,1,institutional_confidence
t h confidence in electoral institution,P13ST.H Confidence in Electoral institution,2023,2023,1,2023,P13ST.H,1,institutional_confidence
t h confidence in groups institutions people judiciary,P16ST.H Confidence in groups-institutions-people: Judiciary,2015,2015,1,2015,P16ST.H,1,institutional_confidence
t h confidence in the national electoral institution,P13ST.H Confidence in the National Electoral Institution,2020,2020,1,2020,P13ST.H,1,institutional_confidence
t h confidence your neighbors,P28ST.H Confidence: Your neighbors,2013,2013,1,2013,P28ST.H,1,
t h freedoms rights opportunities guaranteed freedom of expression always and everywhere,"P50ST.H Freedoms, rights, opportunities guaranteed: Freedom of expression always and everywhere",2015,2015,1,2015,P50ST.H,1,
t h guarantee freedom of speech always and everywhere,P41ST.H Guarantee: Freedom of speech always and everywhere,2023,2023,1,2023,P41ST.H,1,
t h guarantees freedom of speech always and everywhere,P47ST.H Guarantees: Freedom of speech always and everywhere,2020,2020,1,2020,P47ST.H,1,
t h how do you inform yourself about politics internet,P15ST.H How do you inform yourself about politics: Internet,2017,2017,1,2017,P15ST.H,1,
t h how do you inform yourself about politics television,P19ST.H How do you inform yourself about politics: Television,2018,2018,1,2018,P19ST.H,1,
t h how strong is the conflict between nationals and foreigners,P21ST.H How strong is the conflict: Between nationals and foreigners,2017,2017,1,2017,P21ST.H,1,
t h opinion iran,P48ST.H Opinion: Iran,2013,2013,1,2013,P48ST.H,1,
t h tipos de violencia ma s frecuente donde ud vive violencia verbal,P57ST.H Tipos de violencia más frecuente donde Ud. vive: Violencia verbal,2023,2023,1,2023,P57ST.H,1,
t h to be considered a citizen perform the military service,P51ST_H To be considered a citizen: Perform the military service,2015,2015,1,2015,P51ST_H,1,
t h trust that institutions operate to improve our quality of life printed press,P14ST.H Trust that institutions operate to improve our quality of life: Printed press,2023,2023,1,2023,P14ST.H,1,institutional_confidence
t ha institutions you know celac,P37ST.HA Institutions you know: CELAC,2015,2015,1,2015,P37ST.HA,1,institutional_confidence
t have you or a relative been assaulted attacked or the victim of a crime in the last 12 months,"P58ST Have you or a relative been assaulted, attacked, or the victim of a crime in the last 12 months?",2023,2023,1,2023,P58ST,1,
t have you or your family been victim of a crime,P37ST Have you or your family been victim of a crime?,2016,2016,1,2016,P37ST,1,
t hb scale 1 10 celac,P37ST.HB Scale 1-10: CELAC,2015,2015,1,2015,P37ST.HB,1,
t how fair is the distribution of income in country,P17ST How fair is the distribution of income in {COUNTRY},2023,2023,1,2023,P17ST,1,
t how justifiable you think it is to evade taxes,P22ST How justifiable you think it is to evade taxes,2023,2023,1,2023,P22ST,1,tax_tolerance
t how likely do you believe it is to have a coup in country or you dona tt know enough to say,P63ST How likely do you believe it is to have a coup in(country) or you don’t know enough to say?,2023,2023,1,2023,P63ST,1,
t how much progress do you think there has been in reducing corruption in state institutions over the past 2 years,P69ST How much progress do you think there has been in reducing corruption in state institutions over the past 2 years?,2013,2013,1,2013,P69ST,1,corruption; institutional_confidence
t i agreement disagreement democracy allows the problems we have to be solved,P18ST.I Agreement/Disagreement: Democracy allows the problems we have to be solved,2023,2023,1,2023,P18ST.I,1,democracy
t i confidence in groups institutions people the radio,P16ST.I Confidence in groups-institutions-people: The radio,2015,2015,1,2015,P16ST.I,1,institutional_confidence
t i confidence in president,P13ST.I Confidence in president,2020,2020,1,2020,P13ST.I,1,institutional_confidence
t i confidence in the president,P13ST.I Confidence in The President,2023,2023,1,2023,P13ST.I,1,institutional_confidence
t i confidence the radio,P28ST.I Confidence: The radio,2013,2013,1,2013,P28ST.I,1,
t i freedoms rights opportunities guaranteed freedom to profess any religion,"P50ST.I Freedoms, rights, opportunities guaranteed: Freedom to profess any religion",2015,2015,1,2015,P50ST.I,1,
t i guarantee freedom of religion faith,P41ST.I Guarantee: Freedom of religion/faith,2023,2023,1,2023,P41ST.I,1,
t i guarantees freedom of religion faith,P47ST.I Guarantees: Freedom of religion/faith,2020,2020,1,2020,P47ST.I,1,
t i how do you inform yourself about politics television,P15ST.I How do you inform yourself about politics: Television,2017,2017,1,2017,P15ST.I,1,
t i opinion israel,P48ST.I Opinion: Israel,2013,2013,1,2013,P48ST.I,1,
t i to be considered a citizen don t know or no answer,P51ST_I To be considered a citizen: Don't know or no answer,2015,2015,1,2015,P51ST_I,1,
t ia institutions you know the pacific alliance,P37ST.IA Institutions you know: The Pacific Alliance,2015,2015,1,2015,P37ST.IA,1,institutional_confidence
t ib scale 1 10 the pacific alliance,P37ST.IB Scale 1-10: The Pacific Alliance,2015,2015,1,2015,P37ST.IB,1,
t importance of voting,P14ST Importance of voting,2016,2016,1,2016,P14ST,1,
t in the last 2 years a how much progress has been made in reducing corruption in state institutions,"P60ST In the last 2 years, ¿how much progress has been made in reducing corruption in state institutions?",2023,2023,1,2023,P60ST,1,corruption; institutional_confidence
t in the last 2 years how much progress has there been in the reduction of corruption in your country,P38ST In the last 2 years how much progress has there been in the reduction of corruption in your country?,2017,2017,1,2017,P38ST,1,corruption
t is foreign investment beneficial or harmful for the economic development of the country,P28ST Is foreign investment beneficial or harmful for the economic development of the country,2020,2020,1,2020,P28ST,1,
t it is improved that the corruption is reduced in the institutions of the state last two years,P67ST It is improved that the corruption is reduced in the institutions of the State (last two years),2015,2015,1,2015,P67ST,1,corruption; institutional_confidence
t j freedoms rights opportunities guaranteed protection against crime,"P50ST.J Freedoms, rights, opportunities guaranteed: Protection against crime",2015,2015,1,2015,P50ST.J,1,
t j guarantee protection against crime,P41ST.J Guarantee: Protection against crime,2023,2023,1,2023,P41ST.J,1,
t j guarantees protection against crime,P47ST.J Guarantees: Protection against crime,2020,2020,1,2020,P47ST.J,1,
t j how do you inform yourself about politics others,P15ST.J How do you inform yourself about politics: Others,2017,2017,1,2017,P15ST.J,1,
t j opinion european union,P48ST.J Opinion: European Union,2013,2013,1,2013,P48ST.J,1,
t ja institutions you know world bank,P37ST.JA Institutions you know: World Bank,2015,2015,1,2015,P37ST.JA,1,institutional_confidence
t jb scale 1 10 world bank,P37ST.JB Scale 1-10: World Bank,2015,2015,1,2015,P37ST.JB,1,
t justification scale abortion,P70ST Justification scale: Abortion,2015,2015,1,2015,P70ST,1,
t k freedoms rights opportunities guaranteed social security,"P50ST.K Freedoms, rights, opportunities guaranteed: Social security",2015,2015,1,2015,P50ST.K,1,
t k guarantee social security,P41ST.K Guarantee: Social security,2023,2023,1,2023,P41ST.K,1,
t k guarantees social security,P47ST.K Guarantees: Social security,2020,2020,1,2020,P47ST.K,1,
t k how do you inform yourself about politics anything,P15ST.K How do you inform yourself about politics: Anything,2017,2017,1,2017,P15ST.K,1,
t know act of corruption in the last 12 months,P66ST Know - act of corruption in the last 12 months,2015,2015,1,2015,P66ST,1,corruption
t l freedoms rights opportunities guaranteed solidarity with the poor and needy,"P50ST.L Freedoms, rights, opportunities guaranteed: Solidarity with the poor and needy",2015,2015,1,2015,P50ST.L,1,
t l guarantee solidarity with the poor and needy,P41ST.L Guarantee: Solidarity with the poor and needy,2023,2023,1,2023,P41ST.L,1,
t l guarantees solidarity with the poor and needy,P47ST.L Guarantees: Solidarity with the poor and needy,2020,2020,1,2020,P47ST.L,1,
t l how do you inform yourself about politics other,P19ST.L How do you inform yourself about politics: Other,2018,2018,1,2018,P19ST.L,1,
t latin american country has most leadership in the region,P39ST Latin American country has most leadership in the region,2015,2015,1,2015,P39ST,1,
t m freedoms rights opportunities guaranteed opportunities to get work,"P50ST.M Freedoms, rights, opportunities guaranteed: Opportunities to get work",2015,2015,1,2015,P50ST.M,1,
t m guarantee chance to get a job,P41ST.M Guarantee: Chance to get a job,2023,2023,1,2023,P41ST.M,1,
t m guarantees chance to get a job,P47ST.M Guarantees: Chance to get a job,2020,2020,1,2020,P47ST.M,1,
t m how do you inform yourself about politics none,P19ST.M How do you inform yourself about politics: None,2018,2018,1,2018,P19ST.M,1,
t mass media independent influenced,P29ST Mass media Independent/ Influenced,2016,2016,1,2016,P29ST,1,
t media take sides with a candidate in country,P30ST Media take sides with a candidate in [Country],2016,2016,1,2016,P30ST,1,
t most discriminated people or groups of people in country,P58ST Most discriminated people or groups of people in (country),2020,2020,1,2020,P58ST,1,
t mx strategies of integration with others countries of latin america create a latin american parliament,P45ST_MX Strategies of integration with others countries of Latin America: Create a Latin American Parliament,2015,2015,1,2015,P45ST_MX,1,institutional_confidence
t obedience of the laws,P23ST Obedience of the laws,2016,2016,1,2016,P23ST,1,
t order v s freedom,P20ST Order v/s freedom,2016,2016,1,2016,P20ST,1,
t part of a discriminated group in country,P57ST Part of a discriminated group in (country),2020,2020,1,2020,P57ST,1,
t people s political opinion,P29ST People's political opinion,2015,2015,1,2015,P29ST,1,
t problem of drug trafficking more resources others not specified,P70NT Problem of drug trafficking - more resources: Others (not specified),2013,2013,1,2013,P70NT,1,
t progress reducing corruption in country institutions over the past year,P70ST Progress reducing corruption in country institutions over the past year,2020,2020,1,2020,P70ST,1,corruption; institutional_confidence
t safety in the country every day,P58ST Safety in the (country) every day,2015,2015,1,2015,P58ST,1,
t scale 1 10 increase taxes and or country gets into debt to finance infrastructure works that promote the integrat,P62ST Scale 1-10: Increase taxes and/or country gets into debt to finance infrastructure works that promote the integrat,2016,2016,1,2016,P62ST,1,tax_tolerance
t scale of justification manage to avoid paying all onea s taxes,P24ST Scale of justification: Manage to avoid paying all one´s taxes,2016,2016,1,2016,P24ST,1,tax_tolerance
t self positioning in left right scale 1 10,P22ST Self-positioning in Left- Right scale (1-10),2018,2018,1,2018,P22ST,1,ideology; polarization
t self positioning on left right scale,P16ST Self-positioning on Left-Right scale,2023,2023,1,2023,P16ST,1,ideology; polarization
t social networks in politics,P61ST Social networks in politics,2020,2020,1,2020,P61ST,1,
t the market economy is the only system with which the country can be developed,P27ST The market economy is the only system with which the (COUNTRY) can be developed,2017,2017,1,2017,P27ST,1,ideology
t the price of a certain degree of corruption can be paid provided that solve the problems of the country,"P26ST The price of a certain degree of corruption can be paid, provided that solve the problems of the country",2017,2017,1,2017,P26ST,1,corruption
t the way you vote can make things different,P25ST The way you vote can make things different,2015,2015,1,2015,P25ST,1,
t there can be no democracy without political parties,P21ST There can be no democracy without political parties,2023,2023,1,2023,P21ST,1,democracy; institutional_confidence
t variation of the level of corruption in this country over the past year,P69ST Variation of the level of corruption in this country over the past year,2020,2020,1,2020,P69ST,1,corruption
t what will be the economic situation of the country in twelve months,P7ST What will be the economic situation of the country in twelve months,2023,2023,1,2023,P7ST,1,
t where do you usually express your opinions about the national problems of the country or you do not usually express them,"P50ST Where do you usually express your opinions about the national problems of the country, or you do not usually express them?",2023,2023,1,2023,P50ST,1,
t without a national congress there can be no democracy vs democracy can work without a national congress,P42ST Without a National Congress there can be no democracy vs. Democracy can work without a National Congress,2013,2013,1,2013,P42ST,1,democracy; institutional_confidence
t without political parties there can be no democracy vs democracy can work without political parties,P40ST Without political parties there can be no democracy vs democracy can work without political parties,2013,2013,1,2013,P40ST,1,democracy; institutional_confidence
t would you say that the level of inequality in your country is acceptable or would you say that is is completely unacceptable on a scale from 1 to 10 a where would you place country,"P61ST Would you say that the level of inequality in your country is acceptable, or would you say that is is completely unacceptable? On a scale from 1 to 10 [...], ¿where would you place (COUNTRY) ?",2023,2023,1,2023,P61ST,1,
t you or a relative assaulted attacked or victim of a crime in the las 12 months,"P64ST You or a relative assaulted, attacked, or victim of a crime in the las 12 months",2020,2020,1,2020,P64ST,1,
t you or relative victim of an assault crime in the last 12 months,"P60ST You or relative - victim of an assault, crime in the last 12 months",2015,2015,1,2015,P60ST,1,
ta 1 knowledge of international institutions un united nations,P49STA.1 Knowledge of international institutions: UN United Nations,2017,2017,1,2017,P49STA.1,1,institutional_confidence
ta 2 knowledge of international institutions iadb interamerican development bank,P49STA.2 Knowledge of international institutions: IADB (Interamerican Development Bank),2017,2017,1,2017,P49STA.2,1,institutional_confidence
ta 3 knowledge of international institutions caf corporacia3n andina de fomento,P49STA.3 Knowledge of international institutions: CAF (Corporación Andina de Fomento),2017,2017,1,2017,P49STA.3,1,institutional_confidence
ta 4 knowledge of international institutions oas organization of american states,P49STA.4 Knowledge of international institutions: OAS (Organization of American States),2017,2017,1,2017,P49STA.4,1,institutional_confidence
ta 5 institutions you know undp united nations development program,P49STA.5 Institutions you know: UNDP (United Nations Development Program),2017,2017,1,2017,P49STA.5,1,institutional_confidence
ta 6 knowledge of international institutions cabei central american bank for economic integration,P49STA.6 Knowledge of international institutions: CABEI (Central American Bank for Economic Integration),2017,2017,1,2017,P49STA.6,1,institutional_confidence
ta 7 knowledge of international institutions imf international monetary fund,P49STA.7 Knowledge of international institutions: IMF (International Monetary Fund),2017,2017,1,2017,P49STA.7,1,institutional_confidence
ta 8 institutions you know world bank,P49STA.8 Institutions you know: World Bank,2017,2017,1,2017,P49STA.8,1,institutional_confidence
ta a certain degree of corruption as long as the problems of the country are solved,P44STA A certain degree of corruption as long as the problems of the country are solved,2016,2016,1,2016,P44STA,1,corruption
ta a knowledge of international organizations un united nations,P44STA.A Knowledge of international organizations: UN United Nations,2018,2018,1,2018,P44STA.A,1,
ta agreement of integration country could buy goods and services,P53STA Agreement of integration: (Country) could buy goods and services...,2016,2016,1,2016,P53STA,1,
ta b knowledge of international organizations iadb interamerican development bank,P44STA.B Knowledge of international organizations: IADB (Interamerican Development Bank),2018,2018,1,2018,P44STA.B,1,
ta c knowledge of international organizations caf banco de desarrollo de amacrica latina,P44STA.C Knowledge of international organizations: CAF (Banco de Desarrollo de América Latina),2018,2018,1,2018,P44STA.C,1,
ta d knowledge of international organizations oas organization of american states,P44STA.D Knowledge of international organizations: OAS (Organization of American States),2018,2018,1,2018,P44STA.D,1,
ta democracy may have problems but it is still the best form of government churchilla s quote,P31STA Democracy may have problems but it is still the best form of government: Churchill´s quote,2016,2016,1,2016,P31STA,1,democracy
ta e knowledge of international organizations undp united nations development program,P44STA.E Knowledge of international organizations: UNDP (United Nations Development Program),2018,2018,1,2018,P44STA.E,1,
ta f knowledge of international organizations cabei central american bank for economic integration,P44STA.F Knowledge of international organizations: CABEI (Central American Bank for Economic Integration),2018,2018,1,2018,P44STA.F,1,
ta g knowledge of international organizations imf international monetary fund,P44STA.G Knowledge of international organizations: IMF (International Monetary Fund),2018,2018,1,2018,P44STA.G,1,
ta h knowledge of international organizations world bank,P44STA.H Knowledge of international organizations: World Bank,2018,2018,1,2018,P44STA.H,1,
ta have you or someone in your family known of a corruption act,P38STA Have you or someone in your family known of a corruption act?,2016,2016,1,2016,P38STA,1,corruption
ta how do you inform yourself about politics family,P26STA How do you inform yourself about politics?. Family,2016,2016,1,2016,P26STA,1,
ta opinion of the unites states,P46STA Opinion of the Unites States,2016,2016,1,2016,P46STA,1,
ta relations between country and usa,P47STA Relations between [country] and USA,2016,2016,1,2016,P47STA,1,
ta satisfaction with the health you have access to,P34STA Satisfaction with the health you have access to,2016,2016,1,2016,P34STA,1,
taa knowledge of international institutions un united nations,P49STAA Knowledge of international institutions: UN United Nations,2016,2016,1,2016,P49STAA,1,institutional_confidence
taa which type of violence do you think is most damaging to the country s development bullying,P64STAA Which type of violence do you think is most damaging to the country's development: Bullying,2017,2017,1,2017,P64STAA,1,
tab knowledge of international institutions iadb interamerican development bank,P49STAB Knowledge of international institutions: IADB (Interamerican Development Bank),2016,2016,1,2016,P49STAB,1,institutional_confidence
tab which type of violence do you think is most damaging to the country s development family violence with children,P64STAB Which type of violence do you think is most damaging to the country's development: Family violence with children,2017,2017,1,2017,P64STAB,1,
tac knowledge of international institutions caf corporacia3n andina de fomento,P49STAC Knowledge of international institutions: CAF (Corporación Andina de Fomento),2016,2016,1,2016,P49STAC,1,institutional_confidence
tac which type of violence do you think is most damaging to the country s development domestic violence with women,P64STAC Which type of violence do you think is most damaging to the country's development: Domestic violence with women,2017,2017,1,2017,P64STAC,1,
tad knowledge of international institutions oas organization of american states,P49STAD Knowledge of international institutions: OAS (Organization of American States),2016,2016,1,2016,P49STAD,1,institutional_confidence
tad which type of violence do you think is most damaging to the country s development,P64STAD Which type of violence do you think is most damaging to the country's development:,2017,2017,1,2017,P64STAD,1,
tae institutions you know undp united nations development program,P49STAE Institutions you know: UNDP (United Nations Development Program),2016,2016,1,2016,P49STAE,1,institutional_confidence
tae which type of violence do you think is most damaging to the country s development organized crime,P64STAE Which type of violence do you think is most damaging to the country's development: Organized crime,2017,2017,1,2017,P64STAE,1,
taf knowledge of international institutions cabei central american bank for economic integration,P49STAF Knowledge of international institutions: (CABEI) Central American Bank for Economic Integration,2016,2016,1,2016,P49STAF,1,institutional_confidence
taf which type of violence do you think is most damaging to the country s development maras gangs,P64STAF Which type of violence do you think is most damaging to the country's development: Maras-Gangs,2017,2017,1,2017,P64STAF,1,
tag knowledge of international institutions imf international monetary fund,P49STAG Knowledge of international institutions: IMF (International Monetary Fund),2016,2016,1,2016,P49STAG,1,institutional_confidence
tag which type of violence do you think is most damaging to the country s development state violence,P64STAG Which type of violence do you think is most damaging to the country's development: State violence,2017,2017,1,2017,P64STAG,1,
tah institutions you know world bank,P49STAH Institutions you know: World Bank,2016,2016,1,2016,P49STAH,1,institutional_confidence
tah which type of violence do you think is most damaging to the country s development verbal violence,P64STAH Which type of violence do you think is most damaging to the country's development: Verbal violence,2017,2017,1,2017,P64STAH,1,
take advantage try to be fair scale,Take advantage-try to be fair scale,2007,2007,1,2007,p25n,1,
taking part in an organized act helps to solve the problems of the country,Taking part in an organized act helps to solve the problems of the country,1996,1996,1,1996,p65b,1,
taking part in an organized act helps to solve the problems of the neighborhood,Taking part in an organized act helps to solve the problems of the neighborhood,1996,1996,1,1996,p65a,1,
taxes should be as low as possible even if welfare spending suffers,"Taxes should be as low as possible, even if welfare spending suffers",2002,2002,1,2002,p22essf,1,tax_tolerance
taz which type of violence do you think is most damaging to the country s development dona t know no answer,P64STAZ Which type of violence do you think is most damaging to the country's development: Don´t know/ No answer,2017,2017,1,2017,P64STAZ,1,
tb 1 trust in un united nations,P49STB.1 Trust in UN United Nations,2017,2017,1,2017,P49STB.1,1,institutional_confidence
tb 2 trust in iadb inter american development bank,P49STB.2 Trust in: IADB (Inter-American Development Bank),2017,2017,1,2017,P49STB.2,1,institutional_confidence
tb 3 trust in caf development bank of latin america,P49STB.3 Trust in: CAF (Development Bank of Latin America),2017,2017,1,2017,P49STB.3,1,institutional_confidence
tb 4 trust in oas organization of american states,P49STB.4 Trust in: OAS (Organization of American States),2017,2017,1,2017,P49STB.4,1,institutional_confidence
tb 5 trust in undp united nations development programme,P49STB.5 Trust in: UNDP (United Nations Development Programme),2017,2017,1,2017,P49STB.5,1,institutional_confidence
tb 6 trust in cabei central american bank for economic integration,P49STB.6 Trust in: CABEI (Central American Bank for Economic Integration),2017,2017,1,2017,P49STB.6,1,institutional_confidence
tb 7 trust in imf international monetary fund,P49STB.7 Trust in: IMF (International Monetary Fund),2017,2017,1,2017,P49STB.7,1,institutional_confidence
tb 8 trust in wb world bank,P49STB.8 Trust in: WB (World Bank),2017,2017,1,2017,P49STB.8,1,institutional_confidence
tb a confidence in international organizations un united nations,P44STB.A Confidence in international organizations: UN United Nations,2018,2018,1,2018,P44STB.A,1,institutional_confidence
tb agreement of integration commitments about environmental protection is included,P53STB Agreement of integration: Commitments about environmental protection is included...,2016,2016,1,2016,P53STB,1,
tb b confidence in international organizations iadb interamerican development bank,P44STB.B Confidence in international organizations: IADB (Interamerican Development Bank),2018,2018,1,2018,P44STB.B,1,institutional_confidence
tb c confidence in international organizations caf banco de desarrollo de amacrica latina,P44STB.C Confidence in international organizations: CAF (Banco de Desarrollo de América Latina),2018,2018,1,2018,P44STB.C,1,institutional_confidence
tb d confidence in international organizations oas organization of american states,P44STB.D Confidence in international organizations: OAS (Organization of American States),2018,2018,1,2018,P44STB.D,1,institutional_confidence
tb degree of agreement media found guilty or innocent a person accused of a crime before justice,P31STB Degree of agreement: Media found guilty or innocent a person accused of a crime before Justice,2016,2016,1,2016,P31STB,1,
tb e confidence in international organizations undp united nations development program,P44STB.E Confidence in international organizations: UNDP (United Nations Development Program),2018,2018,1,2018,P44STB.E,1,institutional_confidence
tb f confidence in international organizations cabei central american bank for economic integration,P44STB.F Confidence in international organizations: CABEI (Central American Bank for Economic Integration),2018,2018,1,2018,P44STB.F,1,institutional_confidence
tb g confidence in international organizations imf international monetary fund,P44STB.G Confidence in international organizations: IMF (International Monetary Fund),2018,2018,1,2018,P44STB.G,1,institutional_confidence
tb h confidence in international organizations world bank,P44STB.H Confidence in international organizations: World Bank,2018,2018,1,2018,P44STB.H,1,institutional_confidence
tb how do you inform yourself about politics friends,P26STB How do you inform yourself about politics?. Friends,2016,2016,1,2016,P26STB,1,
tb relations between country and russia,P47STB Relations between [country] and Russia,2016,2016,1,2016,P47STB,1,
tb satisfaction with the education you have access to,P34STB Satisfaction with the education you have access to,2016,2016,1,2016,P34STB,1,
tba trust in united nations un,P49STBA Trust in United Nations (UN),2016,2016,1,2016,P49STBA,1,institutional_confidence
tba which of the following types of violence is most common where you live,P64STBA Which of the following types of violence is most common where you live:,2017,2017,1,2017,P64STBA,1,
tbb trust in iadb inter american development bank,P49STBB Trust in: IADB (Inter-American Development Bank),2016,2016,1,2016,P49STBB,1,institutional_confidence
tbb which of the following types of violence is most common where you live family violence with children,P64STBB Which of the following types of violence is most common where you live: Family violence with children,2017,2017,1,2017,P64STBB,1,
tbc trust in caf development bank of latin america,P49STBC Trust in: CAF (Development Bank of Latin America),2016,2016,1,2016,P49STBC,1,institutional_confidence
tbc which of the following types of violence is most common where you live domestic violence with women,P64STBC Which of the following types of violence is most common where you live: Domestic violence with women,2017,2017,1,2017,P64STBC,1,
tbd trust in oas organization of american states,P49STBD Trust in: OAS (Organization of American States),2016,2016,1,2016,P49STBD,1,institutional_confidence
tbd which of the following types of violence is most common where you live violence in the streets,P64STBD Which of the following types of violence is most common where you live: Violence in the streets,2017,2017,1,2017,P64STBD,1,
tbe trust in undp united nations development programme,P49STBE Trust in: UNDP (United Nations Development Programme),2016,2016,1,2016,P49STBE,1,institutional_confidence
tbe which of the following types of violence is most common where you live organized crime,P64STBE Which of the following types of violence is most common where you live: Organized crime,2017,2017,1,2017,P64STBE,1,
tbf trust in cabei central american bank for economic integration,P49STBF Trust in: CABEI (Central American Bank for Economic Integration),2016,2016,1,2016,P49STBF,1,institutional_confidence
tbf which of the following types of violence is most common where you live maras gangs,P64STBF Which of the following types of violence is most common where you live: Maras-Gangs,2017,2017,1,2017,P64STBF,1,
tbg trust in imf international monetary fund,P49STBG Trust in: IMF (International Monetary Fund),2016,2016,1,2016,P49STBG,1,institutional_confidence
tbg which of the following types of violence is most common where you live state violence,P64STBG Which of the following types of violence is most common where you live: State violence,2017,2017,1,2017,P64STBG,1,
tbh trust in wb world bank,P49STBH Trust in: WB (World Bank),2016,2016,1,2016,P49STBH,1,institutional_confidence
tbh which of the following types of violence is most common where you live verbal violence,P64STBH Which of the following types of violence is most common where you live: Verbal violence,2017,2017,1,2017,P64STBH,1,
tbz which of the following types of violence is most common where you live no answer,P64STBZ Which of the following types of violence is most common where you live: No answer,2017,2017,1,2017,P64STBZ,1,
tc a advice to foreign friend of yours who does not know our country about what chances are here of bribing the po,"P41STC.A Advice to foreign friend of yours, who does not know our country, about what chances are here of bribing the po",2017,2017,1,2017,P41STC.A,1,
tc a most important reasons for you to trust a multilateral internacional organism if all are treated equally,P17STC.A Most important reasons for you to trust a multilateral/internacional organism: If all are treated equally,2018,2018,1,2018,P17STC.A,1,
tc a over which of the following conversation subjects would you pick a fight with your best friend,P12STC ¿Over which of the following conversation subjects would you pick a fight with your best friend?,2017,2017,1,2017,P12STC,1,
tc a self placement in a poor rich scale respondent,P10STC.A Self-placement in a poor-rich scale: Respondent,2018,2018,1,2018,P10STC.A,1,
tc aa on what topics can the idb inter american development bank contribute more to the development of its country,P51STC.AA On what topics can the IDB Inter-American Development Bank contribute more to the development of its country:,2018,2018,1,2018,P51STC.AA,1,
tc ab on what topics can the idb inter american development bank contribute more to the development of its country,P51STC.AB On what topics can the IDB Inter-American Development Bank contribute more to the development of its country:,2018,2018,1,2018,P51STC.AB,1,
tc ac on what topics can the idb inter american development bank contribute more to the development of its country,P51STC.AC On what topics can the IDB Inter-American Development Bank contribute more to the development of its country:,2018,2018,1,2018,P51STC.AC,1,
tc ad on what topics can the idb inter american development bank contribute more to the development of its country,P51STC.AD On what topics can the IDB Inter-American Development Bank contribute more to the development of its country:,2018,2018,1,2018,P51STC.AD,1,
tc ae on what topics can the idb inter american development bank contribute more to the development of its country,P51STC.AE On what topics can the IDB Inter-American Development Bank contribute more to the development of its country:,2018,2018,1,2018,P51STC.AE,1,
tc af on what topics can the idb inter american development bank contribute more to the development of its country,P51STC.AF On what topics can the IDB Inter-American Development Bank contribute more to the development of its country:,2018,2018,1,2018,P51STC.AF,1,
tc ag on what topics can the idb inter american development bank contribute more to the development of its country,P51STC.AG On what topics can the IDB Inter-American Development Bank contribute more to the development of its country:,2018,2018,1,2018,P51STC.AG,1,
tc agreement of integration commitments about the rights of workers,P53STC Agreement of integration: Commitments about the rights of workers...,2016,2016,1,2016,P53STC,1,
tc ah on what topics can the idb inter american development bank contribute more to the development of its country,P51STC.AH On what topics can the IDB Inter-American Development Bank contribute more to the development of its country:,2018,2018,1,2018,P51STC.AH,1,
tc ai on what topics can the idb inter american development bank contribute more to the development of its country,P51STC.AI On what topics can the IDB Inter-American Development Bank contribute more to the development of its country:,2018,2018,1,2018,P51STC.AI,1,
tc aj on what topics can the idb inter american development bank contribute more to the development of its country,P51STC.AJ On what topics can the IDB Inter-American Development Bank contribute more to the development of its country:,2018,2018,1,2018,P51STC.AJ,1,
tc ak on what topics can the idb inter american development bank contribute more to the development of its country,P51STC.AK On what topics can the IDB Inter-American Development Bank contribute more to the development of its country:,2018,2018,1,2018,P51STC.AK,1,
tc al on what topics can the idb inter american development bank contribute more to the development of its country,P51STC.AL On what topics can the IDB Inter-American Development Bank contribute more to the development of its country:,2018,2018,1,2018,P51STC.AL,1,
tc am on what topics can the idb inter american development bank contribute more to the development of its country,P51STC.AM On what topics can the IDB Inter-American Development Bank contribute more to the development of its country:,2018,2018,1,2018,P51STC.AM,1,
tc an on what topics can the idb inter american development bank contribute more to the development of its country,P51STC.AN On what topics can the IDB Inter-American Development Bank contribute more to the development of its country:,2018,2018,1,2018,P51STC.AN,1,
tc ansnc on what topics can the idb inter american development bank contribute more to the development of its countr,P51STC.ANSNC On what topics can the IDB Inter-American Development Bank contribute more to the development of its countr,2018,2018,1,2018,P51STC.ANSNC,1,
tc ao on what topics can the idb inter american development bank contribute more to the development of its country,P51STC.AO On what topics can the IDB Inter-American Development Bank contribute more to the development of its country:,2018,2018,1,2018,P51STC.AO,1,
tc ap on what topics can the idb inter american development bank contribute more to the development of its country,P51STC.AP On what topics can the IDB Inter-American Development Bank contribute more to the development of its country:,2018,2018,1,2018,P51STC.AP,1,
tc aq on what topics can the idb inter american development bank contribute more to the development of its country,P51STC.AQ On what topics can the IDB Inter-American Development Bank contribute more to the development of its country:,2018,2018,1,2018,P51STC.AQ,1,
tc ar on what topics can the idb inter american development bank contribute more to the development of its country,P51STC.AR On what topics can the IDB Inter-American Development Bank contribute more to the development of its country:,2018,2018,1,2018,P51STC.AR,1,
tc b advice to foreign friend of yours who does not know our country about what chances are here of bribing a judg,"P41STC.B Advice to foreign friend of yours, who does not know our country, about what chances are here of bribing a judg",2017,2017,1,2017,P41STC.B,1,
tc b most important reasons for you to trust a multilateral internacional organism if they are audited,P17STC.B Most important reasons for you to trust a multilateral/internacional organism: If they are audited,2018,2018,1,2018,P17STC.B,1,
tc b self placement in a poor rich scale parents,P10STC.B Self-placement in a poor-rich scale: Parents,2018,2018,1,2018,P10STC.B,1,
tc ba on what topics can the idb inter american development bank contribute more to a better life for you and your f,P51STC.BA On what topics can the IDB Inter-American Development Bank contribute more to a better life for you and your f,2018,2018,1,2018,P51STC.BA,1,
tc bb on what topics can the idb inter american development bank contribute more to a better life for you and your f,P51STC.BB On what topics can the IDB Inter-American Development Bank contribute more to a better life for you and your f,2018,2018,1,2018,P51STC.BB,1,
tc bc on what topics can the idb inter american development bank contribute more to a better life for you and your f,P51STC.BC On what topics can the IDB Inter-American Development Bank contribute more to a better life for you and your f,2018,2018,1,2018,P51STC.BC,1,
tc bd on what topics can the idb inter american development bank contribute more to a better life for you and your f,P51STC.BD On what topics can the IDB Inter-American Development Bank contribute more to a better life for you and your f,2018,2018,1,2018,P51STC.BD,1,
tc be on what topics can the idb inter american development bank contribute more to a better life for you and your f,P51STC.BE On what topics can the IDB Inter-American Development Bank contribute more to a better life for you and your f,2018,2018,1,2018,P51STC.BE,1,
tc bf on what topics can the idb inter american development bank contribute more to a better life for you and your f,P51STC.BF On what topics can the IDB Inter-American Development Bank contribute more to a better life for you and your f,2018,2018,1,2018,P51STC.BF,1,
tc bg on what topics can the idb inter american development bank contribute more to a better life for you and your f,P51STC.BG On what topics can the IDB Inter-American Development Bank contribute more to a better life for you and your f,2018,2018,1,2018,P51STC.BG,1,
tc bh on what topics can the idb inter american development bank contribute more to a better life for you and your f,P51STC.BH On what topics can the IDB Inter-American Development Bank contribute more to a better life for you and your f,2018,2018,1,2018,P51STC.BH,1,
tc bi on what topics can the idb inter american development bank contribute more to a better life for you and your f,P51STC.BI On what topics can the IDB Inter-American Development Bank contribute more to a better life for you and your f,2018,2018,1,2018,P51STC.BI,1,
tc bj on what topics can the idb inter american development bank contribute more to a better life for you and your f,P51STC.BJ On what topics can the IDB Inter-American Development Bank contribute more to a better life for you and your f,2018,2018,1,2018,P51STC.BJ,1,
tc bk on what topics can the idb inter american development bank contribute more to a better life for you and your f,P51STC.BK On what topics can the IDB Inter-American Development Bank contribute more to a better life for you and your f,2018,2018,1,2018,P51STC.BK,1,
tc bl on what topics can the idb inter american development bank contribute more to a better life for you and your f,P51STC.BL On what topics can the IDB Inter-American Development Bank contribute more to a better life for you and your f,2018,2018,1,2018,P51STC.BL,1,
tc bm on what topics can the idb inter american development bank contribute more to a better life for you and your f,P51STC.BM On what topics can the IDB Inter-American Development Bank contribute more to a better life for you and your f,2018,2018,1,2018,P51STC.BM,1,
tc bn on what topics can the idb inter american development bank contribute more to a better life for you and your f,P51STC.BN On what topics can the IDB Inter-American Development Bank contribute more to a better life for you and your f,2018,2018,1,2018,P51STC.BN,1,
tc bo on what topics can the idb inter american development bank contribute more to a better life for you and your f,P51STC.BO On what topics can the IDB Inter-American Development Bank contribute more to a better life for you and your f,2018,2018,1,2018,P51STC.BO,1,
tc bp on what topics can the idb inter american development bank contribute more to a better life for you and your f,P51STC.BP On what topics can the IDB Inter-American Development Bank contribute more to a better life for you and your f,2018,2018,1,2018,P51STC.BP,1,
tc bq on what topics can the idb inter american development bank contribute more to a better life for you and your f,P51STC.BQ On what topics can the IDB Inter-American Development Bank contribute more to a better life for you and your f,2018,2018,1,2018,P51STC.BQ,1,
tc br on what topics can the idb inter american development bank contribute more to a better life for you and your f,P51STC.BR On what topics can the IDB Inter-American Development Bank contribute more to a better life for you and your f,2018,2018,1,2018,P51STC.BR,1,
tc c advice to foreign friend of yours who does not know our country about what chances are here of bribing someon,"P41STC.C Advice to foreign friend of yours, who does not know our country, about what chances are here of bribing someon",2017,2017,1,2017,P41STC.C,1,
tc c most important reasons for you to trust a multilateral internacional organism if they deliver the information,P17STC.C Most important reasons for you to trust a multilateral/internacional organism: If they deliver the information,2018,2018,1,2018,P17STC.C,1,
tc c self placement in a poor rich scale children,P10STC.C Self-placement in a poor-rich scale: Children,2018,2018,1,2018,P10STC.C,1,
tc confidence in church,P13STC Confidence in church,2016,2016,1,2016,P13STC,1,institutional_confidence
tc d most important reasons for you to trust a multilateral internacional organism if they admit responsibility whe,P17STC.D Most important reasons for you to trust a multilateral/internacional organism: If they admit responsibility whe,2018,2018,1,2018,P17STC.D,1,
tc degree of agreement it is possible to eradicate corruption from politics,P31STC Degree of agreement: It is possible to eradicate corruption from politics,2016,2016,1,2016,P31STC,1,corruption
tc do you think your vote is secret or the parties or the government can find out who you voted for,P67STC Do you think your vote is secret or the parties or the government can find out who you voted for?,2018,2018,1,2018,P67STC,1,
tc during the last electoral campaign did you see candidates or people from the parties distributing gifts or favor,"P66STC During the last electoral campaign, did you see candidates or people from the parties distributing gifts or favor",2018,2018,1,2018,P66STC,1,
tc e most important reasons for you to trust a multilateral internacional organism the quality of your leadership a,P17STC.E Most important reasons for you to trust a multilateral/internacional organism: The quality of your leadership a,2018,2018,1,2018,P17STC.E,1,
tc f most important reasons for you to trust a multilateral internacional organism what friends and family say abou,P17STC.F Most important reasons for you to trust a multilateral/internacional organism: What friends and family say abou,2018,2018,1,2018,P17STC.F,1,
tc g most important reasons for you to trust a multilateral internacional organism what the media says about them,P17STC.G Most important reasons for you to trust a multilateral/internacional organism: What the media says about them,2018,2018,1,2018,P17STC.G,1,
tc h most important reasons for you to trust a multilateral internacional organism if they keep their promises,P17STC.H Most important reasons for you to trust a multilateral/internacional organism: If they keep their promises,2018,2018,1,2018,P17STC.H,1,
tc how do you inform yourself about politics people i work with,P26STC How do you inform yourself about politics?. People I work with,2016,2016,1,2016,P26STC,1,
tc i most important reasons for you to trust a multilateral internacional organism if you are interested in what yo,P17STC.I Most important reasons for you to trust a multilateral/internacional organism: If you are interested in what yo,2018,2018,1,2018,P17STC.I,1,
tc if one really believes in one s own position in politics one should not give up,P24STC If one really believes in one's own position in politics one should not give up,2017,2017,1,2017,P24STC,1,
tc if the politicians agree the country would advance much more,P23STC If the politicians agree the country would advance much more,2017,2017,1,2017,P23STC,1,
tc j most important reasons for you to trust a multilateral internacional organism if you communicate frequently to,P17STC.J Most important reasons for you to trust a multilateral/internacional organism: If you communicate frequently to,2018,2018,1,2018,P17STC.J,1,
tc k most important reasons for you to trust a multilateral internacional organism if they show the positive result,P17STC.K Most important reasons for you to trust a multilateral/internacional organism: If they show the positive result,2018,2018,1,2018,P17STC.K,1,
tc nsnc on what topics can the idb inter american development bank contribute more to a better life for you and your,P51STC.NSNC On what topics can the IDB Inter-American Development Bank contribute more to a better life for you and your,2018,2018,1,2018,P51STC.NSNC,1,
tc opinion of china,P46STC Opinion of China,2016,2016,1,2016,P46STC,1,
tc perception of progress of the country,P2STC Perception of progress of the country,2018,2018,1,2018,P2STC,1,
tc relations between country and china,P47STC Relations between (country) and China,2016,2016,1,2016,P47STC,1,
tc satisfaction with life,P1STC Satisfaction with life,2018,2018,1,2018,P1STC,1,
tc self positioning in left right scale,P19STC Self-positioning in Left- Right scale,2017,2017,1,2017,P19STC,1,ideology; polarization
tcs c agreement disagreement it is better that women concentrate at home and man at work,P37STCS.C Agreement/Disagreement: It is better that women concentrate at home and Man at work,2023,2023,1,2023,P37STCS.C,1,
tcs e agreement disagreement if the woman earns more that man is almost certainly she will have trouble,P37STCS.E Agreement/Disagreement: If the woman earns more that man is almost certainly she will have trouble,2023,2023,1,2023,P37STCS.E,1,
td confidence in national congress parliament,P13STD Confidence in National Congress / Parliament,2016,2016,1,2016,P13STD,1,institutional_confidence
td elections offer to the voters real option to choose between parties and candidates,P31STD Elections offer to the voters real option to choose between parties and candidates,2016,2016,1,2016,P31STD,1,
td how do you inform yourself about politics people i study with,P26STD How do you inform yourself about politics?. People I study with,2016,2016,1,2016,P26STD,1,
td opinion of the ue,P46STD Opinion of the UE,2016,2016,1,2016,P46STD,1,
td relations between country and eu,P47STD Relations between country and EU,2016,2016,1,2016,P47STD,1,
te confidence in the government,P13STE Confidence in the government,2016,2016,1,2016,P13STE,1,institutional_confidence
te how do you inform yourself about politics radio,P26STE How do you inform yourself about politics?. Radio,2016,2016,1,2016,P26STE,1,
te opinion of cuba,P46STE Opinion of Cuba,2016,2016,1,2016,P46STE,1,
te relations between country and cuba,P47STE Relations between [country] and Cuba,2016,2016,1,2016,P47STE,1,
te the judicial system punishes those who are guilty,P31STE The judicial system punishes those who are guilty,2016,2016,1,2016,P31STE,1,
technology advances you think are good for future artificial meat,P58N_A Technology advances you think are good for future: Artificial meat,2016,2016,1,2016,P58N_A,1,
technology advances you think are good for future dk na,P58N_F Technology advances you think are good for future: DK/NA,2016,2016,1,2016,P58N_F,1,
technology advances you think are good for future driverless vehicles,P58N_E Technology advances you think are good for future: Driverless vehicles,2016,2016,1,2016,P58N_E,1,
technology advances you think are good for future robots caring for sick people and elderly,P58N_B Technology advances you think are good for future: Robots caring for sick people and elderly,2016,2016,1,2016,P58N_B,1,
technology advances you think are good for future sensors that tell us we need to eat,P58N_D Technology advances you think are good for future: Sensors that tell us we need to eat,2016,2016,1,2016,P58N_D,1,
technology advances you think are good for future small flying machines for carrying merchandise,P58N_C Technology advances you think are good for future: Small flying machines for carrying merchandise,2016,2016,1,2016,P58N_C,1,
tf confidence in the judiciary,P13STF Confidence in the judiciary,2016,2016,1,2016,P13STF,1,institutional_confidence
tf how do you inform yourself about politics newspapers,P26STF How do you inform yourself about politics?. Newspapers,2016,2016,1,2016,P26STF,1,
tg confidence in political parties,P13STG Confidence in political parties,2016,2016,1,2016,P13STG,1,institutional_confidence
tg how do you inform yourself about politics social networks,P26STG How do you inform yourself about politics?. Social networks,2016,2016,1,2016,P26STG,1,
tgbs a if elections were this sunday which party would you vote for,"P43STGBS.A If elections were this Sunday, which party would you vote for",2023,2023,1,2023,P43STGBS.A,1,polarization
tgbs a if elections where this sunday which party would you vote for,P50STGBS.A If elections where this Sunday. Which party would you vote for?,2020,2020,1,2020,P50STGBS.A,1,polarization
tgbs a vote for winning or losing camp,P16STGBS.A Vote for winning or losing camp,2017,2017,1,2017,P16STGBS.A,1,polarization
tgbs a which party would you vote for if elections where next sunday,P21STGBS.A Which party would you vote for if elections where next Sunday,2018,2018,1,2018,P21STGBS.A,1,polarization
tgbs approval of the management of the government led by the president,P15STGBS Approval of the management of the government led by the President,2023,2023,1,2023,P15STGBS,1,
tgbs approval the management of the government headed by the president name,P48STGBS Approval the management of the government headed by the President (name),2015,2015,1,2015,P48STGBS,1,
tgbs approves how the government led by the president is running the country,P16STGBS Approves how the government led by the President is running the country,2016,2016,1,2016,P16STGBS,1,
tgbs b confidence in police,P14STGBS.B Confidence in police,2017,2017,1,2017,P14STGBS.B,1,institutional_confidence
tgbs b for coding only,P43STGBS.B For coding only,2023,2023,1,2023,P43STGBS.B,1,
tgbs b satisfaction with the economic situation in general,P11STGBS.B Satisfaction with the economic situation (in general),2020,2020,1,2020,P11STGBS.B,1,
tgbs b satisfaction with the functioning of the economy in country,P11STGBS.B Satisfaction with the functioning of the economy in (country),2023,2023,1,2023,P11STGBS.B,1,
tgbs current economic situation of the country compared to twelve months ago,P6STGBS Current economic situation of the country compared to twelve months ago,2023,2023,1,2023,P6STGBS,1,
tgbs do you approve or disapprove the way presidenta s name is leading the country,P17STGBS Do you approve or disapprove the way (president´s name) is leading the country?,2020,2020,1,2020,P17STGBS,1,
tgbs do you approve or not of the performance of the government led by president name,P38STGBS Do you approve or not of the performance of the government led by President (name)?,2013,2013,1,2013,P38STGBS,1,
tgbs each person should take responsibility for his own welfare vs government should take responsibility for the we,P18STGBS Each person should take responsibility for his own welfare vs. government should take responsibility for the we,2013,2013,1,2013,P18STGBS,1,
tgbs economic situation of the country compared to the past,P5STGBS Economic situation of the country compared to the past,2020,2020,1,2020,P5STGBS,1,
tgbs future economic situation of the country 3 years,P5STGBS Future economic situation of the country (3 years),2013,2013,1,2013,P5STGBS,1,
tgbs future economic situation of the interviewee and his family,P7STGBS Future economic situation of the interviewee and his family,2020,2020,1,2020,P7STGBS,1,
tgbs how interested would you say you are in politics,P20STGBS How interested would you say you are in politics?,2013,2013,1,2013,P20STGBS,1,
tgbs how likely is it that the government will solve the most important problem you identified within the next five,P10STGBS How likely is it that the government will solve the most important problem you identified within the next five,2013,2013,1,2013,P10STGBS,1,
tgbs in your opinion which is the most important problem facing the country today,"P4STGBS In your opinion, which is the most important problem facing the country today?",2023,2023,1,2023,P4STGBS,1,
tgbs is there any political party that you feel close to,P42STGBS Is there any political party that you feel close to,2023,2023,1,2023,P42STGBS,1,
tgbs is there any political party that you feel you are close to,P49STGBS Is there any political party that you feel you are close to?,2020,2020,1,2020,P49STGBS,1,
tgbs is there any political party you feel closer to than others,P19STGBS Is there any political party you feel closer to than others?,2013,2013,1,2013,P19STGBS,1,
tgbs political party you feel closer,P30STGBS Political party you feel closer,2015,2015,1,2015,P30STGBS,1,
tgbs politics is so complicated,P28STGBS Politics is so complicated,2015,2015,1,2015,P28STGBS,1,
tgbs scale country is democratic,P17STGBS Scale (country) is democratic,2015,2015,1,2015,P17STGBS,1,democracy
tgbs scale of democracy development,P11STGBS Scale of democracy development,2016,2016,1,2016,P11STGBS,1,democracy
tgbs support of democracy,P10STGBS Support of democracy,2020,2020,1,2020,P10STGBS,1,democracy
tgbs thinking of the last national election in country how fair was it regarding the opportunities of the candida,"P25STGBS Thinking of the last national election in (country), how fair was it regarding the opportunities of the candida",2013,2013,1,2013,P25STGBS,1,
tgbs what will be your economic situation and that of your family in twelve months,P8STGBS What will be your economic situation and that of your family in twelve months,2023,2023,1,2023,P8STGBS,1,
tgbs willing to demonstrate and protest about attended a demonstration or protest march,P33STGBS Willing to demonstrate and protest about: Attended a demonstration or protest march,2013,2013,1,2013,P33STGBS,1,
tgbs willing to demonstrate and protest about got together with others to raise an issue or sign a petition,P32STGBS Willing to demonstrate and protest about: Got together with others to raise an issue or sign a petition,2013,2013,1,2013,P32STGBS,1,
tgbsa confidence in the armed forces,P13STGBSA Confidence in the armed forces,2016,2016,1,2016,P13STGBSA,1,institutional_confidence
tgbsa satisfaction with democracy,P9STGBSA Satisfaction with democracy,2016,2016,1,2016,P9STGBSA,1,democracy
tgbsa vote for winning or losing camp,P15STGBSA Vote for winning or losing camp,2016,2016,1,2016,P15STGBSA,1,polarization
tgbsb confidence in police,P13STGBSB Confidence in police,2016,2016,1,2016,P13STGBSB,1,institutional_confidence
tgbsb satisfaction with the functioning of the economy in general in country,P9STGBSB Satisfaction with the functioning of the economy (in general) in (country),2016,2016,1,2016,P9STGBSB,1,
tgbsc a confidence in the armed forces,P15STGBSC.A Confidence in the armed forces,2018,2018,1,2018,P15STGBSC.A,1,institutional_confidence
tgbsc a satisfaction with democracy,P9STGBSC.A Satisfaction with democracy,2017,2017,1,2017,P9STGBSC.A,1,democracy
tgbsc approves how the government led by the president is running the country,P17STGBSC Approves how the government led by the President is running the country,2017,2017,1,2017,P17STGBSC,1,
tgbsc b confidence in police,P15STGBSC.B Confidence in Police,2018,2018,1,2018,P15STGBSC.B,1,institutional_confidence
tgbsc c confidence in the church,P15STGBSC.C Confidence in The Church,2018,2018,1,2018,P15STGBSC.C,1,institutional_confidence
tgbsc d confidence in national congress parliament,P15STGBSC.D Confidence in National Congress/Parliament,2018,2018,1,2018,P15STGBSC.D,1,institutional_confidence
tgbsc do you approve or disapprove the way presidenta s name is leading the country,P20STGBSC Do you approve or disapprove the way (president´s name)is leading the country?,2018,2018,1,2018,P20STGBSC,1,
tgbsc e confidence in the national government,P15STGBSC.E Confidence in The National Government,2018,2018,1,2018,P15STGBSC.E,1,institutional_confidence
tgbsc economic situation of the country compared to the past,P7STGBSC Economic situation of the country compared to the past,2018,2018,1,2018,P7STGBSC,1,
tgbsc f confidence in judicial branch,P15STGBSC.F Confidence in Judicial Branch,2018,2018,1,2018,P15STGBSC.F,1,institutional_confidence
tgbsc future economic situation of the interviewee and his family,P9STGBSC Future economic situation of the interviewee and his family,2018,2018,1,2018,P9STGBSC,1,
tgbsc g confidence in political parties,P15STGBSC.G Confidence in Political parties,2018,2018,1,2018,P15STGBSC.G,1,institutional_confidence
tgbsc h confidence in electoral institution,P15STGBSC.H Confidence in Electoral institution,2018,2018,1,2018,P15STGBSC.H,1,institutional_confidence
tgbsc most important problem of the country,P3STGBSC Most important problem of the country,2018,2018,1,2018,P3STGBSC,1,
tgbsc scale of democracy development,P11STGBSC Scale of democracy development,2017,2017,1,2017,P11STGBSC,1,democracy
th confidence electoral institution,P13STH Confidence: Electoral Institution,2016,2016,1,2016,P13STH,1,institutional_confidence
th how do you inform yourself about politics electronic media internet,P26STH How do you inform yourself about politics?. Electronic media/Internet,2016,2016,1,2016,P26STH,1,
that country has to deal with energy cuts in the future,That (country) has to deal with energy cuts in the future,2007,2007,1,2007,p44nca,1,
that the envorimental problems and the global warming affect negatively the country,That the envorimental problems and the global warming affect negatively the country,2007,2007,1,2007,p44nb,1,
the country cannot resolve its unemployment problems needs the assistance of international organizations,"The country cannot resolve its unemployment problems, needs the assistance of international organizations",2000,2000,1,2000,P42N.C,1,
the creation of one parliament to make common laws,The creation of one parliament to make common laws,2007,2007,1,2007,p48ncc,1,institutional_confidence
the elimination of import and export taxes,The elimination of import and export taxes,2007,2007,1,2007,p48ncb,1,tax_tolerance
the energy crisis is an opportunity to advance in integration,The energy crisis is an opportunity to advance in integration,2007,2007,1,2007,p54ne,1,
the government should collaborate with the international financial organizations,The government should collaborate with the international financial organizations,1998,1998,1,1998,np14g,1,
the government should decide whether certain ideas should be allowed to be discussed in society,The government should decide whether certain ideas should be allowed to be discussed in society,2003,2003,1,2003,p64gb.d,1,
the government should give health,The government should give health,1996,1996,1,1996,p28b,1,
the government should have the power to close a media that publishes things it doesn t like,The government should have the power to close a media that publishes things it doesn't like,2009,2009,1,2009,p20n.c,1,
the government should prioritize keeping prices low or creating of jobs,The government should prioritize keeping prices low or creating of jobs,1998,1998,1,1998,np16,1,
the government should provide a decent standard of living for the elderly,The government should provide a decent standard of living for the elderly,1996,1996,1,1996,p28c,1,
the government should provide a decent standard of living for the unemployment,The government should provide a decent standard of living for the unemployment,1996,1996,1,1996,p28d,1,
the government should reduce the differences between the rich and the poor,The government should reduce the differences between the rich and the poor,1996,1996,1,1996,p28e,1,
the image of country abroad,The image of (country) abroad,2006,2006,1,2006,p48n,1,
the less that government intervenes in the economy the better is for country,The less that government intervenes in the economy the better is for country,2002,2002,1,2002,p22essd,1,
the militaries are not involved in politics,The militaries are not involved in politics,2001,2001,1,2001,p52nuse,1,
the military should fight against drug trafficking in this country,The military should fight against drug trafficking in this country,1997,1997,1,1997,bup27a,1,
the most important in politics is to achieve goals,The most important in politics is to achieve goals,2001,2001,1,2001,p62nusa,1,
the nationalization of private enterprises has been beneficial to the country,The nationalization of private enterprises has been beneficial to the country,2009,2009,1,2009,p81n.e,1,ideology
the only thing that someone like me can do is watch and wait,The only thing that someone like me can do is watch and wait,2002,2002,1,2002,p23ub,1,
the police is more inclined to detain a young man than an adult,The police is more inclined to detain a young man than an adult,2008,2008,1,2008,p57n.c,1,institutional_confidence
the problem of corruption,The problem of corruption,2011,2011,1,2011,P58N.C,1,corruption
the problem of crime,The problem of crime,2011,2011,1,2011,P58N.A,1,
the problem of drug trafficking,The problem of drug trafficking,2011,2011,1,2011,P58N.B,1,
the problem of poverty,The problem of poverty?,2011,2011,1,2011,P58N.D,1,
the solution of the countrya ts social and economic problems,The solution of the country’s social and economic problems,2002,2002,1,2002,p38no2d,1,
the state has too much control of ones daily life,The state has too much control of ones daily life,2003,2003,1,2003,p64gb.c,1,
the two principal priorities that country shares with the us government first mention,The two principal priorities that (country) shares with the US government: First mention,2003,2003,1,2003,p50ia03a,1,
the two principal priorities that country shares with the us government second mention,The two principal priorities that (country) shares with the US government: Second mention,2003,2003,1,2003,p50ia03b,1,
the united states is not committed to free trade,The United States is not committed to free trade,2004,2004,1,2004,p65ia04,1,
the us supports or not a pacific transition to democracy in cuba,The US supports or not a pacific transition to democracy in Cuba,2000,2000,1,2000,P46UA,1,democracy
there are private and state universities which do you think offer students the followinga a better allocation of reso,There are private and state universities. Which do you think offer students the following…?  A better allocation of reso,2011,2011,1,2011,P34NE.A,1,
there are private and state universities which do you think offer students the followinga an education best suited t,There are private and state universities. Which do you think offer students the following…?   An education best suited t,2011,2011,1,2011,P34NE.B,1,
there are private and state universities which do you think offer students the followinga the most prestigious degre,There are private and state universities. Which do you think offer students the following…?   The most prestigious degre,2011,2011,1,2011,P34NE.C,1,
there is freedom of press,There is freedom of press,2001,2001,1,2001,p52nusf,1,
they should limit the replacement of humans by robots even if they are more efficient and cheaper,"P62E They should limit the replacement of humans by robots, even if they are more efficient and cheaper",2018,2018,1,2018,P62E,1,
things one can do in order to influence a government decision attract people with the same interest in the subject and,Things one can do in order to influence a Government decision: Attract people with the same interest in the subject and,2010,2010,1,2010,P25NCC.C,1,
things one can do in order to influence a government decision dona t know no answer,Things one can do in order to influence a Government decision: Don´t know / No answer,2010,2010,1,2010,P25NCC.Z,1,
things one can do in order to influence a government decision none,Things one can do in order to influence a Government decision: None,2010,2010,1,2010,P25NCC.G,1,
things one can do in order to influence a government decision organize a protest,Things one can do in order to influence a Government decision: Organize a  protest,2010,2010,1,2010,P25NCC.E,1,
things one can do in order to influence a government decision other,Things one can do in order to influence a Government decision: Other,2010,2010,1,2010,P25NCC.F,1,
things one can do in order to influence a government decision work through personal or familiar connections with govern,Things one can do in order to influence a Government decision: Work through personal or familiar connections with Govern,2010,2010,1,2010,P25NCC.A,1,meritocracy
things one can do in order to influence a government decision work through your political party,Things one can do in order to influence a Government decision: Work through your Political Party,2010,2010,1,2010,P25NCC.D,1,
things one can do in order to influence a government decision write to government employees explaining your point of vi,Things one can do in order to influence a Government decision: Write to Government employees explaining your point of vi,2010,2010,1,2010,P25NCC.B,1,
things that you have a living room,Things that you have: A living room,2007,2007,1,2007,P91NF,1,
things that you have a photographic or video camera,Things that you have: A photographic or video camera,2007,2007,1,2007,P91NG,1,
things that you have an apartment or house in which the parents have a different room from the children,Things that you have: An apartment or house in which the parents have a different room from the children,2007,2007,1,2007,P91NA,1,
things that you have an average of one hot cooked meal per day,Things that you have: An average of one hot  cooked meal per day,2007,2007,1,2007,P91NB,1,
things that you have don t know no answer,Things that you have: Don't know / No answer,2007,2007,1,2007,P91NI,1,
things that you have garden balcony or terrace,"Things that you have: Garden, balcony or terrace",2007,2007,1,2007,P91NC,1,
things that you have not applicable,Things that you have: Not applicable,2007,2007,1,2007,P91NH,1,
things that you have one week of vacation travel per year,Things that you have: One week of vacation travel per year,2007,2007,1,2007,P91ND,1,
things that you have pension plan,Things that you have: Pension plan,2007,2007,1,2007,P91NE,1,
things the country has in order to develop access to capital,Things the country has in order to develop: Access to capital,1997,1997,1,1997,nsp50c,1,
things the country has in order to develop adequate infrastructure,Things the country has in order to develop: Adequate infrastructure,1997,1997,1,1997,nsp50h,1,
things the country has in order to develop cheap labor,Things the country has in order to develop: Cheap labor,1997,1997,1,1997,nsp50a,1,
things the country has in order to develop efficient government,Things the country has in order to develop: Efficient government,1997,1997,1,1997,nsp50d,1,
things the country has in order to develop innovative businessmen,Things the country has in order to develop: Innovative businessmen,1997,1997,1,1997,nsp50f,1,
things the country has in order to develop latest technology,Things the country has in order to develop: Latest technology,1997,1997,1,1997,nsp50g,1,
things the country has in order to develop none,Things the country has in order to develop: None,1997,1997,1,1997,nsp50i,1,
things the country has in order to develop plenty of row materials,Things the country has in order to develop: Plenty of row materials,1997,1997,1,1997,nsp50e,1,
things the country has in order to develop qualified work force,Things the country has in order to develop: Qualified work force,1997,1997,1,1997,nsp50b,1,
things usually done in order not to get infected with the virus dona t know no answer,P81N_05 Things usually done in order not to get infected with the virus: Don´t know / No answer,2020,2020,1,2020,P81N_05,1,
things usually done in order not to get infected with the virus keep social distance,P81N_03 Things usually done in order not to get infected with the virus: Keep social distance,2020,2020,1,2020,P81N_03,1,
things usually done in order not to get infected with the virus none of the above,P81N_04 Things usually done in order not to get infected with the virus: None of the above,2020,2020,1,2020,P81N_04,1,
things usually done in order not to get infected with the virus wash your hands or use alcohol gel,P81N_02 Things usually done in order not to get infected with the virus: Wash your hands or use alcohol/gel,2020,2020,1,2020,P81N_02,1,
things usually done in order not to get infected with the virus wear a face mask,P81N_01 Things usually done in order not to get infected with the virus: Wear a face mask,2020,2020,1,2020,P81N_01,1,
things would be ready to do for the preservation of the environment none,Things would be ready to do for the preservation of the environment: None,2001,2001,1,2001,p80std,1,
things would be ready to do for the preservation of the environment participate in an environmental campaign,Things would be ready to do for the preservation of the environment: Participate in an environmental campaign,2000,2000,1,2000,P68ST.B,1,
things you know europe businesses,Things you know Europe: Businesses,2004,2004,1,2004,p73nu.6,1,
things you know europe cities,Things you know Europe: Cities,2004,2004,1,2004,p73nu.7,1,
things you know europe colonies,Things you know Europe: Colonies,2004,2004,1,2004,p73nu.12,1,
things you know europe dona t know no answer,Things you know Europe: Don´t know/No answer,2004,2004,1,2004,p73nu.13,1,
things you know europe food,Things you know Europe: Food,2004,2004,1,2004,p73nu.1,1,
things you know europe geography,Things you know Europe: Geography,2004,2004,1,2004,p73nu.11,1,
things you know europe leaders,Things you know Europe: Leaders,2004,2004,1,2004,p73nu.5,1,
things you know europe monuments,Things you know Europe: Monuments,2004,2004,1,2004,p73nu.10,1,
things you know europe music,Things you know Europe: Music,2004,2004,1,2004,p73nu.4,1,
things you know europe products,Things you know Europe: Products,2004,2004,1,2004,p73nu.3,1,
things you know europe soccer,Things you know Europe: Soccer,2004,2004,1,2004,p73nu.2,1,
things you know europe traditions,Things you know Europe: Traditions,2004,2004,1,2004,p73nu.9,1,
things you know europe wars,Things you know Europe: Wars,2004,2004,1,2004,p73nu.8,1,
things you must do in order to be a citizen always obey laws and regulations,Things you must do in order to be a citizen: Always obey laws and regulations,2011,2011,1,2011,P21STC,1,
things you must do in order to be a citizen be willing to serve in the military at a time of need,Things you must do in order to be a citizen: Be willing to serve in the military at a time of need.,2011,2011,1,2011,P21STH,1,
things you must do in order to be a citizen choose products environmentally,Things you must do in order to be a citizen: Choose products environmentally,2011,2011,1,2011,P21STF,1,
things you must do in order to be a citizen don t know no answer,Things you must do in order to be a citizen: Don't know / No answer,2011,2011,1,2011,P21STZ,1,
things you must do in order to be a citizen help people in country who are worse off than yourself,Things you must do in order to be a citizen: Help people in (country)who are worse off than yourself,2011,2011,1,2011,P21STG,1,
things you must do in order to be a citizen participate in political organizations,Things you must do in order to be a citizen: Participate in political organizations,2011,2011,1,2011,P21STE,1,
things you must do in order to be a citizen participate in social organizations,Things you must do in order to be a citizen: Participate in social organizations,2011,2011,1,2011,P21STD,1,
things you must do in order to be a citizen pay taxes,Things you must do in order to be a citizen: Pay taxes,2011,2011,1,2011,P21STB,1,tax_tolerance
things you must do in order to be a citizen vote in elections,Things you must do in order to be a citizen: Vote in elections,2011,2011,1,2011,P21STA,1,
thinking about the future would you be willing to be operated by a doctor at a distance,"P55N.B Thinking about the future, would you be willing to: Be operated by a doctor at a distance",2017,2017,1,2017,P55N.B,1,
thinking about the future would you be willing to eating artificially created meat,"P55N.C Thinking about the future, would you be willing to: Eating artificially created meat",2017,2017,1,2017,P55N.C,1,
thinking about the future would you be willing to riding a robot driven vehicle,"P55N.A Thinking about the future, would you be willing to: Riding a robot-driven vehicle",2017,2017,1,2017,P55N.A,1,
thinking in your payments purchases how many are digital with credit card debit qr codes,"P55N Thinking in your payments, purchases. How many are digital with credit card, debit, QR codes?",2023,2023,1,2023,P55N,1,
thinking of a nationality child,Thinking of a (nationality) child,2005,2005,1,2005,p88n,1,
thinking of the countries on this list which would you like country to be most like think of a country in a general,"Thinking of the countries on this list, which would you like (country) to be most like? Think of a country in a general",2011,2011,1,2011,P48NIA,1,
thinking specifically about state school teachers in country please tell me how you would rate them a very good fai,"Thinking specifically about state school teachers in (country), please tell me how  you would rate them – very good, fai",2011,2011,1,2011,P35NIA.A; P35NIA.B; P35NIA.C,1,
this economic crisis will change financial institutions,This economic crisis will change: Financial institutions,2009,2009,1,2009,p84n.b,1,institutional_confidence
this economic crisis will change globalization,This economic crisis will change: Globalization,2009,2009,1,2009,p84n.a,1,
this economic crisis will change the states,This economic crisis will change: The States,2009,2009,1,2009,p84n.c,1,
this kind of behavior has tended to increase or decrease,This kind of behavior has tended to increase or decrease?,1998,1998,1,1998,np65,1,
ti how do you inform yourself about politics television,P26STI How do you inform yourself about politics?. Television,2016,2016,1,2016,P26STI,1,
tic future economic situation of the country,P8STIC Future economic situation of the country,2018,2018,1,2018,P8STIC,1,
time to eliminate corruption,Time to eliminate corruption,2004,2004,1,2004,p55n,1,corruption
tin a agreement disagreement a robots will take away my job in ten years time,P30STIN.A Agreement/Disagreement: A Robots will take away my job in ten years time,2023,2023,1,2023,P30STIN.A,1,
tin a for or against the integration of your country with the other countries of latin america,P29STIN.A For or against the integration of your country with the other countries of Latin America,2023,2023,1,2023,P29STIN.A,1,
tin b for or against the integration of your country with other countries outside of latin america,P29STIN.B For or against the integration of your country with other countries outside of Latin America,2023,2023,1,2023,P29STIN.B,1,
tin integration of country with other countries in the region has increased decreased in the last 5 years,P28STIN Integration of {COUNTRY} with other countries in the region has increased/decreased in the last 5 years,2023,2023,1,2023,P28STIN,1,
tj how do you inform yourself about politics others,P26STJ How do you inform yourself about politics?. Others,2016,2016,1,2016,P26STJ,1,
tk how do you inform yourself about politics none,P26STK How do you inform yourself about politics?. None,2016,2016,1,2016,P26STK,1,
tm 01 groups involved in corruption the president and officials at office,P71STM_01 Groups involved in corruption: The president and officials at office,2020,2020,1,2020,P71STM_01,1,corruption
tm 02 groups involved in corruption parlament members,P71STM_02 Groups involved in corruption: Parlament members,2020,2020,1,2020,P71STM_02,1,corruption
tm 03 groups involved in corruption civil servants,P71STM_03 Groups involved in corruption: Civil servants,2020,2020,1,2020,P71STM_03,1,corruption
tm 04 groups involved in corruption local government,P71STM_04 Groups involved in corruption: Local Government,2020,2020,1,2020,P71STM_04,1,corruption
tm 05 groups involved in corruption police,P71STM_05 Groups involved in corruption: Police,2020,2020,1,2020,P71STM_05,1,corruption; institutional_confidence
tm 06 groups involved in corruption irs tax officials,P71STM_06 Groups involved in corruption: IRS Tax officials,2020,2020,1,2020,P71STM_06,1,corruption; tax_tolerance
tm 07 groups involved in corruption judges and magistrates,P71STM_07 Groups involved in corruption: Judges and magistrates,2020,2020,1,2020,P71STM_07,1,corruption
tm 08 groups involved in corruption religious leaders,P71STM_08 Groups involved in corruption: Religious leaders,2020,2020,1,2020,P71STM_08,1,corruption
tm 09 groups involved in corruption entrepreneurs,P71STM_09 Groups involved in corruption: Entrepreneurs,2020,2020,1,2020,P71STM_09,1,corruption
tm 10 groups involved in corruption some families,P71STM_10 Groups involved in corruption: Some Families,2020,2020,1,2020,P71STM_10,1,corruption
tm 11 groups involved in corruption dona t know no answer,P71STM_11 Groups involved in corruption: Don´t know / No answer,2020,2020,1,2020,P71STM_11,1,corruption
tm a knowledge of international institutions imf international monetary fund,P36STM.A Knowledge of international institutions: IMF International Monetary Fund,2020,2020,1,2020,P36STM.A,1,institutional_confidence
tm a subjects most important for the development of your country enviroment and climate change,P51STM_A Subjects most important for the development of your country: Enviroment and climate change,2016,2016,1,2016,P51STM_A,1,
tm b agreement disagreement i wouldn t mind if an undemocratic government came to power if it can solve the problems,P18STM.B Agreement/Disagreement: I wouldn't mind if an undemocratic government came to power if it can solve the problems,2023,2023,1,2023,P18STM.B,1,democracy
tm b knowledge of international institutions iadb interamerican development bank,P36STM.B Knowledge of international institutions: IADB (Interamerican Development Bank),2020,2020,1,2020,P36STM.B,1,institutional_confidence
tm b subjects most important for the development of your country social policies social inclusion and poverty,"P51STM_B Subjects most important for the development of your country: Social policies, social inclusion and poverty",2016,2016,1,2016,P51STM_B,1,
tm b wouldna t mind if an undemocratic government came to power if it can solve the problems,P22STM.B Wouldn´t mind if an undemocratic government came to power if it can solve the problems,2020,2020,1,2020,P22STM.B,1,democracy
tm c agreement disagreement in case of difficulties it is alright for the president to control the media,"P18STM.C Agreement/Disagreement: In case of difficulties, it is alright for the president to control the media",2023,2023,1,2023,P18STM.C,1,
tm c citizens from other countries richest countries accept immigrants from the poorest countries,P44STM.C Citizens from other countries: Richest countries - accept immigrants from the poorest countries,2015,2015,1,2015,P44STM.C,1,
tm c democracy allows us to solve the problems we have,P20STM.C Democracy allows us to solve the problems we have,2020,2020,1,2020,P20STM.C,1,democracy
tm c knowledge of international institutions caf latin american development bank,P36STM.C Knowledge of international institutions: CAF (Latin American Development Bank),2020,2020,1,2020,P36STM.C,1,institutional_confidence
tm c subjects most important for the development of your country infraestructure of transport energy water and sa,"P51STM_C Subjects most important for the development of your country: Infraestructure of transport, energy, water and sa",2016,2016,1,2016,P51STM_C,1,
tm credibility of politics and politicians,P35STM Credibility of politics and politicians,2016,2016,1,2016,P35STM,1,
tm d in case of difficulties it is right for the president to control the media,P20STM.D In case of difficulties it is right for the president to control the media,2020,2020,1,2020,P20STM.D,1,
tm d knowledge of international institutions world bank,P36STM.D Knowledge of international institutions: World Bank,2020,2020,1,2020,P36STM.D,1,institutional_confidence
tm d subjects most important for the development of your country quality of public institutions,P51STM_D Subjects most important for the development of your country: Quality of public institutions,2016,2016,1,2016,P51STM_D,1,institutional_confidence
tm e rating of the relationship between the country and india,P41STM.E Rating of the relationship between the country and India,2018,2018,1,2018,P41STM.E,1,
tm e relations between country and india,P46STM.E Relations between (country) and India,2017,2017,1,2017,P46STM.E,1,
tm e relations between country and venezuela,P31STM.E Relations between country and Venezuela,2020,2020,1,2020,P31STM.E,1,
tm f subjects most important for the development of your country rule of law and compliance of laws,P51STM_F Subjects most important for the development of your country: Rule of law and compliance of laws,2016,2016,1,2016,P51STM_F,1,
tm funding of political parties should be mainly in state private hands,P32STM Funding of political parties should be mainly in State/Private hands,2016,2016,1,2016,P32STM,1,institutional_confidence
tm g subjects most important for the development of your country gender equity,P51STM_G Subjects most important for the development of your country: Gender equity,2016,2016,1,2016,P51STM_G,1,
tm h subjects most important for the development of your country equity of opportunities for everyone,P51STM_H Subjects most important for the development of your country: Equity of opportunities for everyone,2016,2016,1,2016,P51STM_H,1,
tm i subjects most important for the development of your country integration with the region and world,P51STM_I Subjects most important for the development of your country: Integration with the region and world,2016,2016,1,2016,P51STM_I,1,
tm in the last presidential election what did you do,P24STM In the last presidential election what did you do?,2015,2015,1,2015,P24STM,1,
tm j subjects most important for the development of your country innovation,P51STM_J Subjects most important for the development of your country: Innovation,2016,2016,1,2016,P51STM_J,1,
tm k subjects most important for the development of your country productivity,P51STM_K Subjects most important for the development of your country: Productivity,2016,2016,1,2016,P51STM_K,1,
tm l subjects most important for the development of your country human capital,P51STM_L Subjects most important for the development of your country: Human capital,2016,2016,1,2016,P51STM_L,1,
tm last presidential elections in this country,P26STM Last presidential elections in this country,2015,2015,1,2015,P26STM,1,
tm m subjects most important for the development of your country dk na,P51STM_M Subjects most important for the development of your country: DK/NA,2016,2016,1,2016,P51STM_M,1,
tm people say there is a world terrorism threat,P33STM People say there is a world terrorism threat,2016,2016,1,2016,P33STM,1,
tm support a government that passes over laws if things get difficult,P18STM Support a government that passes over laws if things get difficult,2016,2016,1,2016,P18STM,1,
tm would support a military government,P21STM Would support a military government,2020,2020,1,2020,P21STM,1,democracy
tm would support a military government if things get too difficult,P20STM Would support a military government if things get too difficult,2023,2023,1,2023,P20STM,1,democracy
tma most important subjects for the development of your country environment and climate change,P51STMA Most important subjects for the development of your country: Environment and climate change,2017,2017,1,2017,P51STMA,1,
tma which industries are good for you to have foreign capital agricultural industry,P54STMA Which industries are good for you to have foreign capital: Agricultural industry,2017,2017,1,2017,P54STMA,1,
tmb a confidence in international institutions imf international monetary fund,P36STMB.A Confidence in international institutions: IMF International Monetary Fund,2020,2020,1,2020,P36STMB.A,1,institutional_confidence
tmb b confidence in international institutions bid interamerican development bank,P36STMB.B Confidence in international institutions: BID (Interamerican Development Bank),2020,2020,1,2020,P36STMB.B,1,institutional_confidence
tmb c confidence in international institutions caf latin american development bank,P36STMB.C Confidence in international institutions: CAF (Latin American Development Bank),2020,2020,1,2020,P36STMB.C,1,institutional_confidence
tmb d confidence in international institutions world bank,P36STMB.D Confidence in international institutions: World Bank,2020,2020,1,2020,P36STMB.D,1,institutional_confidence
tmb degree of agreement i wouldna tt mind a non democratic government in power if it could resolve problems,P44STMB Degree of agreement:  I wouldn’t mind a non-democratic government in power if it could resolve problems,2016,2016,1,2016,P44STMB,1,democracy
tmb most important subjects for the development of your country social policies social inclusion and poverty,"P51STMB Most important subjects for the development of your country: Social policies, social inclusion and Poverty",2017,2017,1,2017,P51STMB,1,
tmb which industries are good for you to have foreign capital mining,P54STMB Which industries are good for you to have foreign capital: Mining,2017,2017,1,2017,P54STMB,1,
tmc degree of agreement some people say that democracy allows us to solve the problems that we have in country,P44STMC Degree of agreement: Some people say that democracy allows us to solve the problems that we have in (Country),2016,2016,1,2016,P44STMC,1,democracy
tmc most important subjects for the development of your country transport energy water and sanitation infrastruct,"P51STMC Most important subjects for the development of your country: Transport, energy, water and sanitation infrastruct",2017,2017,1,2017,P51STMC,1,
tmc which industries are good for you to have foreign capital energy and water services,P54STMC Which industries are good for you to have foreign capital: Energy and Water Services,2017,2017,1,2017,P54STMC,1,
tmd in case of difficulties the president controls the media,P44STMD In case of difficulties: The president controls the media,2016,2016,1,2016,P44STMD,1,
tmd most important subjects for the development of your country quality of public institutions,P51STMD Most important subjects for the development of your country: Quality of public institutions,2017,2017,1,2017,P51STMD,1,institutional_confidence
tmd which industries are good for you to have foreign capital electronics industry,P54STMD Which industries are good for you to have foreign capital: Electronics industry,2017,2017,1,2017,P54STMD,1,
tme most important subjects for the development of your country rule of law and enforcement,P51STME Most important subjects for the development of your country: Rule of law and enforcement,2017,2017,1,2017,P51STME,1,
tme the market economy is the only system with which the country can become a developed country,P44STME The market economy is the only system with which the country can become a developed country,2016,2016,1,2016,P44STME,1,ideology
tme which industries are good for you to have foreign capital appliances,P54STME Which industries are good for you to have foreign capital: Appliances,2017,2017,1,2017,P54STME,1,
tmf most important subjects for the development of your country gender equality,P51STMF Most important subjects for the development of your country: Gender equality,2017,2017,1,2017,P51STMF,1,
tmf which industries are good for you to have foreign capital automotive industry,P54STMF Which industries are good for you to have foreign capital: Automotive industry,2017,2017,1,2017,P54STMF,1,
tmg most important subjects for the development of your country equal opportunities for all,P51STMG Most important subjects for the development of your country: Equal opportunities for all,2017,2017,1,2017,P51STMG,1,meritocracy
tmg which industries are good for you to have foreign capital chemicals and medicines,P54STMG Which industries are good for you to have foreign capital: Chemicals and medicines,2017,2017,1,2017,P54STMG,1,
tmh most important subjects for the development of your country integration with the region and world,P51STMH Most important subjects for the development of your country: Integration with the region and world,2017,2017,1,2017,P51STMH,1,
tmh which industries are good for you to have foreign capital telecommunications services,P54STMH Which industries are good for you to have foreign capital: Telecommunications services,2017,2017,1,2017,P54STMH,1,
tmi most important subjects for the development of your country innovation,P51STMI Most important subjects for the development of your country: Innovation,2017,2017,1,2017,P51STMI,1,
tmi which industries are good for you to have foreign capital financial services banks,P54STMI Which industries are good for you to have foreign capital: Financial Services (Banks),2017,2017,1,2017,P54STMI,1,
tmj most important subjects for the development of your country productivity,P51STMJ Most important subjects for the development of your country: Productivity,2017,2017,1,2017,P51STMJ,1,
tmj which industries are good for you to have foreign capital infrastructure works,P54STMJ Which industries are good for you to have foreign capital: Infrastructure works,2017,2017,1,2017,P54STMJ,1,
tmk most important subjects for the development of your country human capital,P51STMK Most important subjects for the development of your country: Human capital,2017,2017,1,2017,P51STMK,1,
tmx which industries are good for you to have foreign capital none,P54STMX Which industries are good for you to have foreign capital: None,2017,2017,1,2017,P54STMX,1,
tmz most important subjects for the development of your country dona t know no answer,P51STMZ Most important subjects for the development of your country: Don´t know/No answer,2017,2017,1,2017,P51STMZ,1,
tmz which industries are good for you to have foreign capital dona t know no answer,P54STMZ Which industries are good for you to have foreign capital: Don´t know/No answer,2017,2017,1,2017,P54STMZ,1,
tn d political action protest in social media,P45STN.D Political action: Protest in social media,2023,2023,1,2023,P45STN.D,1,
tnc have you ever used e mail or connected to internet,P82STNC Have  you  ever  used  e-mail  or  connected  to Internet?,2013,2013,1,2013,P82STNC,1,
to improve things complained over the poor quality of a product or service,To improve things: Complained over the poor quality of a product or service,2004,2004,1,2004,p44es.9,1,
to improve things contacted a public servant or politician,To improve things: Contacted a public servant or politician,2004,2004,1,2004,p44es.1,1,
to improve things contacted the media,To improve things: Contacted the media,2004,2004,1,2004,p44es.8,1,
to improve things have never done anything,To improve things: Have never done anything,2004,2004,1,2004,p44es.10,1,
to improve things participated in illegal protests,To improve things: Participated in illegal protests,2004,2004,1,2004,p44es.7,1,
to improve things signed a petition,To improve things: Signed a petition,2004,2004,1,2004,p44es.4,1,
to improve things stopped buying a particular product,To improve things: Stopped buying a particular product,2004,2004,1,2004,p44es.6,1,
to improve things taken part in a public demonstration,To improve things: Taken part in a public demonstration,2004,2004,1,2004,p44es.5,1,
to improve things worked for or donated to a political party or group,To improve things: Worked for or donated to a political party or group,2004,2004,1,2004,p44es.2,1,
to improve things worked for or donated to other organization or association,To improve things: Worked for or donated to other organization or association,2004,2004,1,2004,p44es.3,1,
to live in another country,To live in another country,1996,1996,1,1996,p61,1,
to solve problems in neighborhood demonstration strike sit in,"To solve problems in neighborhood: Demonstration, strike, sit-in",2001,2001,1,2001,p57nasg,1,
to what extent do the following freedoms rights life chances and guarantees apply in country chance to get a job,"To what extent do the following freedoms, rights, life-chances and guarantees apply in (country)?  Chance to get a job.",2011,2011,1,2011,P41ST.M,1,
to what extent do the following freedoms rights life chances and guarantees apply in country equality of life chan,"To what extent do the following freedoms, rights, life-chances and guarantees apply in (country)?  Equality of life chan",2011,2011,1,2011,P41ST.G,1,
to what extent do the following freedoms rights life chances and guarantees apply in country freedom of political,"To what extent do the following freedoms, rights, life-chances and guarantees apply in (country)?  Freedom of political",2011,2011,1,2011,P41ST.A,1,
to what extent do the following freedoms rights life chances and guarantees apply in country freedom of religion f,"To what extent do the following freedoms, rights, life-chances and guarantees apply in (country)?  Freedom of religion/f",2011,2011,1,2011,P41ST.I,1,
to what extent do the following freedoms rights life chances and guarantees apply in country freedom of speech alw,"To what extent do the following freedoms, rights, life-chances and guarantees apply in (country)?  Freedom of speech alw",2011,2011,1,2011,P41ST.H,1,
to what extent do the following freedoms rights life chances and guarantees apply in country freedom to choose one,"To what extent do the following freedoms, rights, life-chances and guarantees apply in (country)?  Freedom to choose one",2011,2011,1,2011,P41ST.B,1,
to what extent do the following freedoms rights life chances and guarantees apply in country just and fair distrib,"To what extent do the following freedoms, rights, life-chances and guarantees apply in (country)?  Just and fair distrib",2011,2011,1,2011,P41ST.E,1,
to what extent do the following freedoms rights life chances and guarantees apply in country protection against cr,"To what extent do the following freedoms, rights, life-chances and guarantees apply in (country)?  Protection against cr",2011,2011,1,2011,P41ST.J,1,
to what extent do the following freedoms rights life chances and guarantees apply in country protection of private,"To what extent do the following freedoms, rights, life-chances and guarantees apply in (country)?  Protection of private",2011,2011,1,2011,P41ST.D,1,
to what extent do the following freedoms rights life chances and guarantees apply in country protection of the env,"To what extent do the following freedoms, rights, life-chances and guarantees apply in (country)?  Protection of the env",2011,2011,1,2011,P41ST.C,1,
to what extent do the following freedoms rights life chances and guarantees apply in country social security,"To what extent do the following freedoms, rights, life-chances and guarantees apply in (country)?  Social security.",2011,2011,1,2011,P41ST.K,1,
to what extent do the following freedoms rights life chances and guarantees apply in country solidarity with the p,"To what extent do the following freedoms, rights, life-chances and guarantees apply in (country)?  Solidarity with the p",2011,2011,1,2011,P41ST.L,1,
topics of conversation over which you would fight with a friend fight over poverty,Topics of conversation over which you would fight with a friend: Fight over poverty,1997,1997,1,1997,nsp71a,1,
topics of conversation over which you would fight with a friend no answer,Topics of conversation over which you would fight with a friend: No answer,1997,1997,1,1997,nsp71k,1,
topics of conversation over which you would fight with a friend none,Topics of conversation over which you would fight with a friend: None,1997,1997,1,1997,nsp71j,1,
topics of conversation over which you would fight with a friend other,Topics of conversation over which you would fight with a friend: Other,1997,1997,1,1997,nsp71i,1,
topics of conversation over which you would fight with a friend over economics issues,Topics of conversation over which you would fight with a friend: Over economics issues,1997,1997,1,1997,nsp71e,1,
topics of conversation over which you would fight with a friend over human rights,Topics of conversation over which you would fight with a friend: Over human rights,1997,1997,1,1997,nsp71g,1,
topics of conversation over which you would fight with a friend over international politics,Topics of conversation over which you would fight with a friend: Over international politics,1997,1997,1,1997,nsp71h,1,
topics of conversation over which you would fight with a friend over morality,Topics of conversation over which you would fight with a friend: Over morality,1997,1997,1,1997,nsp71b,1,
topics of conversation over which you would fight with a friend over political issues,Topics of conversation over which you would fight with a friend: Over political issues,1997,1997,1,1997,nsp71f,1,
topics of conversation over which you would fight with a friend over religion,Topics of conversation over which you would fight with a friend: Over religion,1997,1997,1,1997,nsp71d,1,
topics of conversation over which you would fight with a friend over sex,Topics of conversation over which you would fight with a friend: Over sex,1997,1997,1,1997,nsp71c,1,
topics of conversation over which you would fight with a friend second mention,Topics of conversation over which you would fight with a friend: Second mention,2004,2004,1,2004,p12st.2,1,
topics of conversation over which you would fight with a friend third mention,Topics of conversation over which you would fight with a friend: Third mention,2004,2004,1,2004,p12st.3,1,
trade with other countries help harm to the economy nation,Trade with other countries help/harm to the economy nation,1996,1996,1,1996,p51,1,
trading benefit between china and country,P32N.B Trading benefit between China and (country),2020,2020,1,2020,P32N.B,1,
training,Training,1995,1995,1,1995,s8a,1,
transparency in the government,P55N.A Transparency in the government,2015,2015,1,2015,P55N.A,1,corruption
transparency in the private companies,P55N.C Transparency in the private companies,2015,2015,1,2015,P55N.C,1,corruption
transparency in the state,P55N.B Transparency in the State,2015,2015,1,2015,P55N.B,1,corruption
treatment of immigrants in spain from your country,Treatment of immigrants in Spain from your country,2004,2004,1,2004,p74el,1,
trust in un,Trust in UN,1995,1995,1,1995,p55,1,institutional_confidence
trust that institutions operate to improve our quality of life social media,P14N.I Trust that institutions operate to improve our quality of life: Social media,2023,2023,1,2023,P14N.I,1,institutional_confidence
tti how good or how bad would you say that the current government is trying to fight against public corruption,P39STTI How good or how bad would you say that the current government is trying to fight against public corruption,2017,2017,1,2017,P39STTI,1,corruption
tti if i witnessed an act of corruption i would personally feel forced to report it,"P25STTI If I witnessed an act of corruption, I would personally feel forced to report it",2017,2017,1,2017,P25STTI,1,corruption
tti variation of the level of corruption in country since last year,P80STTI Variation of the level of corruption in (COUNTRY) since last year,2018,2018,1,2018,P80STTI,1,corruption
tva s performance of its social responsibility,TV´s performance of its social responsibility,2003,2003,1,2003,p36na,1,
two values most shared between nationality and north americans first mention,Two values most shared between (nationality) and North Americans: First mention,2003,2003,1,2003,p49ia03a,1,
two values most shared between nationality and north americans second mention,Two values most shared between (nationality) and North Americans: Second mention,2003,2003,1,2003,p49ia03b,1,
type of violence most harmful to the country s development bullying,P40N_A Type of violence most harmful to the country's development: Bullying,2016,2016,1,2016,P40N_A,1,
type of violence most harmful to the country s development dk na,P40N_I Type of violence most harmful to the country's development: DK/NA,2016,2016,1,2016,P40N_I,1,
type of violence most harmful to the country s development domestic violence with children,P40N_B Type of violence most harmful to the country's development: Domestic violence with children,2016,2016,1,2016,P40N_B,1,
type of violence most harmful to the country s development domestic violence with women,P40N_C Type of violence most harmful to the country's development: Domestic violence with women,2016,2016,1,2016,P40N_C,1,
type of violence most harmful to the country s development gangs,P40N_F Type of violence most harmful to the country's development: Gangs,2016,2016,1,2016,P40N_F,1,
type of violence most harmful to the country s development organized crime,P40N_E Type of violence most harmful to the country's development: Organized Crime,2016,2016,1,2016,P40N_E,1,
type of violence most harmful to the country s development state violence,P40N_G Type of violence most harmful to the country's development: State Violence,2016,2016,1,2016,P40N_G,1,
type of violence most harmful to the country s development verbal violence,P40N_H Type of violence most harmful to the country's development: Verbal violence,2016,2016,1,2016,P40N_H,1,
type of violence most harmful to the country s development violence on the streets,P40N_D Type of violence most harmful to the country's development: Violence on the streets,2016,2016,1,2016,P40N_D,1,
type of violence most usual where you live bullying,P41N_A Type of violence most usual where you live: Bullying,2016,2016,1,2016,P41N_A,1,
type of violence most usual where you live dk na,P41N_I Type of violence most usual where you live: DK/NA,2016,2016,1,2016,P41N_I,1,
type of violence most usual where you live domestic violence with children,P41N_B Type of violence most usual where you live: Domestic violence with children,2016,2016,1,2016,P41N_B,1,
type of violence most usual where you live domestic violence with women,P41N_C Type of violence most usual where you live: Domestic violence with women,2016,2016,1,2016,P41N_C,1,
type of violence most usual where you live gangs,P41N_F Type of violence most usual where you live: Gangs,2016,2016,1,2016,P41N_F,1,
type of violence most usual where you live organized crime,P41N_E Type of violence most usual where you live: Organized Crime,2016,2016,1,2016,P41N_E,1,
type of violence most usual where you live state violence,P41N_G Type of violence most usual where you live: State Violence,2016,2016,1,2016,P41N_G,1,
type of violence most usual where you live verbal violence,P41N_H Type of violence most usual where you live: Verbal violence,2016,2016,1,2016,P41N_H,1,
type of violence most usual where you live violence on the streets,P41N_D Type of violence most usual where you live: Violence on the streets,2016,2016,1,2016,P41N_D,1,
u problem of drug trafficking more resources no answer,P70NU Problem of drug trafficking - more resources: No answer,2013,2013,1,2013,P70NU,1,
unemployment during the next 12 months,Unemployment during the next 12 months,2011,2011,1,2011,S2NICC8,1,
united states is sincerely interested in helping to solve the problems of country,United States is sincerely interested in helping to solve the problems of (country),2009,2009,1,2009,p47stia,1,
universities should be mainly in state private hands,Universities should be mainly in State/Private hands,2008,2008,1,2008,p93n.h,1,
university education in your country compared to 10 years ago,University education in (your country) compared to 10 years ago,2011,2011,1,2011,P27NE.B,1,
usa promotes democracy,USA Promotes democracy,2006,2006,1,2006,p57ia.c,1,democracy
use of electronic mail or internet connection do shopping,Use of electronic mail or Internet connection: Do shopping,2011,2011,1,2011,S33ST.AG,1,
use of electronic mail or internet connection don t know no answer,Use of electronic mail or Internet connection: Don't know/No answer,2011,2011,1,2011,S33ST.AZ,1,
use of electronic mail or internet connection entertainment,Use of electronic mail or Internet connection: Entertainment,2011,2011,1,2011,S33ST.AC,1,
use of electronic mail or internet connection not applicable,Use of electronic mail or Internet connection: Not applicable,2011,2011,1,2011,S33ST.AY,1,
use of electronic mail or internet connection other,Use of electronic mail or Internet connection: Other,2011,2011,1,2011,S33ST.AH,1,
use of electronic mail or internet connection search information,Use of electronic mail or Internet connection: Search information,2011,2011,1,2011,S33ST.AB,1,
use of electronic mail or internet connection study,Use of electronic mail or Internet connection: Study,2011,2011,1,2011,S33ST.AE,1,
use of electronic mail or internet connection to do steps,Use of electronic mail or Internet connection: To do steps,2011,2011,1,2011,S33ST.AF,1,
use of electronic mail or internet connection use electronic mail messaging,Use of electronic mail or Internet connection: Use electronic mail/messaging,2011,2011,1,2011,S33ST.AA,1,
use of electronic mail or internet connection work,Use of electronic mail or Internet connection: Work,2011,2011,1,2011,S33ST.AD,1,
v problem of drug trafficking more resources dona t know,P70NV Problem of drug trafficking - more resources: Don´t know,2013,2013,1,2013,P70NV,1,
value of a complaint against mistreatment goods and services,Value of a complaint against mistreatment (goods and services),2002,2002,1,2002,p22u,1,
variation of us influence,Variation of US influence,2008,2008,1,2008,p41ia,1,
variation of us influence is positive or negative,Variation of US influence is positive or negative,2008,2008,1,2008,p42ia,1,
violence has increased or decreased,Violence has increased or decreased,2000,2000,1,2000,P21ST.A,1,
violence in neighborhood or living place family violence,Violence in neighborhood or living place: Family violence,2008,2008,1,2008,p78n.b,1,
violence in neighborhood or living place fight between bands or groups,Violence in neighborhood or living place: fight between bands or groups,2008,2008,1,2008,p78n.d,1,
violence in neighborhood or living place fight between neighbors,Violence in neighborhood or living place: fight between neighbors,2008,2008,1,2008,p78n.c,1,
violence in neighborhood or living place quarrels mistreat fighting at schools,"Violence in neighborhood or living place: Quarrels, mistreat, fighting at schools",2008,2008,1,2008,p78n.a,1,
violence will impede the installation of democracy in iraq,Violence will impede the installation of democracy in Iraq,2004,2004,1,2004,p77nc,1,democracy
violence within family against children,Violence within family: Against children,2006,2006,1,2006,p72n.b,1,
violence within family against old people,Violence within family: Against old people,2006,2006,1,2006,p72n.c,1,
violence within family against women,Violence within family: Against women,2006,2006,1,2006,p72n.a,1,
voted in the last municipal elections,Voted in the last municipal elections,2000,2000,1,2000,P53BD.A,1,
voted in the last parliamentary elections,Voted in the last parliamentary elections,2000,2000,1,2000,P53BD.B,1,institutional_confidence
vscs g agreement disagreement when jobs are scarse men should have more right than women to have a job,P37WVSCS.G Agreement/Disagreement: When Jobs are scarse men should have more right than women to have a job,2023,2023,1,2023,P37WVSCS.G,1,
vscs h agreement disagreement homosexual couples are equally good parents as other couples,P37WVSCS.H Agreement/Disagreement: Homosexual couples are equally good parents as other couples,2023,2023,1,2023,P37WVSCS.H,1,
vsna most important problem first mention,P34WVSNA Most important problem: First mention,2023,2023,1,2023,P34WVSNA,1,
vsnb most important problem second mention,P34WVSNB Most important problem: Second mention,2023,2023,1,2023,P34WVSNB,1,
vsstcs d agreement disagreement men are better political leaders than women,P37WVSSTCS.D Agreement/Disagreement: Men are better political leaders than women,2023,2023,1,2023,P37WVSSTCS.D,1,
was it a violent crime or a non violent crime,Was it a violent crime or a non-violent crime?,2011,2011,1,2011,P80N.B,1,
ways of solving the problem of discrimination,Ways of solving the problem of discrimination,2001,2001,1,2001,p40b,1,
we would like to ask you a few questions about digital electronic payments with credit card debit or qr codes without cash if i can choose i choose to pay electronically instead of cash,"P56N.C We would like to ask you a few questions about digital/electronic payments with credit card, debit or QR codes without cash? If I can choose I choose to pay electronically instead of cash",2023,2023,1,2023,P56N.C,1,
we would like to ask you a few questions about digital electronic payments with credit card debit or qr codes without cash it is safer to walk in the street without cash and pay electronically,"P56N.D We would like to ask you a few questions about digital/electronic payments with credit card, debit or QR codes without cash? It is safer to walk in the street without cash and pay electronically.",2023,2023,1,2023,P56N.D,1,
we would like to ask you a few questions about digital electronic payments with credit card debit or qr codes without cash my personal data is secure when i pay electronically,"P56N.B We would like to ask you a few questions about digital/electronic payments with credit card, debit or QR codes without cash? My personal data is secure when I pay electronically.",2023,2023,1,2023,P56N.B,1,
we would like to ask you a few questions about digital electronic payments with credit card debit or qr codes without cash top pay electronically is more reliable than cash,"P56N.A We would like to ask you a few questions about digital/electronic payments with credit card, debit or QR codes without cash? Top pay electronically is more reliable than cash.",2023,2023,1,2023,P56N.A,1,
what do you do in your free time be with family,What do you do in your free time: Be with family,1996,1996,1,1996,p54f,1,
what do you do in your free time be with friends,What do you do in your free time: Be with friends,1996,1996,1,1996,p54e,1,
what do you do in your free time dona t know no answer,What do you do in your free time: Don´t know/No answer,1996,1996,1,1996,p54p,1,
what do you do in your free time go for walks,What do you do in your free time: Go for walks,1996,1996,1,1996,p54d,1,
what do you do in your free time go shopping,What do you do in your free time: Go shopping,1996,1996,1,1996,p54l,1,
what do you do in your free time go to cinema,What do you do in your free time: Go to cinema,1996,1996,1,1996,p54m,1,
what do you do in your free time listen to music,What do you do in your free time: Listen to music,1996,1996,1,1996,p54j,1,
what do you do in your free time other,What do you do in your free time: Other,1996,1996,1,1996,p54o,1,
what do you do in your free time practice sports,What do you do in your free time: Practice sports,1996,1996,1,1996,p54a,1,
what do you do in your free time read a book,What do you do in your free time: Read a book,1996,1996,1,1996,p54i,1,
what do you do in your free time read newspapers or magazines,What do you do in your free time: Read newspapers or magazines,1996,1996,1,1996,p54h,1,
what do you do in your free time religious activities,What do you do in your free time: Religious activities,1996,1996,1,1996,p54k,1,
what do you do in your free time rest at home,What do you do in your free time: Rest at home,1996,1996,1,1996,p54n,1,
what do you do in your free time watch tv,What do you do in your free time: Watch TV,1996,1996,1,1996,p54b,1,
what do you do in your free time work for political party,What do you do in your free time: Work for political party,1996,1996,1,1996,p54g,1,
what do you do in your free time work in voluntary organization,What do you do in your free time: Work in voluntary organization,1996,1996,1,1996,p54c,1,
what does democracy needs,What does democracy needs?,2011,2011,1,2011,P17ND,1,democracy
what does democracy needs alright as it is,What does democracy needs? Alright as it is,2011,2011,1,2011,P17NA,1,democracy
what does democracy needs consolidate political parties,What does democracy needs? Consolidate political parties,2011,2011,1,2011,P17NB,1,democracy; institutional_confidence
what does democracy needs don t know,What does democracy needs? Don't know,2011,2011,1,2011,P17NG,1,democracy
what does democracy needs guarantee social justice,What does democracy needs? Guarantee social justice,2011,2011,1,2011,P17NC,1,democracy
what does democracy needs increase transparency of the state,What does democracy needs? Increase transparency of the state,2011,2011,1,2011,P17NF,1,corruption; democracy
what does democracy needs no answer,What does democracy needs? No answer,2011,2011,1,2011,P17NH,1,democracy
what does democracy needs reduce corruption,What does democracy needs? Reduce corruption,2011,2011,1,2011,P17NE,1,corruption; democracy
what has been the impact of the trade pact as listed in country,P27N What has been the impact of the {trade pact as listed} in {COUNTRY},2020,2020,1,2020,P27N,1,
what is the type of organized crime that is committed most frequently in country,What is the type of organized crime that is committed most frequently in (country)?,2011,2011,1,2011,P86N,1,
what should the government do with ilegal immigrants,P40N What should the government do with ilegal immigrants?,2020,2020,1,2020,P40N,1,
what would you do to find more information about a subject attend specific meetings,What would you do to find more information about a subject: Attend specific meetings,2010,2010,1,2010,P24NCC.H,1,
what would you do to find more information about a subject dona t know no answer,"What would you do to find more information about a subject: Don´t know, no answer",2010,2010,1,2010,P24NCC.Z,1,
what would you do to find more information about a subject i would not do anything,What would you do to find more information about a subject: I would not do anything,2010,2010,1,2010,P24NCC.I,1,
what would you do to find more information about a subject listen to a particular radio tv commentarist,What would you do to find more information about a subject: Listen to a particular radio-TV commentarist,2010,2010,1,2010,P24NCC.F,1,
what would you do to find more information about a subject listen to the radio and or television,What would you do to find more information about a subject: Listen to the radio and/or television,2010,2010,1,2010,P24NCC.E,1,
what would you do to find more information about a subject read about that,What would you do to find more information about a subject: Read about that,2010,2010,1,2010,P24NCC.D,1,
what would you do to find more information about a subject search on the internet,What would you do to find more information about a subject: Search on the Internet,2010,2010,1,2010,P24NCC.G,1,
what would you do to find more information about a subject talk or write to specialists experts outside the government,"What would you do to find more information about a subject: Talk or write to specialists, experts outside the Government",2010,2010,1,2010,P24NCC.C,1,
what would you do to find more information about a subject talk or write to the government or a political party repres,"What would you do to find more information about a subject: Talk or write to the Government or a political party, repres",2010,2010,1,2010,P24NCC.B,1,
what would you do to find more information about a subject talk to people friends neighbors etc,"What would you do to find more information about a subject: Talk to people, friends, neighbors, etc",2010,2010,1,2010,P24NCC.A,1,
whatever the circumstances the law should always be obeyed,Whatever the circumstances the law should always be obeyed,2002,2002,1,2002,p38esse,1,
when you buy it is fixed if the product is of national or imported production clothing,P54N.A When you buy it is fixed if the product is of national or imported production: Clothing,2018,2018,1,2018,P54N.A,1,
when you buy it is fixed if the product is of national or imported production electronic products,P54N.B When you buy it is fixed if the product is of national or imported production: Electronic products,2018,2018,1,2018,P54N.B,1,
when you buy it is fixed if the product is of national or imported production food,P54N.C When you buy it is fixed if the product is of national or imported production: Food,2018,2018,1,2018,P54N.C,1,
when you went to school before secondary how much opportunity did kids have to express their opinions in debates or di,"When you went to school, before secondary, how much opportunity did kids have to express their opinions in debates or di",2010,2010,1,2010,P31NCC,1,
where do you think things in country are going corrupt,Where do you think things in (country) are going?: Corrupt,2007,2007,1,2007,p4nc,1,corruption
where do you think things in country are going democratic,Where do you think things in (country) are going?: Democratic,2007,2007,1,2007,p4nb,1,democracy
where do you think things in country are going powerful,Where do you think things in (country) are going?: Powerful,2007,2007,1,2007,p4nd,1,
where do you think things in country are going prosperous,Where do you think things in (country) are going?: Prosperous,2007,2007,1,2007,p4na,1,
where do you think things in country are going religious,Where do you think things in (country) are going?: Religious,2007,2007,1,2007,p4ne,1,
where do you usually express your opinions about the national problems of the country,P60N.C Where do you usually express your opinions about the national problems of the country,2020,2020,1,2020,P60N.C,1,
which are related to the integration of latin america dk na,P54N_G Which are related to the integration of Latin America: DK/NA,2016,2016,1,2016,P54N_G,1,
which are related to the integration of latin america free trade,P54N_B Which are related to the integration of Latin America: Free trade,2016,2016,1,2016,P54N_B,1,
which are related to the integration of latin america latin american political unity against world powers,P54N_F Which are related to the integration of Latin America: Latin American political unity against world powers,2016,2016,1,2016,P54N_F,1,
which are related to the integration of latin america mobility of people from one country to another,P54N_C Which are related to the integration of Latin America: Mobility of people from one country to another,2016,2016,1,2016,P54N_C,1,
which are related to the integration of latin america political dialogue,P54N_A Which are related to the integration of Latin America: Political Dialogue,2016,2016,1,2016,P54N_A,1,
which are related to the integration of latin america promotion of domestic and foreign investments,P54N_D Which are related to the integration of Latin America: Promotion of domestic and foreign investments,2016,2016,1,2016,P54N_D,1,
which are related to the integration of latin america scientific or academic exchange,P54N_E Which are related to the integration of Latin America: Scientific or academic exchange,2016,2016,1,2016,P54N_E,1,
which are the eu countries austria,Which are the EU countries: Austria,2004,2004,1,2004,p69stu2,1,
which are the eu countries belgium,Which are the EU countries: Belgium,2004,2004,1,2004,p69stu3,1,
which are the eu countries cyprus,Which are the EU countries: Cyprus,2004,2004,1,2004,p6925,1,
which are the eu countries czech republic,Which are the EU countries: Czech Republic,2004,2004,1,2004,p69stu23,1,
which are the eu countries denmark,Which are the EU countries: Denmark,2004,2004,1,2004,p69stu4,1,
which are the eu countries estonia,Which are the EU countries: Estonia,2004,2004,1,2004,p69stu8,1,
which are the eu countries finland,Which are the EU countries: Finland,2004,2004,1,2004,p69stu9,1,
which are the eu countries greece,Which are the EU countries: Greece,2004,2004,1,2004,p69stu11,1,
which are the eu countries hungry,Which are the EU countries: Hungry,2004,2004,1,2004,p69stu13,1,
which are the eu countries ireland,Which are the EU countries: Ireland,2004,2004,1,2004,p69stu14,1,
which are the eu countries latvia,Which are the EU countries: Latvia,2004,2004,1,2004,p69stu16,1,
which are the eu countries lithuania,Which are the EU countries: Lithuania,2004,2004,1,2004,p69stu17,1,
which are the eu countries luxembourg,Which are the EU countries: Luxembourg,2004,2004,1,2004,p69stu18,1,
which are the eu countries malta,Which are the EU countries: Malta,2004,2004,1,2004,p69stu19,1,
which are the eu countries netherlands,Which are the EU countries: Netherlands,2004,2004,1,2004,p69stu12,1,
which are the eu countries none,Which are the EU countries: None,2004,2004,1,2004,p69stu27,1,
which are the eu countries poland,Which are the EU countries: Poland,2004,2004,1,2004,p69stu20,1,
which are the eu countries slovakia,Which are the EU countries: Slovakia,2004,2004,1,2004,p69stu5,1,
which are the eu countries slovenia,Which are the EU countries: Slovenia,2004,2004,1,2004,p69stu6,1,
which are the eu countries sweden,Which are the EU countries: Sweden,2004,2004,1,2004,p69stu24,1,
which are the most effective policies in public security dk na,Which are the most effective policies in public security: Dk/Na,2010,2010,1,2010,P74NC.Z,1,
which are the most effective policies in public security expand social policies,Which are the most effective policies in public security: Expand social policies,2010,2010,1,2010,P74NC.C,1,
which are the most effective policies in public security improve educational system,Which are the most effective policies in public security: Improve educational system,2010,2010,1,2010,P74NC.D,1,
which are the most effective policies in public security improve prison system jails,Which are the most effective policies in public security: Improve prison system/jails,2010,2010,1,2010,P74NC.H,1,
which are the most effective policies in public security increase civic participation,Which are the most effective policies in public security: Increase civic participation,2010,2010,1,2010,P74NC.E,1,
which are the most effective policies in public security increase punishment for crime,Which are the most effective policies in public security: Increase punishment for crime,2010,2010,1,2010,P74NC.I,1,
which are the most effective policies in public security increase the amount of policemen in the stree,Which are the most effective policies in public security: Increase the amount of policemen in the stree,2010,2010,1,2010,P74NC.A,1,institutional_confidence
which are the most effective policies in public security offer new opportunities to young people,Which are the most effective policies in public security: Offer new opportunities to young people,2010,2010,1,2010,P74NC.B,1,
which are the most effective policies in public security other,Which are the most effective policies in public security: Other,2010,2010,1,2010,P74NC.J,1,
which are the most effective policies in public security strengthen the institutions in charge of security,Which are the most effective policies in public security: Strengthen the institutions in charge of security,2010,2010,1,2010,P74NC.F,1,institutional_confidence
which are the most effective policies in public security strengthen the judicial system,Which are the most effective policies in public security: Strengthen the Judicial System,2010,2010,1,2010,P74NC.G,1,
which are the things about this country that make you feel very proud of being a national dona t know no answer,"Which are the things about this country that make you feel very proud of being a national): Don´t know, No answer",2010,2010,1,2010,P54NCC.Z,1,
which are the things about this country that make you feel very proud of being a national its characteristics of the p,Which are the things about this country that make you feel very proud of being a national): Its Characteristics of the p,2010,2010,1,2010,P54NCC.E,1,
which are the things about this country that make you feel very proud of being a national its contributions to science,Which are the things about this country that make you feel very proud of being a national): Its Contributions to science,2010,2010,1,2010,P54NCC.H,1,
which are the things about this country that make you feel very proud of being a national its contributions to the art,Which are the things about this country that make you feel very proud of being a national): Its Contributions to the art,2010,2010,1,2010,P54NCC.G,1,
which are the things about this country that make you feel very proud of being a national its countrya ts physical attri,Which are the things about this country that make you feel very proud of being a national): Its Country’s physical attri,2010,2010,1,2010,P54NCC.I,1,
which are the things about this country that make you feel very proud of being a national its economic system econom,"Which are the things about this country that make you feel very proud of being a national): Its  Economic system, econom",2010,2010,1,2010,P54NCC.D,1,
which are the things about this country that make you feel very proud of being a national its national strength and i,Which are the things about this country that make you feel very proud of being a national): Its  National strength and i,2010,2010,1,2010,P54NCC.C,1,
which are the things about this country that make you feel very proud of being a national its native tongue,Which are the things about this country that make you feel very proud of being a national): Its Native tongue,2010,2010,1,2010,P54NCC.K,1,
which are the things about this country that make you feel very proud of being a national its political and legal syst,Which are the things about this country that make you feel very proud of being a national): Its Political and Legal syst,2010,2010,1,2010,P54NCC.A,1,
which are the things about this country that make you feel very proud of being a national its social legislation,Which are the things about this country that make you feel very proud of being a national): Its Social legislation,2010,2010,1,2010,P54NCC.B,1,
which are the things about this country that make you feel very proud of being a national its spiritual virtues relig,"Which are the things about this country that make you feel very proud of being a national): Its Spiritual virtues, relig",2010,2010,1,2010,P54NCC.F,1,
which are the things about this country that make you feel very proud of being a national its sports,Which are the things about this country that make you feel very proud of being a national): Its Sports,2010,2010,1,2010,P54NCC.J,1,
which are the things about this country that make you feel very proud of being a national other,Which are the things about this country that make you feel very proud of being a national): Other,2010,2010,1,2010,P54NCC.L,1,
which country do you think is our best friend in latin america,Which country do you think is our best friend in Latin America?,2011,2011,1,2011,P42ST,1,
which country in latin america has more leadership over the region,Which country in Latin America has more leadership over the region,2010,2010,1,2010,P38ST,1,
which industries it is good have foreign capital agricultural industry,P55N_A Which industries it is good have foreign capital: Agricultural industry,2016,2016,1,2016,P55N_A,1,
which industries it is good have foreign capital chemicals and drugs,P55N_G Which industries it is good have foreign capital: Chemicals and drugs,2016,2016,1,2016,P55N_G,1,
which industries it is good have foreign capital creativity and innovation,P55N_F Which industries it is good have foreign capital: Creativity and innovation,2016,2016,1,2016,P55N_F,1,
which industries it is good have foreign capital dk na,P55N_K Which industries it is good have foreign capital: DK/NA,2016,2016,1,2016,P55N_K,1,
which industries it is good have foreign capital electronic industry,P55N_D Which industries it is good have foreign capital: Electronic Industry,2016,2016,1,2016,P55N_D,1,
which industries it is good have foreign capital energy and water services,P55N_C Which industries it is good have foreign capital: Energy and water services,2016,2016,1,2016,P55N_C,1,
which industries it is good have foreign capital financial services banks,P55N_I Which industries it is good have foreign capital: Financial services (banks),2016,2016,1,2016,P55N_I,1,
which industries it is good have foreign capital mining,P55N_B Which industries it is good have foreign capital: Mining,2016,2016,1,2016,P55N_B,1,
which industries it is good have foreign capital none,P55N_J Which industries it is good have foreign capital: None,2016,2016,1,2016,P55N_J,1,
which industries it is good have foreign capital people human capital,P55N_E Which industries it is good have foreign capital: People/human capital,2016,2016,1,2016,P55N_E,1,
which industries it is good have foreign capital telecommunication services,P55N_H Which industries it is good have foreign capital: Telecommunication Services,2016,2016,1,2016,P55N_H,1,
which is the best model of economic development state or private sector in charge of health education water electric,"Which is the best model of economic development: State or private sector in charge of health, education, water, electric",2002,2002,1,2002,p21no2,1,
which is the main problem the police faces in order to confront crime,Which is the main problem the police faces in order to confront crime?,2010,2010,1,2010,P73NC,1,institutional_confidence
which latin american country has most leadership in the region,Which Latin American country has most leadership in the region?,2011,2011,1,2011,P43ST,1,
which of organisations do you take part church organizations,Which of organisations do you take part: Church organizations,1996,1996,1,1996,p56i,1,
which of organisations do you take part cultural centers,Which of organisations do you take part: Cultural centers,1996,1996,1,1996,p56h,1,
which of organisations do you take part dona t know no answer,Which of organisations do you take part: Don´t know/No answer,1996,1996,1,1996,p56k,1,
which of organisations do you take part mothersa t centers,Which of organisations do you take part: Mothers’ centers,1996,1996,1,1996,p56c,1,
which of organisations do you take part neighbor organizations,Which of organisations do you take part: Neighbor organizations,1996,1996,1,1996,p56a,1,
which of organisations do you take part none,Which of organisations do you take part: None,1996,1996,1,1996,p56l,1,
which of organisations do you take part other,Which of organisations do you take part: Other,1996,1996,1,1996,p56j,1,
which of organisations do you take part political parties,Which of organisations do you take part: Political parties,1996,1996,1,1996,p56g,1,institutional_confidence
which of organisations do you take part sports club,Which of organisations do you take part: Sports club,1996,1996,1,1996,p56d,1,
which of organisations do you take part union,Which of organisations do you take part: Union,1996,1996,1,1996,p56e,1,
which of organisations do you take part voluntary association,Which of organisations do you take part: Voluntary association,1996,1996,1,1996,p56f,1,
which of organisations do you take part youth centers,Which of organisations do you take part: Youth centers,1996,1996,1,1996,p56b,1,
which of the following groups do you think complies least with the law companies,Which of the following groups do you think complies least with the law? Companies,2011,2011,1,2011,P62NF,1,
which of the following groups do you think complies least with the law dona t know,Which of the following groups do you think complies least with the law? Don´t know,2011,2011,1,2011,P62NY,1,
which of the following groups do you think complies least with the law employees,Which of the following groups do you think complies least with the law? Employees,2011,2011,1,2011,P62NN,1,
which of the following groups do you think complies least with the law members of congress,Which of the following groups do you think complies least with the law? Members of Congress,2011,2011,1,2011,P62NK,1,institutional_confidence
which of the following groups do you think complies least with the law millionaire,Which of the following groups do you think complies least with the law? Millionaire,2011,2011,1,2011,P62NH,1,
which of the following groups do you think complies least with the law no answer,Which of the following groups do you think complies least with the law? No answer,2011,2011,1,2011,P62NZ,1,
which of the following groups do you think complies least with the law politicians,Which of the following groups do you think complies least with the law? Politicians,2011,2011,1,2011,P62NG,1,
which of the following groups do you think complies least with the law priests,Which of the following groups do you think complies least with the law? Priests,2011,2011,1,2011,P62NM,1,
which of the following groups do you think complies least with the law public officials,Which of the following groups do you think complies least with the law? Public officials,2011,2011,1,2011,P62NO,1,
which of the following groups do you think complies least with the law retired people,Which of the following groups do you think complies least with the law? Retired people,2011,2011,1,2011,P62NE,1,
which of the following groups do you think complies least with the law students,Which of the following groups do you think complies least with the law? Students,2011,2011,1,2011,P62NL,1,
which of the following groups do you think complies least with the law the authorities,Which of the following groups do you think complies least with the law? The authorities,2011,2011,1,2011,P62NJ,1,
which of the following groups do you think complies least with the law the media,Which of the following groups do you think complies least with the law? The media,2011,2011,1,2011,P62NI,1,
which of the following groups do you think complies least with the law the middle class,Which of the following groups do you think complies least with the law? The middle class,2011,2011,1,2011,P62NB,1,
which of the following groups do you think complies least with the law the poor,Which of the following groups do you think complies least with the law? The poor,2011,2011,1,2011,P62NC,1,
which of the following groups do you think complies least with the law the rich,Which of the following groups do you think complies least with the law? The rich,2011,2011,1,2011,P62NA,1,
which of the following groups do you think complies least with the law women,Which of the following groups do you think complies least with the law? Women,2011,2011,1,2011,P62ND,1,
which of the following public policies have benefited you and your family crime policy,Which of the following public policies have benefited you and your family? Crime policy,2011,2011,1,2011,P56NE,1,
which of the following public policies have benefited you and your family education policy,Which of the following public policies have benefited you and your family? Education policy,2011,2011,1,2011,P56NB,1,
which of the following public policies have benefited you and your family health policy,Which of the following public policies have benefited you and your family? Health policy,2011,2011,1,2011,P56NA,1,
which of the following public policies have benefited you and your family housing policy,Which of the following public policies have benefited you and your family? Housing policy,2011,2011,1,2011,P56NC,1,
which of the following public policies have benefited you and your family judicial policy,Which of the following public policies have benefited you and your family? Judicial policy,2011,2011,1,2011,P56ND,1,
which of the following public policies have benefited you and your family policy against corruption,Which of the following public policies have benefited you and your family? Policy against corruption,2011,2011,1,2011,P56NH,1,corruption
which of the following public policies have benefited you and your family policy against drug addiction,Which of the following public policies have benefited you and your family? Policy against drug addiction,2011,2011,1,2011,P56NF,1,
which of the following public policies have benefited you and your family policy against drug trafficking,Which of the following public policies have benefited you and your family? Policy against drug trafficking,2011,2011,1,2011,P56NG,1,
which of the following sentences are you most agree with,P60N Which of the following sentences are you most agree with?,2017,2017,1,2017,P60N,1,
which of the following sentences are you most agree with climate change,P59N Which of the following sentences are you most agree with? Climate change.,2017,2017,1,2017,P59N,1,
which of the following things do you think is most helpful for the positive impacts of technology on employment,P65N Which of the following things do you think is most helpful for the positive impacts of technology on employment?,2018,2018,1,2018,P65N,1,
which of the following things you have done in the last year been member of an environmental group,Which of the following things you have done in the last year: Been member of an environmental group,1996,1996,1,1996,p72d,1,
which of the following things you have done in the last year choose environmentally friendly product,Which of the following things you have done in the last year: Choose environmentally friendly product,1996,1996,1,1996,p72c,1,
which of the following things you have done in the last year dona t know no answer,Which of the following things you have done in the last year: Don´t know/No answer,1996,1996,1,1996,p72g,1,
which of the following things you have done in the last year none,Which of the following things you have done in the last year: None,1996,1996,1,1996,p72f,1,
which of the following things you have done in the last year read or watch about animals protection,Which of the following things you have done in the last year: Read or watch about animals protection,1996,1996,1,1996,p72b,1,
which of the following things you have done in the last year taken part in an environment campaign,Which of the following things you have done in the last year: Taken part in an environment campaign,1996,1996,1,1996,p72e,1,
which of the following things you have done in the last year walk in country beach,Which of the following things you have done in the last year: Walk in country/beach,1996,1996,1,1996,p72a,1,
which of these groups believe the educational system in your country puts them at a disadvantage dona t know,Which of these groups believe the educational system in your country puts them at a disadvantage? Don´t know,2011,2011,1,2011,P33NE.BX,1,
which of these groups believe the educational system in your country puts them at a disadvantage from capital city of,Which of these groups believe the educational system in your country puts them at a disadvantage? From (capital city of,2011,2011,1,2011,P33NE.BL,1,
which of these groups believe the educational system in your country puts them at a disadvantage immigrants,Which of these groups believe the educational system in your country puts them at a disadvantage? Immigrants,2011,2011,1,2011,P33NE.BN,1,
which of these groups believe the educational system in your country puts them at a disadvantage indigenous people,Which of these groups believe the educational system in your country puts them at a disadvantage? Indigenous people,2011,2011,1,2011,P33NE.BC,1,
which of these groups believe the educational system in your country puts them at a disadvantage lower class,Which of these groups believe the educational system in your country puts them at a disadvantage? Lower class,2011,2011,1,2011,P33NE.BI,1,
which of these groups believe the educational system in your country puts them at a disadvantage maids,Which of these groups believe the educational system in your country puts them at a disadvantage? Maids,2011,2011,1,2011,P33NE.BM,1,
which of these groups believe the educational system in your country puts them at a disadvantage men,Which of these groups believe the educational system in your country puts them at a disadvantage? Men,2011,2011,1,2011,P33NE.BA,1,
which of these groups believe the educational system in your country puts them at a disadvantage mestizos,Which of these groups believe the educational system in your country puts them at a disadvantage? Mestizos,2011,2011,1,2011,P33NE.BE,1,
which of these groups believe the educational system in your country puts them at a disadvantage middle class,Which of these groups believe the educational system in your country puts them at a disadvantage? Middle class,2011,2011,1,2011,P33NE.BH,1,
which of these groups believe the educational system in your country puts them at a disadvantage no answer,Which of these groups believe the educational system in your country puts them at a disadvantage? No answer,2011,2011,1,2011,P33NE.BY,1,
which of these groups believe the educational system in your country puts them at a disadvantage no applicable,Which of these groups believe the educational system in your country puts them at a disadvantage? No applicable,2011,2011,1,2011,P33NE.BZ,1,
which of these groups believe the educational system in your country puts them at a disadvantage people in rural areas,Which of these groups believe the educational system in your country puts them at a disadvantage? People in rural areas,2011,2011,1,2011,P33NE.BJ,1,
which of these groups believe the educational system in your country puts them at a disadvantage people in urban areas,Which of these groups believe the educational system in your country puts them at a disadvantage? People in urban areas,2011,2011,1,2011,P33NE.BK,1,
which of these groups believe the educational system in your country puts them at a disadvantage people of african desc,Which of these groups believe the educational system in your country puts them at a disadvantage? People of African desc,2011,2011,1,2011,P33NE.BF,1,
which of these groups believe the educational system in your country puts them at a disadvantage upper class,Which of these groups believe the educational system in your country puts them at a disadvantage? Upper class,2011,2011,1,2011,P33NE.BG,1,
which of these groups believe the educational system in your country puts them at a disadvantage whites,Which of these groups believe the educational system in your country puts them at a disadvantage? Whites,2011,2011,1,2011,P33NE.BD,1,
which of these groups believe the educational system in your country puts them at a disadvantage women,Which of these groups believe the educational system in your country puts them at a disadvantage? Women,2011,2011,1,2011,P33NE.BB,1,
which sections of the questions were awkward or difficult for you to ask fifth answer,Q2.E Which  sections  of  the  questions  were awkward  or  difficult  for  you  to  ask? (fifth answer),2015,2015,1,2015,Q2.E,1,
which sections of the questions were awkward or difficult for you to ask first answer,Q2.A Which  sections  of  the  questions  were awkward  or  difficult  for  you  to  ask? (first answer),2015,2015,1,2015,Q2.A,1,
which sections of the questions were awkward or difficult for you to ask fourth answer,Q2.D Which  sections  of  the  questions  were awkward  or  difficult  for  you  to  ask? (fourth answer),2015,2015,1,2015,Q2.D,1,
which sections of the questions were awkward or difficult for you to ask second answer,Q2.B Which  sections  of  the  questions  were awkward  or  difficult  for  you  to  ask? (second answer),2015,2015,1,2015,Q2.B,1,
which sections of the questions were awkward or difficult for you to ask third answer,Q2.C Which  sections  of  the  questions  were awkward  or  difficult  for  you  to  ask? (third answer),2015,2015,1,2015,Q2.C,1,
which social class would you describe yourself as belonging to,Which social class would you describe yourself as belonging to...?,2011,2011,1,2011,S14,1,
which would you say is the minimum level of social security that you expect the state to guarantee dona t know no answ,Which would you say is the minimum level of social security that you expect the State to guarantee: Don´t know / No answ,2010,2010,1,2010,P64N.Z,1,
which would you say is the minimum level of social security that you expect the state to guarantee education,Which would you say is the minimum level of social security that you expect the State to guarantee: Education,2010,2010,1,2010,P64N.D,1,
which would you say is the minimum level of social security that you expect the state to guarantee health,Which would you say is the minimum level of social security that you expect the State to guarantee: Health,2010,2010,1,2010,P64N.E,1,
which would you say is the minimum level of social security that you expect the state to guarantee opportunities of fin,Which would you say is the minimum level of social security that you expect the State to guarantee: Opportunities of fin,2010,2010,1,2010,P64N.H,1,
which would you say is the minimum level of social security that you expect the state to guarantee protection against,Which would you say is the minimum level of social security that you expect the State to guarantee:  Protection against,2010,2010,1,2010,P64N.B,1,
which would you say is the minimum level of social security that you expect the state to guarantee protection of enviro,Which would you say is the minimum level of social security that you expect the State to guarantee: Protection of enviro,2010,2010,1,2010,P64N.C,1,
which would you say is the minimum level of social security that you expect the state to guarantee protection to privat,Which would you say is the minimum level of social security that you expect the State to guarantee: Protection to privat,2010,2010,1,2010,P64N.A,1,
which would you say is the minimum level of social security that you expect the state to guarantee retirement pension,Which would you say is the minimum level of social security that you expect the State to guarantee: Retirement / Pension,2010,2010,1,2010,P64N.F,1,
which would you say is the minimum level of social security that you expect the state to guarantee subvention for the p,Which would you say is the minimum level of social security that you expect the State to guarantee: Subvention for the p,2010,2010,1,2010,P64N.I,1,
which would you say is the minimum level of social security that you expect the state to guarantee unemployment insuran,Which would you say is the minimum level of social security that you expect the State to guarantee: Unemployment insuran,2010,2010,1,2010,P64N.G,1,
whisper flattering or offensive,Whisper flattering or offensive,2007,2007,1,2007,p70n.a,1,
who do you believe dona t know no answer,Who do you believe: Don´t know/No answer,1996,1996,1,1996,p55p,1,
who do you believe president,Who do you believe: President,2003,2003,1,2003,p17sto,1,
who do you think comply with the laws civil servants,P23N_01 Who do you think comply with the laws: Civil servants,2020,2020,1,2020,P23N_01,1,
who do you think comply with the laws entrepreneurs,P23N_04 Who do you think comply with the laws: Entrepreneurs,2020,2020,1,2020,P23N_04,1,
who do you think comply with the laws judges,P23N_03 Who do you think comply with the laws: Judges,2020,2020,1,2020,P23N_03,1,
who do you think comply with the laws members of your family whom you know,P23N_08 Who do you think comply with the laws: Members of your family whom you know,2020,2020,1,2020,P23N_08,1,
who do you think comply with the laws no response,P23N_10 Who do you think comply with the laws: No response,2020,2020,1,2020,P23N_10,1,
who do you think comply with the laws nobody,P23N_09 Who do you think comply with the laws: Nobody,2020,2020,1,2020,P23N_09,1,
who do you think comply with the laws parlament members,P23N_02 Who do you think comply with the laws: Parlament members,2020,2020,1,2020,P23N_02,1,
who do you think comply with the laws politicians in general,P23N_05 Who do you think comply with the laws: Politicians in general,2020,2020,1,2020,P23N_05,1,
who do you think comply with the laws the military,P23N_07 Who do you think comply with the laws: The military,2020,2020,1,2020,P23N_07,1,
who do you think comply with the laws the police,P23N_06 Who do you think comply with the laws: The police,2020,2020,1,2020,P23N_06,1,institutional_confidence
who gets better quality education boys or girls,Who gets better quality education: boys or girls,2006,2006,1,2006,p69n,1,
who is mainly responsible for seeing that old people live in dignified conditions,Who is mainly responsible for seeing that old people live in dignified conditions?,2006,2006,1,2006,p73n,1,
who is responsible for the economic problems we face no answer,Who is responsible for the economic problems we face: No answer,2002,2002,1,2002,P19NO2l,1,
who is the president of the united states,Who is the president of the United States,2009,2009,1,2009,p40n,1,
who should bear the cost of policies that prevent further deterioration of the environment,Who should bear the cost of policies that prevent further deterioration of the environment?,2011,2011,1,2011,P51N,1,
who should fight climate change all citizens,P63C Who should fight climate change: All citizens,2017,2017,1,2017,P63C,1,
who should fight climate change dona t know,P63Y Who should fight climate change: Don´t know,2017,2017,1,2017,P63Y,1,
who should fight climate change environmental organizations,P63I Who should fight climate change: Environmental organizations,2017,2017,1,2017,P63I,1,
who should fight climate change everyone,P63K Who should fight climate change: Everyone,2017,2017,1,2017,P63K,1,
who should fight climate change international agencies,P63F Who should fight climate change: International agencies,2017,2017,1,2017,P63F,1,
who should fight climate change me my family and my friends,"P63J Who should fight climate change: Me , my family and my friends",2017,2017,1,2017,P63J,1,
who should fight climate change no responde,P63Z Who should fight climate change: No responde,2017,2017,1,2017,P63Z,1,
who should fight climate change none,P63X Who should fight climate change: None,2017,2017,1,2017,P63X,1,
who should fight climate change rich countries,P63A Who should fight climate change: Rich countries,2017,2017,1,2017,P63A; P63G,1,
who should fight climate change scientits,P63H Who should fight climate change: Scientits,2017,2017,1,2017,P63H,1,
who should fight climate change the governments,P63E Who should fight climate change: The governments,2017,2017,1,2017,P63E,1,
who should fight climate change the poor countries,P63D Who should fight climate change: The poor countries,2017,2017,1,2017,P63D,1,
who should fight climate change the world powers,P63B Who should fight climate change: The world powers,2017,2017,1,2017,P63B,1,
who would not like to have as a neighbors asians,Who would not like to have as a neighbors: Asians,1998,1998,1,1998,np63c,1,
who would not like to have as a neighbors drug addicts,Who would not like to have as a neighbors: Drug addicts,1998,1998,1,1998,np63b,1,
who would not like to have as a neighbors illiterates,Who would not like to have as a neighbors: Illiterates,2009,2009,1,2009,p64n.c,1,
who would not like to have as a neighbors indigenous,Who would not like to have as a neighbors: Indigenous,2009,2009,1,2009,p64n.f,1,
who would not like to have as a neighbors inmigrants,Who would not like to have as a neighbors: Inmigrants,2009,2009,1,2009,p64n.d,1,
who would not like to have as a neighbors jews,Who would not like to have as a neighbors: Jews,1998,1998,1,1998,np63g,1,
who would not like to have as a neighbors muslims,Who would not like to have as a neighbors: Muslims,1998,1998,1,1998,np63f,1,
who would not like to have as a neighbors political extremists,Who would not like to have as a neighbors: Political Extremists,1998,1998,1,1998,np63h,1,polarization
who would you like to have the most power first mention,Who would you like to have the most power: First mention,1995,1995,1,1995,p61b1,1,
who would you like to have the most power second mention,Who would you like to have the most power: Second mention,1995,1995,1,1995,p61b2,1,
who would you like to have the most power third mention,Who would you like to have the most power: Third mention,1995,1995,1,1995,p61b3,1,
why do you think that elections are rigged,Why do you think that elections are rigged?,1996,1996,1,1996,p29a,1,
why there are not enough women in public charges men do not leave place,Why there are not enough women in public charges: Men do not leave place,2006,2006,1,2006,p87n_4,1,
why there are not enough women in public charges political system discriminates women,Why there are not enough women in public charges: Political system discriminates women,2006,2006,1,2006,p87n_3,1,
why there are not enough women in public charges that is not their place,Why there are not enough women in public charges: That is not their place,2006,2006,1,2006,p87n_5,1,
why there are not enough women in public charges there are women in public positions,Why there are not enough women in public charges: There are women in public positions,2006,2006,1,2006,p87n_6,1,
why there are not enough women in public charges women are not prepared,Why there are not enough women in public charges: Women are not prepared,2006,2006,1,2006,p87n_1,1,
why there are not enough women in public charges women have no time for politic,Why there are not enough women in public charges: Women have no time for politic,2006,2006,1,2006,p87n_2,1,
why you dona tt take part in organizations,Why you don’t take part in organizations,1996,1996,1,1996,p56a1,1,
willing to demonstrate and protest about exploitation of natural resources,P31N.C Willing to demonstrate and protest about: Exploitation of natural resources,2013,2013,1,2013,P31N.C,1,
willing to demonstrate and protest about higher wages and better working conditions,P31N.A Willing to demonstrate and protest about: Higher wages and better working conditions,2013,2013,1,2013,P31N.A,1,
willing to demonstrate and protest about improvement in healthcare and education,P31N.B Willing to demonstrate and protest about: Improvement in healthcare and education,2013,2013,1,2013,P31N.B,1,
willing to demonstrate and protest about land ownership,P31N.D Willing to demonstrate and protest about: Land ownership,2013,2013,1,2013,P31N.D,1,
willing to demonstrate and protest about to defend democratic rights,P31N.E Willing to demonstrate and protest about: To defend democratic rights,2013,2013,1,2013,P31N.E,1,democracy
winner of us presidential elections that is more desirable for latin america,Winner of US presidential elections that is more desirable for Latin America,2008,2008,1,2008,p51n,1,
with democracy the power of the strongest has limits,"With democracy, the power of the strongest has limits",2002,2002,1,2002,p23ug,1,democracy
with which country or block would you like your country to strengthen trade links or international relations,P44N With which country or block would you like (your country) to strengthen trade links or international relations?,2017,2017,1,2017,P44N,1,
with which of the following statements do you agree most,With which of the following statements do you agree most?,2011,2011,1,2011,P13ST,1,
with which of the following statements do you most agree,With which of the following statements do you most agree?,2011,2011,1,2011,P53ST,1,
without democracy the strongest rule,Without democracy the strongest rule,2002,2002,1,2002,p23ud,1,democracy
women should work only if their partner income is not enough,Women should work only if their partner income is not enough,2008,2008,1,2008,p57n.d,1,
work being less important in our lives,Work being less important in our lives,2002,2002,1,2002,p50wvsa,1,
workers need strong trade unions to protect wages and working conditions,Workers need strong trade unions to protect wages and working conditions,2002,2002,1,2002,p22essh,1,
world power helps more to promote defend the peace,World power helps more to promote defend the peace,2004,2004,1,2004,p72nueb,1,
world power helps more to promote democracy,World power helps more to promote democracy,2004,2004,1,2004,p72nuea,1,democracy
world power helps more to promote development,World power helps more to promote development,2004,2004,1,2004,p72nuec,1,
world power helps more to promote free trade,World power helps more to promote free trade,2004,2004,1,2004,p72nued,1,
worry about the effects of pollution all,Worry about the effects of pollution: All,2001,2001,1,2001,p78nmmae,1,
worry about the effects of pollution dona t know no answer,Worry about the effects of pollution: Don´t know/No answer,2001,2001,1,2001,p78nmmaf,1,
worry about the effects of pollution how affects your local community,Worry about the effects of pollution: How affects your local community,2001,2001,1,2001,p78nmmaa,1,
worry about the effects of pollution how it affects the world as a whole,Worry about the effects of pollution: How it affects the world as a whole,2001,2001,1,2001,p78nmmac,1,
worry about the effects of pollution how it affects your country,Worry about the effects of pollution: How it affects your country,2001,2001,1,2001,p78nmmab,1,
worry about the effects of pollution none,Worry about the effects of pollution: None,2001,2001,1,2001,p78nmmad,1,
worry about the environment problems,Worry about the environment problems,2001,2001,1,2001,p77nmma,1,
worry for competition for the energy drives to major conflicts and wars between countries,Worry for competition for the energy drives to major conflicts and wars between countries,2006,2006,1,2006,p62n.a,1,
would like to know more of spanish culture,Would like to know more of Spanish culture,2005,2005,1,2005,p67a_el,1,
would you be willing to change your eating habits buying less and renting more,"P58N Would you be willing to change your eating habits, buying less and renting more?",2017,2017,1,2017,P58N,1,
would you say that this country,Would you say that this country....?,2011,2011,1,2011,P10ST,1,
would you say that what is said in social media represents what the general public thinks or does not represent well,P52N Would you say that what is said in social media represents what the general public thinks or does not represent well?,2023,2023,1,2023,P52N,1,
would you support a military government in replacement of a democratic one if things get very bad or would you not supp,Would you support a military government in replacement of a democratic one if things get very bad? Or would you not supp,2011,2011,1,2011,P18ST,1,democracy
x most affected by climate change none,P62NX Most affected by climate change: None,2017,2017,1,2017,P62NX,1,
y most affected by climate change dona t know,P62NY Most affected by climate change: Don´t know,2017,2017,1,2017,P62NY,1,
you and your family seriously considered living abroad,You and your family seriously considered living abroad,2010,2010,1,2010,S19,1,
you know anyone who consume drugs,You know anyone who consume drugs,2010,2010,1,2010,P70ST.C,1,
you or a family member works worked remotely from home during the pandemic,P78N You or a family member works/worked remotely from home during the pandemic,2020,2020,1,2020,P78N,1,
you your family have been victim of a crime,You/your family have been victim of a crime,2010,2010,1,2010,P70ST.A,1,
young and participation,Young and participation,2008,2008,1,2008,p87n.b,1,
young and solidarity,Young and solidarity,2008,2008,1,2008,p87n.a,1,
young and violence,Young and violence,2008,2008,1,2008,p86n.b,1,
z issues that have to do with the integration of latin america dona t know no answer,P52NZ Issues that have to do with the integration of Latin America: Don´t know/No answer,2017,2017,1,2017,P52NZ,1,
z most affected by climate change no responde,P62NZ Most affected by climate change: No responde,2017,2017,1,2017,P62NZ,1,
