wave,variable,label,normalized_label,value_labels,storage_type,n_distinct,missing_share,theme
2002,p23uf,A certain degree of corruption as long as the problems of the country are solved,a certain degree of corruption as long as the problems of the country are solved,-4=Not asked | -3=Not applicable | -2=No answer/Refused | -1=Don´t know | 1=Strongly agree | 2=Somewhat agree | 3=Somewhat Disagree | 4=Strongly disagree,haven_labelled,4,0.20532228886984671,corruption
2018,P81NA,"P81NA Please, tell me if you agree or disagree with each of the following statements: When you know something corrupt be",a please tell me if you agree or disagree with each of the following statements when you know something corrupt be,-5=Missing | -4=Not asked | -3=Not applicable | -1=Don´t know/No answer | 1=Very agree | 2=I agree | 3=Disagree | 4=Very much disagree,haven_labelled,4,0.034349633735893885,corruption
2002,p5ub,Bribery in presidential elections (interviewee),bribery in presidential elections interviewee,"-4=Not asked | -3=Not applicable | -2=No answer/Refused | -1=Don´t know | 1=No, I cannot say | 2=Yes, it happenned | 3=No, it did not happen",haven_labelled,3,0.15114729125011903,corruption
2002,p4u,Bribery in presidential elections (other people),bribery in presidential elections other people,-4=Not asked | -3=Not applicable | -2=No answer/Refused | -1=Don´t know | 1=Yes | 2=No,haven_labelled,2,0.14605350852137486,corruption
2005,p52stu,Bribery in presidential elections (other people),bribery in presidential elections other people,-4=Not asked | -3=Not applicable | -2=No answer/Refused | -1=Don´t know | 1=Yes | 2=No,haven_labelled,2,0.03486302047275245,corruption
2006,p42st,Bribery in presidential elections (other people),bribery in presidential elections other people,-4=Not asked | -3=Not applicable | -2=No answer/Refused | -1=Don´t know | 1=Yes | 2=No,haven_labelled,2,0.13722036286771183,corruption
2013,P65GBS,P65GBS Corruption and bribe-taking in national government,bs corruption and bribe taking in national government,-4=Not asked | -3=Not applicable | -2=No answer | -1=Don't know | 1=There is hardly anyone involved | 2=Not many officials are involved | 3=Most officials are corrupt | 4=Almost everyone is corrupt,haven_labelled,4,0.18664784009177957,corruption
2013,P64GBSM,P64GBSM Corruption and bribe-taking in your local/municipal government,bsm corruption and bribe taking in your local municipal government,-4=Not asked | -3=Not applicable | -2=No answer | -1=Don't know | 1=There is hardly anyone involved | 2=Not many officials are involved | 3=Most officials are corrupt | 4=Almost everyone is corrupt,haven_labelled,4,0.18135286590477873,corruption
2017,P42NC.A,P42NC.A How much corruption do you think there is in: Courts,c a how much corruption do you think there is in courts,-2=No answer | -1=Don´t know | 0=Nothing | 1=1 | 2=2 | 3=3 | 4=4 | 5=5 | 6=6 | 7=7 | 8=8 | 9=9 | 10=Much,haven_labelled,11,0.04252475247524753,corruption
2017,P42NC.B,P42NC.B How much corruption do you think there is in: Big companies,c b how much corruption do you think there is in big companies,-2=No answer | -1=Don´t know | 0=Nothing | 1=1 | 2=2 | 3=3 | 4=4 | 5=5 | 6=6 | 7=7 | 8=8 | 9=9 | 10=Much,haven_labelled,11,0.05742574257425743,corruption
2017,P42NC.C,P42NC.C How much corruption do you think there is in: National government,c c how much corruption do you think there is in national government,-2=No answer | -1=Don´t know | 0=Nothing | 1=1 | 2=2 | 3=3 | 4=4 | 5=5 | 6=6 | 7=7 | 8=8 | 9=9 | 10=Much,haven_labelled,11,0.046584158415841584,corruption
2017,P42NC.D,P42NC.D How much corruption do you think there is in: Municipalities,c d how much corruption do you think there is in municipalities,-2=No answer | -1=Don´t know | 0=Nothing | 1=1 | 2=2 | 3=3 | 4=4 | 5=5 | 6=6 | 7=7 | 8=8 | 9=9 | 10=Much,haven_labelled,11,0.045297029702970296,corruption
2017,P42NC.F,P42NC.F How much corruption do you think there is in: Trade Unions,c f how much corruption do you think there is in trade unions,-2=No answer | -1=Don´t know | 0=Nothing | 1=1 | 2=2 | 3=3 | 4=4 | 5=5 | 6=6 | 7=7 | 8=8 | 9=9 | 10=Much,haven_labelled,11,0.0852970297029703,corruption
2008,p75n,Corruption among politicians,corruption among politicians,-4=Not asked | -3=Not applicable | -2=No answer/Refused | -1=Don´t know | 0=No answer | 1=More | 2=The same | 3=Less,haven_labelled,3,0.056185226019845644,corruption
2013,P61BD,P61BD Level of corruption in the private sector,d level of corruption in the private sector,-4=Not asked | -3=Not applicable | -2=No answer | -1=Don't know | 1=No corruption | 2=Less than in public sector | 3=Just like in public sector | 4=Greater than in public sector,haven_labelled,4,0.17455764903146098,corruption
2020,P59N.E,P59N.E Fight against corruption and abuse,fight against corruption and abuse,1=1 Not at all willing | 2=2 | 3=3 | 4=4 | 5=5 | 6=6 | 7=7 | 8=8 | 9=9 | 10=10 Completely willing | -1=Don´t know | -2=No answer | -3=Not applicable | -4=Not asked | -5=Don´t know / No answer,haven_labelled,10,0.04078400316768957,corruption
2013,P63TGBSM,P63TGBSM Have you or anyone you know personally witnessed an act of corruption or bribetaking by a politician or governm,gbsm have you or anyone you know personally witnessed an act of corruption or bribetaking by a politician or governm,-4=Not asked | -3=Not applicable | -2=No answer | -1=Don't know | 1=Personally witnessed | 2=Told about it by a family member who personally witnessed | 3=Told about it by a friend who personally witnessed | 4=Personally never witnessed | 5=No one I know has personally witnessed,haven_labelled,5,0.15302475400432422,corruption
1995,p15e,Has corruption increased or decreased?,has corruption increased or decreased,-4=Not asked | -3=Not applicable | -2=No answer/Refused | -1=Don´t know | 1=Increased a lot | 2=Increased a little | 3=Remained the same | 4=Decreased a little | 5=Decreased a lot,haven_labelled,5,0.034513176755981916,corruption
1996,p13e,Has corruption increased or decreased?,has corruption increased or decreased,-4=Not asked | -3=Not applicable | -2=No answer/Refused | -1=Don´t know | 1=Increased a lot | 2=Increased a little | 3=Remained the same | 4=Decreased a little | 5=Decreased a lot,haven_labelled,5,0.03471698113207547,corruption
1997,sp23e,Has corruption increased or decreased?,has corruption increased or decreased,-4=Not asked | -3=Not applicable | -2=No answer/Refused | -1=Don´t know | 1=Increased a lot | 2=Increased a little | 3=Remained the same | 4=Decreased a little | 5=Decreased a lot,haven_labelled,5,0.023168502692288692,corruption
1998,sp21e,Has corruption increased or decreased?,has corruption increased or decreased,-4=Not asked | -3=Not applicable | -2=No answer/Refused | -1=Don´t know | 1=Increased a lot | 2=Increased a little | 3=Remained the same | 4=Decreased a little | 5=Decreased a lot,haven_labelled,7,0,corruption
2000,P21ST.E,Has corruption increased or decreased?,has corruption increased or decreased,-4=Not asked | -3=Not applicable | -2=No answer/Refused | -1=Don´t know | 1=Increased a lot | 2=Increased a little | 3=Remained the same | 4=Decreased a little | 5=Decreased a lot,haven_labelled,5,0.020013305244483866,corruption
2001,p16stc,Has corruption increased or decreased?,has corruption increased or decreased,-4=Not asked | -3=Not applicable | -2=No answer/Refused | -1=Don´t know | 1=Increased a lot | 2=Increased a little | 3=Remained the same | 4=Decreased a little | 5=Decreased a lot,haven_labelled,5,0.13600891861761427,corruption
2002,p6stc,Has corruption increased or decreased?,has corruption increased or decreased,-4=Not asked | -3=Not applicable | -2=No answer/Refused | -1=Don´t know | 1=Increased a lot | 2=Increased a little | 3=Remained the same | 4=Decreased a little | 5=Decreased a lot | 8=Don´t know,haven_labelled,5,0.14448252880129486,corruption
2001,p18nb,Have you or someone in your family known of a corruption act?,have you or someone in your family known of a corruption act,-4=Not asked | -3=Not applicable | -2=No answer/Refused | -1=Don´t know | 1=Yes | 2=No,haven_labelled,2,0.13731762881101256,corruption
2002,p8stb,Have you or someone in your family known of a corruption act?,have you or someone in your family known of a corruption act,-4=Not asked | -3=Not applicable | -2=No answer/Refused | -1=Don´t know | 1=Yes | 2=No,haven_labelled,2,0.14329239264971913,corruption
2003,p75stb,Have you or someone in your family known of a corruption act?,have you or someone in your family known of a corruption act,-4=Not asked | -3=Not applicable | -2=No answer/Refused | -1=Don´t know | 1=Yes | 2=No,haven_labelled,2,0.1280935030520986,corruption
2004,p51stb,Have you or someone in your family known of a corruption act?,have you or someone in your family known of a corruption act,-4=Not asked | -3=Not applicable | -2=No answer/Refused | -1=Don´t know | 1=Yes | 2=No,haven_labelled,2,0.1302498189717596,corruption
2005,p82stb,Have you or someone in your family known of a corruption act?,have you or someone in your family known of a corruption act,-4=Not asked | -3=Not applicable | -2=No answer/Refused | -1=Don´t know | 1=Yes | 2=No,haven_labelled,2,0.017307882504203342,corruption
2006,p68st.b,Have you or someone in your family known of a corruption act?,have you or someone in your family known of a corruption act,-4=Not asked | -3=Not applicable | -2=No answer/Refused | -1=Don´t know | 1=Yes | 2=No,haven_labelled,2,0.12462568257882685,corruption
2007,p71st.b,Have you or someone in your family known of a corruption act?,have you or someone in your family known of a corruption act,-4=Not asked | -3=Not applicable | -2=No answer/Refused | -1=Don´t know | 1=Yes | 2=No,haven_labelled,2,0.1262888869304662,corruption
2008,p72st.d,Have you or someone in your family known of a corruption act?,have you or someone in your family known of a corruption act,-4=Not asked | -3=Not applicable | -2=No answer/Refused | -1=Don´t know | 1=Yes | 2=No,haven_labelled,2,0.1375082690187431,corruption
2009,p73st.d,Have you or someone in your family known of a corruption act?,have you or someone in your family known of a corruption act,-4=Not asked | -3=Not applicable | -2=No answer/Refused | -1=Don´t know | 1=Yes | 2=No,haven_labelled,2,0.14349933891582195,corruption
2010,P70ST.E,Have you or someone in your family known of a corruption act?,have you or someone in your family known of a corruption act,-4=Not asked | -3=Not applicable | -2=No answer/Refused | -1=Don´t know | 1=Yes | 2=No,haven_labelled,2,0.14118217481377,corruption
2011,P80ST.F,Have you or someone in your family known of a corruption act?,have you or someone in your family known of a corruption act,-2=Don´t answer | -1=Don´t know | 1=Yes | 2=No,haven_labelled,2,0.03583448822015443,corruption
2002,p52wvsb,How justifiable is for someone to accept bribe,how justifiable is for someone to accept bribe,-4=Not asked | -3=Not applicable | -2=No answer/Refused | -1=Don´t know | 1=Never be justified | 2=2 | 3=3 | 4=4 | 5=5 | 6=6 | 7=7 | 8=8 | 9=9 | 10=Always be justified,haven_labelled,10,0.1550033323812244,corruption
2007,p95st.a,How justifiable is for someone to accept bribe,how justifiable is for someone to accept bribe,-4=Not asked | -3=Not applicable | -2=No answer/Refused | -1=Don´t know | 1=Never be justified | 2=2 | 3=3 | 4=4 | 5=5 | 6=6 | 7=7 | 8=8 | 9=9 | 10=Always be justified,haven_labelled,10,0.2054728121970565,corruption
1997,nsp25,How serious is the corruption problem in the country?,how serious is the corruption problem in the country,-4=Not asked | -3=Not applicable | -2=No answer/Refused | -1=Don´t know | 1=Very serious | 2=Serious | 3=Not very serious | 4=Not at all serious,haven_labelled,4,0.011608951242404781,corruption
1998,sp23,How serious is the corruption problem in the country?,how serious is the corruption problem in the country,-4=Not asked | -3=Not applicable | -2=No answer/Refused | -1=Don´t know | 1=Very serious | 2=Serious | 3=Not very serious | 4=Not at all serious,haven_labelled,7,0,corruption
2000,P24ST.A,How serious is the corruption problem in the country?,how serious is the corruption problem in the country,-4=Not asked | -3=Not applicable | -2=No answer/Refused | -1=Don´t know | 1=Very serious | 2=Serious | 3=Not very serious | 4=Not at all serious,haven_labelled,4,0.008592970395831023,corruption
2001,p17sta,How serious is the corruption problem in the country?,how serious is the corruption problem in the country,-4=Not asked | -3=Not applicable | -2=No answer/Refused | -1=Don´t know | 1=Increased a lot | 2=Increased a little | 3=Remained the same | 4=Decreased a little | 5=Decreased a lot,haven_labelled,4,0.12946536765062286,corruption
2018,P71TI.A,"P71TI.A How many of the following groups of people do you think are involved in acts of corruption, or do not have enoug",i a how many of the following groups of people do you think are involved in acts of corruption or do not have enoug,-5=Missing | -4=Not asked | -3=Not applicable | -2=No answer | -1=Don´t know | 1=None | 2=Some | 3=Almost every | 4=Everyone,haven_labelled,4,0.12462878637893486,corruption
2018,P72TI.B,"P72TI.B How many of the following groups of people do you think are involved in acts of corruption, or do not have enoug",i b how many of the following groups of people do you think are involved in acts of corruption or do not have enoug,-5=Missing | -4=Not asked | -3=Not applicable | -2=No answer | -1=Don´t know | 1=None | 2=Some | 3=Almost every | 4=Everyone,haven_labelled,4,0.1238863591368046,corruption
2018,P73TI.C,"P73TI.C How many of the following groups of people do you think are involved in acts of corruption, or do not have enoug",i c how many of the following groups of people do you think are involved in acts of corruption or do not have enoug,-5=Missing | -4=Not asked | -3=Not applicable | -2=No answer | -1=Don´t know | 1=None | 2=Some | 3=Almost every | 4=Everyone,haven_labelled,4,0.11809542664818848,corruption
2016,P12TI,P12TI Contact with clinic/public hospital in the last year - Frequency pay a bribe,i contact with clinic public hospital in the last year frequency pay a bribe,"-4=Not asked | -3=Not applicable | -1=Don't know, no answer | 1=Never | 2=One or twice | 3=Few times | 4=Often | 7=No contact",haven_labelled,5,0.00841417541080974,corruption
2016,P11TI,P11TI Contact with public school in the last year - Frequency pay a bribe,i contact with public school in the last year frequency pay a bribe,"-4=Not asked | -3=Not applicable | -1=Don't know, no answer | 1=Never | 2=One or twice | 3=Few times | 4=Often | 7=No contact",haven_labelled,5,0.00836468026133439,corruption
2016,P16TI,P16TI Contact with the law courts in the last year - Frequency pay a bribe,i contact with the law courts in the last year frequency pay a bribe,"-4=Not asked | -3=Not applicable | -1=Don't know, no answer | 1=Never | 2=One or twice | 3=Few times | 4=Often | 7=No contact",haven_labelled,5,0.03212235200950307,corruption
2018,P74TI.D,"P74TI.D How many of the following groups of people do you think are involved in acts of corruption, or do not have enoug",i d how many of the following groups of people do you think are involved in acts of corruption or do not have enoug,-5=Missing | -4=Not asked | -3=Not applicable | -2=No answer | -1=Don´t know | 1=None | 2=Some | 3=Almost every | 4=Everyone,haven_labelled,4,0.10948327063947733,corruption
2018,P75TI.E,"P75TI.E How many of the following groups of people do you think are involved in acts of corruption, or do not have enoug",i e how many of the following groups of people do you think are involved in acts of corruption or do not have enoug,-5=Missing | -4=Not asked | -3=Not applicable | -2=No answer | -1=Don´t know | 1=None | 2=Some | 3=Almost every | 4=Everyone,haven_labelled,4,0.09399128885369233,corruption
2018,P76TI.F,"P76TI.F How many of the following groups of people do you think are involved in acts of corruption, or do not have enoug",i f how many of the following groups of people do you think are involved in acts of corruption or do not have enoug,-5=Missing | -4=Not asked | -3=Not applicable | -2=No answer | -1=Don´t know | 1=None | 2=Some | 3=Almost every | 4=Everyone,haven_labelled,4,0.15338546822411403,corruption
2018,P77TI.G,"P77TI.G How many of the following groups of people do you think are involved in acts of corruption, or do not have enoug",i g how many of the following groups of people do you think are involved in acts of corruption or do not have enoug,-5=Missing | -4=Not asked | -3=Not applicable | -2=No answer | -1=Don´t know | 1=None | 2=Some | 3=Almost every | 4=Everyone,haven_labelled,4,0.1260146505642447,corruption
2016,P14TI,P14TI Get health/electrical services from the State - Frequency pay a bribe,i get health electrical services from the state frequency pay a bribe,"-4=Not asked | -3=Not applicable | -1=Don't know, no answer | 1=Never | 2=One or twice | 3=Few times | 4=Often | 7=No contact",haven_labelled,5,0.013512175806770936,corruption
2016,P13TI,P13TI Get official documents in the last year - Frequency pay a bribe,i get official documents in the last year frequency pay a bribe,"-4=Not asked | -3=Not applicable | -1=Don't know, no answer | 1=Never | 2=One or twice | 3=Few times | 4=Often | 7=No contact",haven_labelled,5,0.010789942585626608,corruption
2018,P78TI.H,"P78TI.H How many of the following groups of people do you think are involved in acts of corruption, or do not have enoug",i h how many of the following groups of people do you think are involved in acts of corruption or do not have enoug,-5=Missing | -4=Not asked | -3=Not applicable | -2=No answer | -1=Don´t know | 1=None | 2=Some | 3=Almost every | 4=Everyone,haven_labelled,4,0.13368639873292418,corruption
2018,P79TI.I,"P79TI.I How many of the following groups of people do you think are involved in acts of corruption, or do not have enoug",i i how many of the following groups of people do you think are involved in acts of corruption or do not have enoug,-5=Missing | -4=Not asked | -3=Not applicable | -2=No answer | -1=Don´t know | 1=None | 2=Some | 3=Almost every | 4=Everyone,haven_labelled,4,0.1264106117600475,corruption
2016,P10TI,P10TI Increase of the level of corruption in [Country] over the past year,i increase of the level of corruption in country over the past year,-4=Not asked | -3=Not applicable | -2=No answer | -1=Don't know | 1=Increased a lot | 2=Increased some | 3=Stayed the same | 4=Decreased some | 5=Decreased a lot,haven_labelled,5,0.03316175014848545,corruption
2016,P19TI,P19TI Main reason why many people do not report corruption when it occurs,i main reason why many people do not report corruption when it occurs,"-4=Not asked | -3=Not applicable | -2=No answer | -1=Don't know | 1=Most people report the problems of corruption | 2=People don't have time to report | 3=People don't know where to report | 4=People don't know how to report | 5=Nothing will be done/not make any difference | 6=Report is very expensive (transport/phone charges) | 7=Corruption is usual/All do/All are involved | 8=Officers, where corruption is reported, are corrupt/Officers | 9=The money belongs to government not to people, it is not our | 10=Other",haven_labelled,10,0.12883587408433975,corruption
2016,P21TI,P21TI Most effective way in which an ordinary people can help to combat against corruption in [Country],i most effective way in which an ordinary people can help to combat against corruption in country,"-4=Not asked | -3=Not applicable | -2=No answer | -1=Don't know | 1=Nothing / Ordinary people cannot do anithyng | 2=Refuse to pay bribes | 3=Report corruption when you see or experience it | 4=Vote for clean candidates or parties that promise to fight c | 5=Talking about the problem, for example, calling a radio prog | 6=Talk to friends and relatives about the problem | 7=Sign a petition asking for a stronger fight against corrupti | 8=Join or support an organization that is fighting corruption | 97=Nothing | 99=Other",haven_labelled,10,0.2553949712928133,corruption
2016,P17TI,P17TI Reported a bribe to a government official or someone in authority,i reported a bribe to a government official or someone in authority,-4=Not asked | -3=Not applicable | -2=No answer | -1=Don't know | 1=Yes | 2=No,haven_labelled,2,0.7671253217184716,corruption
2016,P22TIA,P22TIA Degree of agreement: Ordinary people can make a difference in the fight against corruption,ia degree of agreement ordinary people can make a difference in the fight against corruption,-4=Not asked | -3=Not applicable | -2=No answer | -1=Don't know | 1=Strongly agree | 2=Agree | 3=Neither agree or disagree | 4=Disagree | 5=Strongly disagree,haven_labelled,5,0.049000197980597904,corruption
2016,P1TIA,P1TIA Groups of people-acts of corruption: The president and officials in his/her office,ia groups of people acts of corruption the president and officials in his her office,-4=Not asked | -3=Not applicable | -2=No answer | -1=Don't know | 1=None | 2=Some | 3=Almost all | 4=All,haven_labelled,4,0.10587012472777668,corruption
2016,P20TIA,P20TIA How the current government is dealing with the fight against public corruption,ia how the current government is dealing with the fight against public corruption,"-4=Not asked | -3=Not applicable | -1=Don't know, no answer | 1=Very bad | 2=Bad | 3=Good | 4=Very good",haven_labelled,4,0.11646208671550189,corruption
2016,P18TIA,P18TIA What happened when reported bribe incident: Authorities took actions against officials involved,ia what happened when reported bribe incident authorities took actions against officials involved,-4=Not asked | -3=Not applicable | -2=No answer | -1=Don't know | 1=No | 2=Yes,haven_labelled,2,0.9805484062561869,corruption
2016,P23TIB,P23TIB Degree of agreement: Acceptable for people to report a case of corruption they have witnessed,ib degree of agreement acceptable for people to report a case of corruption they have witnessed,-4=Not asked | -3=Not applicable | -2=No answer | -1=Don't know | 1=Strongly agree | 2=Agree | 3=Neither agree or disagree | 4=Disagree | 5=Strongly disagree,haven_labelled,5,0.0471688774500099,corruption
2018,P82TIB,"P82TIB If I do not report an act of corruption that I have knowledge of, I become an accomplice",ib if i do not report an act of corruption that i have knowledge of i become an accomplice,-5=Missing | -4=Not asked | -3=Not applicable | -1=Don´t know/No answer | 1=Very agree | 2=I agree | 3=Disagree | 4=Very much disagree,haven_labelled,4,0.03979410017818254,corruption
2016,P18TIB,P18TIB What happened when reported bribe incident: You suffered retaliation or other negative consequences,ib what happened when reported bribe incident you suffered retaliation or other negative consequences,-4=Not asked | -3=Not applicable | -2=No answer | -1=Don't know | 1=No | 2=Yes,haven_labelled,2,0.980845377153039,corruption
2016,P24TIC,"P24TIC Degree of agreement: If I would witness and act of corruption, I would feel personally obliged to report itt",ic degree of agreement if i would witness and act of corruption i would feel personally obliged to report itt,-4=Not asked | -3=Not applicable | -2=No answer | -1=Don't know | 1=Strongly agree | 2=Agree | 3=Neither agree or disagree | 4=Disagree | 5=Strongly disagree,haven_labelled,5,0.05216788754702039,corruption
2016,P3TIC,P3TIC Groups of people-acts of corruption: Government officials,ic groups of people acts of corruption government officials,-4=Not asked | -3=Not applicable | -2=No answer | -1=Don't know | 1=None | 2=Some | 3=Almost all | 4=All,haven_labelled,4,0.10072262918234014,corruption
2016,P25TID,P25TID Degree of agreement: I would report a case of corruption If I would have to spend a day in court to give evidence,id degree of agreement i would report a case of corruption if i would have to spend a day in court to give evidence,-4=Not asked | -3=Not applicable | -2=No answer | -1=Don't know | 1=Strongly agree | 2=Agree | 3=Neither agree or disagree | 4=Disagree | 5=Strongly disagree,haven_labelled,5,0.06548208275588992,corruption
2016,P4TID,P4TID Groups of people-acts of corruption: Local government councilors,id groups of people acts of corruption local government councilors,-4=Not asked | -3=Not applicable | -2=No answer | -1=Don't know | 1=None | 2=Some | 3=Almost all | 4=All,haven_labelled,4,0.10032666798653732,corruption
2016,P7TIG,P7TIG Groups of people-acts of corruption: Judges and magistrates,ig groups of people acts of corruption judges and magistrates,-4=Not asked | -3=Not applicable | -2=No answer | -1=Don't know | 1=None | 2=Some | 3=Almost all | 4=All,haven_labelled,4,0.11740249455553356,corruption
2016,P8TIH,P8TIH Groups of people-acts of corruption: Religious leaders,ih groups of people acts of corruption religious leaders,-4=Not asked | -3=Not applicable | -2=No answer | -1=Don't know | 1=None | 2=Some | 3=Almost all | 4=All,haven_labelled,4,0.12636111661057217,corruption
2016,P9TII,P9TII Groups of people-acts of corruption: Business executives,ii groups of people acts of corruption business executives,-4=Not asked | -3=Not applicable | -2=No answer | -1=Don't know | 1=None | 2=Some | 3=Almost all | 4=All,haven_labelled,4,0.11190853296376956,corruption
2001,p29n,Number of corrupted civil servants,number of corrupted civil servants,-4=Not asked | -3=Not applicable | -2=No answer/Refused | -1=Don´t know | 0=None,haven_labelled,89,0.44767582763802044,corruption
2002,p7st,Number of corrupted civil servants,number of corrupted civil servants,-4=Not asked | -3=Not applicable | -2=No answer/Refused | -1=Don´t know | 0=None,haven_labelled,90,0.22465009997143673,corruption
2005,p84st,Number of corrupted civil servants,number of corrupted civil servants,-4=Not asked | -3=Not applicable | -2=No answer/Refused | -1=Don´t know | 0=None,haven_labelled,92,0.12748491741667492,corruption
2008,p74st,Number of corrupted civil servants,number of corrupted civil servants,-4=Not asked | -3=Not applicable | -2=No answer/Refused | -1=Don´t know | 0=None,haven_labelled,90,0.1145755237045204,corruption
2004,p53n,Pay a bribe to public functionary,pay a bribe to public functionary,-4=Not asked | -3=Not applicable | -2=No answer/Refused | -1=Don´t know | 1=Pay the bribe | 2=Request that the bribe be lowered | 3=Conduct the business without paying the bribe | 4=Denounce the functionary for requesting a bribe | 5=Nothing,haven_labelled,5,0.1633779869659667,corruption
2011,P16ST.E,Paying 'bribes' to a public official is justified if this is the only way to get things,paying bribes to a public official is justified if this is the only way to get things,-4=Not asked | -3=Not applicable | -2=No answer | -1=Don't know/No answer | 1=Strongle Agree | 2=Agree | 3=Disagree | 4=Strongly Disagree,haven_labelled,4,0.04632745990892893,corruption
2004,p56nb,Probability to bribe a Judge,probability to bribe a judge,"-4=Not asked | -3=Not applicable | -2=No answer/Refused | -1=Don´t know | 1=There is no possibility, don´t even try | 2=There is only a very small chance | 3=It depends on the circumstances | 4=There is quite a high probability | 5=There is a very high probability",haven_labelled,5,0.21361332367849384,corruption
2008,p77st.b,Probability to bribe a Judge,probability to bribe a judge,"-4=Not asked | -3=Not applicable | -2=No answer/Refused | -1=Don´t know | 1=There is no possibility, don´t even try | 2=There is only a very small chance | 3=It depends on the circumstances | 4=There is quite a high probability | 5=There is a very high probability",haven_labelled,5,0.10447629547960309,corruption
2004,p56nc,Probability to bribe someone in a ministry,probability to bribe someone in a ministry,"-4=Not asked | -3=Not applicable | -2=No answer/Refused | -1=Don´t know | 1=There is no possibility, don´t even try | 2=There is only a very small chance | 3=It depends on the circumstances | 4=There is quite a high probability | 5=There is a very high probability",haven_labelled,5,0.23049420709630702,corruption
2008,p77st.c,Probability to bribe someone in a ministry,probability to bribe someone in a ministry,"-4=Not asked | -3=Not applicable | -2=No answer/Refused | -1=Don´t know | 1=There is no possibility, don´t even try | 2=There is only a very small chance | 3=It depends on the circumstances | 4=There is quite a high probability | 5=There is a very high probability",haven_labelled,5,0.12383682469680264,corruption
2011,P60N,Scale: how transparent do you consider the state of (country)?,scale how transparent do you consider the state of country,-2=No answer | -1=Don´t know | 100=All,haven_labelled,98,0.10601861017620273,corruption
2020,P68ST,P68ST ¿Have you or a member of your family known about an act of corruption in the last 12 months?,t a have you or a member of your family known about an act of corruption in the last 12 months,1=Yes | 2=No | -1=Don´t know | -2=No answer | -3=Not applicable | -4=Not asked | -5=Don´t know / No answer,haven_labelled,2,0.047366858047911305,corruption
2018,P25ST,P25ST Agreement/Disagreement: One can allow some corruption if that is the price to pay to solve problems,t agreement disagreement one can allow some corruption if that is the price to pay to solve problems,-1=Don´t know/No answer | 1=Very agree | 2=I agree | 3=Disagree | 4=Very much disagree,haven_labelled,4,0.05484062561868937,corruption
2013,P72ST.C,P72ST.C To what extent do you think the state can solve the problem of corruption?,t c to what extent do you think the state can solve the problem of corruption,-4=Not asked | -3=Not applicable | -2=No answer | -1=Don't know | 1=All the problem | 2=A large part of the problem | 3=A small part of the problem | 4=The state cannot solve the problem,haven_labelled,4,0.13162423333186252,corruption
2020,P20ST.E,P20ST.E It is possible to eradicate corruption from politics,t e it is possible to eradicate corruption from politics,1=Strongly agree | 2=Agree | 3=Disagree | 4=Strongly disagree | -1=Don´t know | -2=Don´t know / No answer | -3=Not applicable | -4=Not asked,haven_labelled,4,0.06493763611166106,corruption
2020,P20ST.F,P20ST.F It is right to pay the price of some corruption if problems are solved,t f it is right to pay the price of some corruption if problems are solved,1=Strongly agree | 2=Agree | 3=Disagree | 4=Strongly disagree | -1=Don´t know | -2=Don´t know / No answer | -3=Not applicable | -4=Not asked,haven_labelled,4,0.06513561670956246,corruption
2020,P20ST.G,"P20ST.G If I do not report an act of corruption that I am aware of, I become an accomplice",t g if i do not report an act of corruption that i am aware of i become an accomplice,1=Strongly agree | 2=Agree | 3=Disagree | 4=Strongly disagree | -1=Don´t know | -2=Don´t know / No answer | -3=Not applicable | -4=Not asked,haven_labelled,4,0.04147693526034449,corruption
2017,P38ST,P38ST In the last 2 years how much progress has there been in the reduction of corruption in your country?,t in the last 2 years how much progress has there been in the reduction of corruption in your country,-1=Don´t know/No answer | 1=A lot | 2=Something | 3=Little | 4=Nothing,haven_labelled,4,0.024405940594059407,corruption
2015,P66ST,P66ST Know - act of corruption in the last 12 months,t know act of corruption in the last 12 months,-4=Not asked | -3=Not applicable | -2=No answer | -1=Don't know | 1=Yes | 2=No,haven_labelled,2,0.03619753086419753,corruption
2017,P26ST,"P26ST The price of a certain degree of corruption can be paid, provided that solve the problems of the country",t the price of a certain degree of corruption can be paid provided that solve the problems of the country,-1=Don´t know/No answer | 1=Very agree | 2=I agree | 3=Disagree | 4=Very much disagree,haven_labelled,4,0.05,corruption
2020,P69ST,P69ST Variation of the level of corruption in this country over the past year,t variation of the level of corruption in this country over the past year,1=Increased a lot | 2=Increased some | 3=Stayed the same | 4=Decreased some | 5=Decreased a lot | -1=Don´t know | -2=No answer | -3=Not applicable | -4=Not asked | -5=Don´t know / No answer,haven_labelled,5,0.059344684220946346,corruption
2016,P44STA,P44STA A certain degree of corruption as long as the problems of the country are solved,ta a certain degree of corruption as long as the problems of the country are solved,-4=Not asked | -3=Not applicable | -2=No answer/Refused | -1=Don´t know | 1=Strongly agree | 2=Somewhat agree | 3=Somewhat Disagree | 4=Strongly disagree,haven_labelled,4,0.0662245099980202,corruption
2016,P38STA,P38STA Have you or someone in your family known of a corruption act?,ta have you or someone in your family known of a corruption act,-4=Not asked | -3=Not applicable | -2=No answer/Refused | -1=Don´t know | 1=Yes | 2=No,haven_labelled,2,0.029103147891506632,corruption
2016,P31STC,P31STC Degree of agreement: It is possible to eradicate corruption from politics,tc degree of agreement it is possible to eradicate corruption from politics,"-4=Not asked | -3=Not applicable | -1=Don't know, no answer | 1=Strongly agree | 2=Agree | 3=Disagree | 4=Strongly disagree",haven_labelled,4,0.0663235002969709,corruption
2011,P58N.C,The problem of corruption,the problem of corruption,-2=No answer | -1=Don´t know | 1=The whole problem | 2=Much of the problem | 3=A small part of the problem | 4=The state can not solve the problem,haven_labelled,4,0.04261532369827757,corruption
2004,p55n,Time to eliminate corruption,time to eliminate corruption,-4=Not asked | -3=Not applicable | -2=No answer/Refused | -1=Don´t know | 1=1 to 5 years | 2=5 to 10 years | 3=10 to 20 years | 4=Much more than 20 years | 5=Never | 6=There is no corruption,haven_labelled,6,0.19098479362780593,corruption
2020,P71STM_01,P71STM_01 Groups involved in corruption: The president and officials at office,tm 01 groups involved in corruption the president and officials at office,1=Mentioned | 0=Not mentioned | -1=Don´t know | -2=No answer | -3=Not applicable | -4=Not asked,haven_labelled,2,0.3170164323896258,corruption
2020,P71STM_02,P71STM_02 Groups involved in corruption: Parlament members,tm 02 groups involved in corruption parlament members,1=Mentioned | 0=Not mentioned | -1=Don´t know | -2=No answer | -3=Not applicable | -4=Not asked,haven_labelled,2,0.3170164323896258,corruption
2020,P71STM_03,P71STM_03 Groups involved in corruption: Civil servants,tm 03 groups involved in corruption civil servants,1=Mentioned | 0=Not mentioned | -1=Don´t know | -2=No answer | -3=Not applicable | -4=Not asked,haven_labelled,2,0.3170164323896258,corruption
2020,P71STM_04,P71STM_04 Groups involved in corruption: Local Government,tm 04 groups involved in corruption local government,1=Mentioned | 0=Not mentioned | -1=Don´t know | -2=No answer | -3=Not applicable | -4=Not asked,haven_labelled,2,0.3170164323896258,corruption
2020,P71STM_07,P71STM_07 Groups involved in corruption: Judges and magistrates,tm 07 groups involved in corruption judges and magistrates,1=Mentioned | 0=Not mentioned | -1=Don´t know | -2=No answer | -3=Not applicable | -4=Not asked,haven_labelled,2,0.3170164323896258,corruption
2020,P71STM_08,P71STM_08 Groups involved in corruption: Religious leaders,tm 08 groups involved in corruption religious leaders,1=Mentioned | 0=Not mentioned | -1=Don´t know | -2=No answer | -3=Not applicable | -4=Not asked,haven_labelled,2,0.3170164323896258,corruption
2020,P71STM_09,P71STM_09 Groups involved in corruption: Entrepreneurs,tm 09 groups involved in corruption entrepreneurs,1=Mentioned | 0=Not mentioned | -1=Don´t know | -2=No answer | -3=Not applicable | -4=Not asked,haven_labelled,2,0.3170164323896258,corruption
2020,P71STM_10,P71STM_10 Groups involved in corruption: Some Families,tm 10 groups involved in corruption some families,1=Mentioned | 0=Not mentioned | -1=Don´t know | -2=No answer | -3=Not applicable | -4=Not asked,haven_labelled,2,0.3170164323896258,corruption
2020,P71STM_11,P71STM_11 Groups involved in corruption: Don´t know / No answer,tm 11 groups involved in corruption dona t know no answer,1=Mentioned | 0=Not mentioned | -1=Don´t know | -2=No answer | -3=Not applicable | -4=Not asked,haven_labelled,2,0,corruption
2015,P55N.A,P55N.A Transparency in the government,transparency in the government,-4=Not asked | -3=Not applicable | -2=No answer | -1=Don't know | 1=A lot | 2=Some | 3=Little | 4=No transparency,haven_labelled,4,0.03950617283950617,corruption
2015,P55N.C,P55N.C Transparency in the private companies,transparency in the private companies,-4=Not asked | -3=Not applicable | -2=No answer | -1=Don't know | 1=A lot | 2=Some | 3=Little | 4=No transparency,haven_labelled,4,0.07703703703703704,corruption
2015,P55N.B,P55N.B Transparency in the State,transparency in the state,-4=Not asked | -3=Not applicable | -2=No answer | -1=Don't know | 1=A lot | 2=Some | 3=Little | 4=No transparency,haven_labelled,4,0.04928395061728395,corruption
2017,P39STTI,P39STTI How good or how bad would you say that the current government is trying to fight against public corruption,tti how good or how bad would you say that the current government is trying to fight against public corruption,-1=Don´t know/No answer | 1=Too bad | 2=Not good | 3=Not bad | 4=Very well,haven_labelled,4,0.1498019801980198,corruption
2017,P25STTI,"P25STTI If I witnessed an act of corruption, I would personally feel forced to report it",tti if i witnessed an act of corruption i would personally feel forced to report it,-1=Don´t know/No answer | 1=Very agree | 2=I agree | 3=Disagree | 4=Very much disagree,haven_labelled,4,0.033663366336633666,corruption
2018,P80STTI,P80STTI Variation of the level of corruption in (COUNTRY) since last year,tti variation of the level of corruption in country since last year,-5=Missing | -4=Not asked | -3=Not applicable | -1=Don´t know/No answer | 1=It increased a lot | 2=It increased something | 3=It has remained the same | 4=Decreased something | 5=It decreased a lot,haven_labelled,5,0.030489012076816473,corruption
2007,p4nc,Where do you think things in (country) are going?: Corrupt,where do you think things in country are going corrupt,-4=Not asked | -3=Not applicable | -2=No answer/Refused | -1=Don´t know | 1=More | 2=The same | 3=Less,haven_labelled,3,0.15087688375782146,corruption
2011,P56NH,Which of the following public policies have benefited you and your family? Policy against corruption,which of the following public policies have benefited you and your family policy against corruption,0=Not mentioned | 1=Mentioned,haven_labelled,2,0,corruption
2011,P17NF,What does democracy needs? Increase transparency of the state,what does democracy needs increase transparency of the state,0=Not mentioned | 1=Mentioned,haven_labelled,2,0,corruption; democracy
2011,P17NE,What does democracy needs? Reduce corruption,what does democracy needs reduce corruption,0=Not mentioned | 1=Mentioned,haven_labelled,2,0,corruption; democracy
2017,P42NC.E,P42NC.E How much corruption do you think there is in: National congress,c e how much corruption do you think there is in national congress,-2=No answer | -1=Don´t know | 0=Nothing | 1=1 | 2=2 | 3=3 | 4=4 | 5=5 | 6=6 | 7=7 | 8=8 | 9=9 | 10=Much,haven_labelled,11,0.07257425742574257,corruption; institutional_confidence
2001,p28n5,Corrupt institutions: Fifth mention,corrupt institutions fifth mention,"-4=Not asked | -3=Not applicable | -2=No answer/Refused | -1=Don´t know | 1=Local government | 2=Federal government | 3=Central government | 4=Customs | 5=Ministries | 6=State´s services | 7=Taxes offices | 8=Post office | 9=Public licitations | 10=State contracts | 11=Public enterprises | 12=Purchase state system | 13=State control organ - Contraloria | 14=Parliament / senators / deputies | 15=President/state | 16=Political parties and their leaders | 17=Police/investigations/secret services, special forces | 18=Armed forces, military | 19=Judiciary | 20=International police | 93=Everyone | 94=None | 95=Other | 97=There are no corrupted institutions | 98=Have not heard enough to give an opinion",haven_labelled,13,0.9937472735204305,corruption; institutional_confidence
2001,p28n1,Corrupt institutions: First mention,corrupt institutions first mention,"-4=Not asked | -3=Not applicable | -2=No answer/Refused | -1=Don´t know | 1=Local government | 2=Federal government | 3=Central government | 4=Customs | 5=Ministries | 6=State´s services | 7=Taxes offices | 8=Post office | 9=Public licitations | 10=State contracts | 11=Public enterprises | 12=Purchase state system | 13=State control organ - Contraloria | 14=Parliament / senators / deputies | 15=President/state | 16=Political parties and their leaders | 17=Police/investigations/secret services, special forces | 18=Armed forces, military | 19=Judiciary | 20=International police | 93=Everyone | 94=None | 95=Other | 97=There are no corrupted institutions | 98=Have not heard enough to give an opinion",haven_labelled,25,0.18031118220154138,corruption; institutional_confidence
2001,p28n4,Corrupt institutions: Fourth mention,corrupt institutions fourth mention,"-4=Not asked | -3=Not applicable | -2=No answer/Refused | -1=Don´t know | 1=Local government | 2=Federal government | 3=Central government | 4=Customs | 5=Ministries | 6=State´s services | 7=Taxes offices | 8=Post office | 9=Public licitations | 10=State contracts | 11=Public enterprises | 12=Purchase state system | 13=State control organ - Contraloria | 14=Parliament / senators / deputies | 15=President/state | 16=Political parties and their leaders | 17=Police/investigations/secret services, special forces | 18=Armed forces, military | 19=Judiciary | 20=International police | 93=Everyone | 94=None | 95=Other | 97=There are no corrupted institutions | 98=Have not heard enough to give an opinion",haven_labelled,16,0.9880761960157045,corruption; institutional_confidence
2001,p28n2,Corrupt institutions: Second mention,corrupt institutions second mention,"-4=Not asked | -3=Not applicable | -2=No answer/Refused | -1=Don´t know | 1=Local government | 2=Federal government | 3=Central government | 4=Customs | 5=Ministries | 6=State´s services | 7=Taxes offices | 8=Post office | 9=Public licitations | 10=State contracts | 11=Public enterprises | 12=Purchase state system | 13=State control organ - Contraloria | 14=Parliament / senators / deputies | 15=President/state | 16=Political parties and their leaders | 17=Police/investigations/secret services, special forces | 18=Armed forces, military | 19=Judiciary | 20=International police | 93=Everyone | 94=None | 95=Other | 97=There are no corrupted institutions | 98=Have not heard enough to give an opinion",haven_labelled,21,0.9233677475643449,corruption; institutional_confidence
2001,p28n3,Corrupt institutions: Third mention,corrupt institutions third mention,"-4=Not asked | -3=Not applicable | -2=No answer/Refused | -1=Don´t know | 1=Local government | 2=Federal government | 3=Central government | 4=Customs | 5=Ministries | 6=State´s services | 7=Taxes offices | 8=Post office | 9=Public licitations | 10=State contracts | 11=Public enterprises | 12=Purchase state system | 13=State control organ - Contraloria | 14=Parliament / senators / deputies | 15=President/state | 16=Political parties and their leaders | 17=Police/investigations/secret services, special forces | 18=Armed forces, military | 19=Judiciary | 20=International police | 93=Everyone | 94=None | 95=Other | 97=There are no corrupted institutions | 98=Have not heard enough to give an opinion",haven_labelled,20,0.9722747321991179,corruption; institutional_confidence
2016,P15TI,P15TI Contact with the police in the last year - Frequency pay a bribe,i contact with the police in the last year frequency pay a bribe,"-4=Not asked | -3=Not applicable | -1=Don't know, no answer | 1=Never | 2=One or twice | 3=Few times | 4=Often | 7=No contact",haven_labelled,5,0.012126311621461097,corruption; institutional_confidence
2016,P2TIB,P2TIB Groups of people-acts of corruption: Members of parliament,ib groups of people acts of corruption members of parliament,-4=Not asked | -3=Not applicable | -2=No answer | -1=Don't know | 1=None | 2=Some | 3=Almost all | 4=All,haven_labelled,4,0.11413581469016036,corruption; institutional_confidence
2016,P5TIE,P5TIE Groups of people-acts of corruption: Police,ie groups of people acts of corruption police,-4=Not asked | -3=Not applicable | -2=No answer | -1=Don't know | 1=None | 2=Some | 3=Almost all | 4=All,haven_labelled,4,0.08127103543852703,corruption; institutional_confidence
2004,p56na,Probability to bribe a police man,probability to bribe a police man,"-4=Not asked | -3=Not applicable | -2=No answer/Refused | -1=Don´t know | 1=There is no possibility, don´t even try | 2=There is only a very small chance | 3=It depends on the circumstances | 4=There is quite a high probability | 5=There is a very high probability",haven_labelled,5,0.19066799420709632,corruption; institutional_confidence
2008,p77st.a,Probability to bribe a police man,probability to bribe a police man,"-4=Not asked | -3=Not applicable | -2=No answer/Refused | -1=Don´t know | 1=There is no possibility, don´t even try | 2=There is only a very small chance | 3=It depends on the circumstances | 4=There is quite a high probability | 5=There is a very high probability",haven_labelled,5,0.08079382579933848,corruption; institutional_confidence
2003,p77n,Progress on reducing corruption in state institutions (1 year),progress on reducing corruption in state institutions 1 year,-4=Not asked | -3=Not applicable | -2=No answer/Refused | -1=Don´t know | 1=Much | 2=Some | 3=Little | 4=No progress at all,haven_labelled,4,0.17328349027587187,corruption; institutional_confidence
2004,p54st,Progress on reducing corruption in state institutions (2 years),progress on reducing corruption in state institutions 2 years,-4=Not asked | -3=Not applicable | -2=No answer/Refused | -1=Don´t know | 1=Much | 2=Some | 3=Little | 4=No progress at all,haven_labelled,4,0.16070782041998552,corruption; institutional_confidence
2005,p83st,Progress on reducing corruption in state institutions (2 years),progress on reducing corruption in state institutions 2 years,-4=Not asked | -3=Not applicable | -2=No answer/Refused | -1=Don´t know | 1=Much | 2=Some | 3=Little | 4=No progress at all,haven_labelled,4,0.04722579369004055,corruption; institutional_confidence
2006,p33st,Progress on reducing corruption in state institutions (2 years),progress on reducing corruption in state institutions 2 years,-4=Not asked | -3=Not applicable | -2=No answer/Refused | -1=Don´t know | 1=Much | 2=Some | 3=Little | 4=No progress at all,haven_labelled,4,0.14135987317245025,corruption; institutional_confidence
2007,p72st,Progress on reducing corruption in state institutions (2 years),progress on reducing corruption in state institutions 2 years,-4=Not asked | -3=Not applicable | -2=No answer/Refused | -1=Don´t know | 1=Much | 2=Some | 3=Little | 4=No progress at all,haven_labelled,4,0.14497223935842074,corruption; institutional_confidence
2008,p73st,Progress on reducing corruption in state institutions (2 years),progress on reducing corruption in state institutions 2 years,-4=Not asked | -3=Not applicable | -2=No answer/Refused | -1=Don´t know | 1=Much | 2=Some | 3=Little | 4=No progress at all,haven_labelled,4,0.13887541345093715,corruption; institutional_confidence
2009,p74st,Progress on reducing corruption in state institutions (2 years),progress on reducing corruption in state institutions 2 years,-4=Not asked | -3=Not applicable | -2=No answer/Refused | -1=Don´t know | 1=Much | 2=Some | 3=Little | 4=No progress at all,haven_labelled,4,0.1517408550022036,corruption; institutional_confidence
2010,P68ST,Progress on reducing corruption in state institutions (2 years),progress on reducing corruption in state institutions 2 years,-4=Not asked | -3=Not applicable | -2=No answer/Refused | -1=Don´t know | 1=Much | 2=Some | 3=Little | 4=No progress at all,haven_labelled,4,0.04562084012870807,corruption; institutional_confidence
2011,P81ST,Progress on reducing corruption in state institutions (2 years),progress on reducing corruption in state institutions 2 years,-2=Don´t answer | -1=Don´t know | 1=Very much | 2=Something | 3=A little | 4=Nothing,haven_labelled,4,0.041427440110869136,corruption; institutional_confidence
2013,P69ST,P69ST How much progress do you think there has been in reducing corruption in state institutions over the past 2 years?,t how much progress do you think there has been in reducing corruption in state institutions over the past 2 years,-4=Not asked | -3=Not applicable | -2=No answer | -1=Don't know | 1=A great deal | 2=Some | 3=A little | 4=None,haven_labelled,4,0.15231875744605744,corruption; institutional_confidence
2023,P60ST,"P60ST In the last 2 years, ¿how much progress has been made in reducing corruption in state institutions?",t in the last 2 years a how much progress has been made in reducing corruption in state institutions,1=A lot | 2=Some | 3=Little | 4=None at all | -1=Don't know | -2=Does not answer | -3=Not applicable | -4=Not asked | -5=Does not know / Does not answer,haven_labelled,4,0.026607654256703982,corruption; institutional_confidence
2015,P67ST,P67ST It is improved that the corruption is reduced in the institutions of the State (last two years),t it is improved that the corruption is reduced in the institutions of the state last two years,-4=Not asked | -3=Not applicable | -2=No answer | -1=Don't know | 1=A lot | 2=Some | 3=Little | 4=Nothing,haven_labelled,4,0.05609876543209877,corruption; institutional_confidence
2020,P70ST,P70ST Progress reducing corruption in country institutions over the past year,t progress reducing corruption in country institutions over the past year,1=A lot | 2=Some | 3=litlle | 4=Nothing | -1=Don´t know | -2=No answer | -3=Not applicable | -4=Not asked | -5=Don´t know / No answer,haven_labelled,4,0.06221540289051673,corruption; institutional_confidence
2020,P71STM_05,P71STM_05 Groups involved in corruption: Police,tm 05 groups involved in corruption police,1=Mentioned | 0=Not mentioned | -1=Don´t know | -2=No answer | -3=Not applicable | -4=Not asked,haven_labelled,2,0.3170164323896258,corruption; institutional_confidence
2016,P6TIF,"P6TIF Groups of people-acts of corruption: Tax officials, like ministry of finance or local government tax collectors",if groups of people acts of corruption tax officials like ministry of finance or local government tax collectors,-4=Not asked | -3=Not applicable | -2=No answer | -1=Don't know | 1=None | 2=Some | 3=Almost all | 4=All,haven_labelled,4,0.15472183725994854,corruption; tax_tolerance
1998,np69h,Reasons not to pay all the taxes: Because there is corruption,reasons not to pay all the taxes because there is corruption,-4=Not asked | -3=Not applicable | -2=No answer/Refused | -1=Don´t know | 0=Not mentioned | 1=Mentioned,haven_labelled,1,0.6115783778466382,corruption; tax_tolerance
2004,p50sth,Reasons not to pay all the taxes: Because there is corruption,reasons not to pay all the taxes because there is corruption,-4=Not asked | -3=Not applicable | -2=No answer/Refused | -1=Don´t know | 0=Not mentioned | 1=Mentioned,haven_labelled,2,0.11273533671252715,corruption; tax_tolerance
2020,P71STM_06,P71STM_06 Groups involved in corruption: IRS Tax officials,tm 06 groups involved in corruption irs tax officials,1=Mentioned | 0=Not mentioned | -1=Don´t know | -2=No answer | -3=Not applicable | -4=Not asked,haven_labelled,2,0.3170164323896258,corruption; tax_tolerance
2004,p18n,A military government solve problems,a military government solve problems,-4=Not asked | -3=Not applicable | -2=No answer/Refused | -1=Don´t know | 1=A military government can solve more problems than a governm | 2=A military government can solve fewer problems than a govern,haven_labelled,2,0.22818609703113685,democracy
2023,P18N.D,P18N.D Agreement/Disagreement: For democracy to work diversity of sources must be guaranteed in the media,agreement disagreement for democracy to work diversity of sources must be guaranteed in the media,1=Strongly agree | 2=Agree | 3=Disagree | 4=Strongly disagree | -1=Don't know | -2=Does not answer | -3=Not applicable | -4=Not asked | -5=Does not know / Does not answer,haven_labelled,4,0.04056235355376204,democracy
2017,P18GBS,P18GBS ¿How would you say is Democracy in your country?,bs a how would you say is democracy in your country,-4=Not asked | -3=Not applicable | -2=No answer/Refused | -1=Don´t know | 1=Una Full democracy | 2=Una Democracy with little problems | 3=Una Democracy with big problems | 4=No is a democracy | 5=No I understand what a democracy is,haven_labelled,5,0.024257425742574258,democracy
2018,P18GBS,P18GBS ¿How would you say is Democracy in your country?,bs a how would you say is democracy in your country,-4=Not asked | -3=Not applicable | -2=No answer/Refused | -1=Don´t know | 1=A full democracy | 2=A democracy with little problems | 3=A democracy with big problems | 4=Not a democracy | 5=I don´t understand what a democracy is,haven_labelled,5,0.030390021777865768,democracy
2020,P14GBS,P14GBS ¿How would you say is Democracy in your country?,bs a how would you say is democracy in your country,1=A full democracy | 2=A democracy with small problems | 3=A democracy with big problems | 4=It is not a democracy | 5=I do not understand what a democracy is | -1=Don´t know | -2=No answer | -3=Not applicable | -4=Not asked | -5=Don´t know / No answer,haven_labelled,5,0.031231439318946744,democracy
2013,P50GBS.B,P50GBS.B Scale China is democratic,bs b scale china is democratic,-4=Not asked | -3=Not applicable | -2=No answer | -1=Don't know | 1=Completely undemocratic | 2=2 | 3=3 | 4=4 | 5=5 | 6=6 | 7=7 | 8=8 | 9=9 | 10=Completely democratic | 96=Other answers,haven_labelled,10,0.38467987468561093,democracy
2013,P50GBS.E,P50GBS.E Scale (country) democratic ten years ago,bs e scale country democratic ten years ago,-4=Not asked | -3=Not applicable | -2=No answer | -1=Don't know | 1=Completely undemocratic | 2=2 | 3=3 | 4=4 | 5=5 | 6=6 | 7=7 | 8=8 | 9=9 | 10=Completely democratic | 96=Other answers,haven_labelled,10,0.20844548382826633,democracy
2013,P50GBS.F,P50GBS.F Scale (country) democratic in the future,bs f scale country democratic in the future,-4=Not asked | -3=Not applicable | -2=No answer | -1=Don't know | 1=Completely undemocratic | 2=2 | 3=3 | 4=4 | 5=5 | 6=6 | 7=7 | 8=8 | 9=9 | 10=Completely democratic | 96=Other answers,haven_labelled,10,0.18280898380620395,democracy
2013,P37GBS,P37GBS In your opinion how much of a democracy is [Country]?,bs in your opinion how much of a democracy is country,"-4=Not asked | -3=Not applicable | -2=No answer | -1=Don't know | 1=A full democracy | 2=A democracy, but with minor problems | 3=A democracy, with major problems | 4=Not a democracy | 5=I do not understand what a democracy is",haven_labelled,5,0.13405109650090455,democracy
2013,P44GBS,P44GBS The most essential characteristic of a democracy (A),bs the most essential characteristic of a democracy a,-6=Do not understand the question | -4=Not asked | -3=Not applicable | -2=No answer | -1=Don't know | 1=Government narrows the gap between the rich and the poor | 2=People choose the government leaders in free and fair electi | 3=Government does not waste any public money | 4=People are free to express their political views openly,haven_labelled,4,0.19273706040683053,democracy
2013,P45GBS,P45GBS The most essential characteristic of a democracy (B),bs the most essential characteristic of a democracy b,"-6=Do not understand the question | -4=Not asked | -3=Not applicable | -2=No answer | -1=Don't know | 1=The legislature has oversight over the government | 2=Basic necessities, like food, clothes and shelter, are provi | 3=People are free to organize political groups | 4=Government provides people with quality public services",haven_labelled,4,0.22406565767991882,democracy
2013,P46GBS,P46GBS The most essential characteristic of a democracy (C),bs the most essential characteristic of a democracy c,-6=Do not understand the question | -4=Not asked | -3=Not applicable | -2=No answer | -1=Don't know | 1=Government ensures law and order | 2=Media is free to criticize the things government does | 3=Government ensures job opportunities for all | 4=Multiple parties compete fairly in the election,haven_labelled,4,0.22402153289502713,democracy
2013,P47GBS,P47GBS The most essential characteristic of a democracy (D),bs the most essential characteristic of a democracy d,-6=Do not understand the question | -4=Not asked | -3=Not applicable | -2=No answer | -1=Don't know | 1=People have the freedom to take part in protests and demonst | 2=Politics is clean and free of corruption | 3=The court protects the ordinary people from the abuse of gov | 4=People receive state aid if they are unemployed,haven_labelled,4,0.2249040285928606,democracy
1996,p22,Defense of democracy,defense of democracy,-4=Not asked | -3=Not applicable | -2=No answer/Refused | -1=Don´t know | 1=Yes | 2=No,haven_labelled,2,0.11004716981132076,democracy
1998,sp31,Defense of democracy,defense of democracy,-4=Not asked | -3=Not applicable | -2=No answer/Refused | -1=Don´t know | 1=Yes | 2=No,haven_labelled,3,0,democracy
2008,p30n,Democracy as a solution to social inequalities,democracy as a solution to social inequalities,-4=Not asked | -3=Not applicable | -2=No answer/Refused | -1=Don´t know | 1=Increased | 2=Equal | 3=Decreased,haven_labelled,3,0.24917309812568908,democracy
2009,p13st,Democracy as a solution to social inequalities,democracy as a solution to social inequalities,-4=Not asked | -3=Not applicable | -2=No answer/Refused | -1=Don't know | 1=Increased | 2=Equal | 3=Decreased,haven_labelled,3,0.07725870427501101,democracy
2004,p22nc,Democracy: Discussions and agreements,democracy discussions and agreements,-4=Not asked | -3=Not applicable | -2=No answer/Refused | -1=Don´t know | 1=Strongly agree | 2=Agree | 3=Disagree | 4=Strongly disagree,haven_labelled,4,0.18998913830557568,democracy
2006,p22na.c,Democracy gives conditions to proper,democracy gives conditions to proper,-4=Not asked | -3=Not applicable | -2=No answer/Refused | -1=Don´t know | 1=Strongly agree | 2=Agree | 3=Disagree | 4=Disagree strongly,haven_labelled,4,0.1679143914039105,democracy
2007,p13stc,Democracy gives conditions to proper,democracy gives conditions to proper,-4=Not asked | -3=Not applicable | -2=No answer/Refused | -1=Don´t know | 1=Strongly agree | 2=Agree | 3=Disagree | 4=Disagree strongly,haven_labelled,4,0.07579095796245704,democracy
2003,p22n.d,Democracy is the only system of government with which (the country) can become a developed country,democracy is the only system of government with which the country can become a developed country,-4=Not asked | -3=Not applicable | -2=No answer/Refused | -1=Don´t know | 1=Strongly agree | 2=Agree | 3=Disagree | 4=Strongly disagree,haven_labelled,4,0.20058676004353382,democracy
2004,p27sta,Democracy is the only system of government with which (the country) can become a developed country,democracy is the only system of government with which the country can become a developed country,-4=Not asked | -3=Not applicable | -2=No answer/Refused | -1=Don´t know | 1=Strongly agree | 2=Agree | 3=Disagree | 4=Strongly disagree,haven_labelled,4,0.18252172338884867,democracy
2005,p25stc,Democracy is the only system of government with which (the country) can become a developed country,democracy is the only system of government with which the country can become a developed country,-4=Not asked | -3=Not applicable | -2=No answer/Refused | -1=Don´t know | 1=Strongly agree | 2=Agree | 3=Disagree | 4=Strongly disagree,haven_labelled,4,0.10646820294728514,democracy
2002,p38no2c,Democracy may have problems but it is still the best form of government: Churchill´s quote,democracy may have problems but it is still the best form of government churchilla s quote,-4=Not asked | -3=Not applicable | -2=No answer/Refused | -1=Don´t know | 1=Strongly agree | 2=Agree | 3=Disagree | 4=Strongly disagree,haven_labelled,4,0.20222793487574978,democracy
2003,p16st.c,Democracy may have problems but it is still the best form of government: Churchill´s quote,democracy may have problems but it is still the best form of government churchilla s quote,-4=Not asked | -3=Not applicable | -2=No answer/Refused | -1=Don´t know | 1=Strongly agree | 2=Agree | 3=Disagree | 4=Strongly disagree,haven_labelled,4,0.19542894998343824,democracy
2004,p22sta,Democracy may have problems but it is still the best form of government: Churchill´s quote,democracy may have problems but it is still the best form of government churchilla s quote,-4=Not asked | -3=Not applicable | -2=No answer/Refused | -1=Don´t know | 1=Strongly agree | 2=Agree | 3=Disagree | 4=Strongly disagree,haven_labelled,4,0.179308472121651,democracy
2005,p25stb,Democracy may have problems but it is still the best form of government: Churchill´s quote,democracy may have problems but it is still the best form of government churchilla s quote,-4=Not asked | -3=Not applicable | -2=No answer/Refused | -1=Don´t know | 1=Strongly agree | 2=Agree | 3=Disagree | 4=Strongly disagree,haven_labelled,4,0.0996439521313421,democracy
2006,p22st.a,Democracy may have problems but it is still the best form of government: Churchill´s quote,democracy may have problems but it is still the best form of government churchilla s quote,-4=Not asked | -3=Not applicable | -2=No answer/Refused | -1=Don´t know | 1=Strongly agree | 2=Agree | 3=Disagree | 4=Strongly disagree,haven_labelled,4,0.1675620926545711,democracy
2007,p13sta,Democracy may have problems but it is still the best form of government: Churchill´s quote,democracy may have problems but it is still the best form of government churchilla s quote,-4=Not asked | -3=Not applicable | -2=No answer/Refused | -1=Don´t know | 1=Strongly agree | 2=Agree | 3=Disagree | 4=Strongly disagree,haven_labelled,4,0.06940160394818014,democracy
2008,p19s.ta,Democracy may have problems but it is still the best form of government: Churchill´s quote,democracy may have problems but it is still the best form of government churchilla s quote,-4=Not asked | -3=Not applicable | -2=No answer/Refused | -1=Don´t know | 1=Strongly agree | 2=Agree | 3=Disagree | 4=Strongly disagree,haven_labelled,4,0.07065049614112459,democracy
2009,p20st.a,Democracy may have problems but it is still the best form of government: Churchill´s quote,democracy may have problems but it is still the best form of government churchilla s quote,-4=Not asked | -3=Not applicable | -2=No answer/Refused | -1=Don't know | 1=Strongly agree | 2=Agree | 3=Disagree | 4=Strongly disagree,haven_labelled,4,0.06421330982811811,democracy
2010,P14ST.A,Democracy may have problems but it is still the best form of government: Churchill´s quote,democracy may have problems but it is still the best form of government churchilla s quote,-4=Not asked | -3=Not applicable | -2=No answer/Refused | -1=Don´t know | 0=Don´t know/No answer | 1=Strongly agree | 2=Agree | 3=Disagree | 4=Strongly disagree,haven_labelled,4,0.05857980341164543,democracy
2011,P16ST.A,Democracy may have problems but it is still the best form of government: Churchill´s quote,democracy may have problems but it is still the best form of government churchilla s quote,-4=Not asked | -3=Not applicable | -2=No answer | -1=Don't know/No answer | 1=Strongle Agree | 2=Agree | 3=Disagree | 4=Strongly Disagree,haven_labelled,4,0.05964165511779845,democracy
2002,p23ui,"Democracy or no, the same people always rule",democracy or no the same people always rule,-4=Not asked | -3=Not applicable | -2=No answer/Refused | -1=Don´t know | 1=Strongly agree | 2=Somewhat agree | 3=Somewhat Disagree | 4=Strongly disagree,haven_labelled,4,0.2043701799485861,democracy
2002,p23ua,Democracy should be supported no matter what,democracy should be supported no matter what,-4=Not asked | -3=Not applicable | -2=No answer/Refused | -1=Don´t know | 1=Strongly agree | 2=Somewhat agree | 3=Somewhat Disagree | 4=Strongly disagree,haven_labelled,4,0.19256402932495478,democracy
1995,p22,Democracy solves the problems,democracy solves the problems,-4=Not asked | -3=Not applicable | -2=No answer/Refused | -1=Don´t know | 1=Democracy solves problems that we have in (Country) | 2=Democracy does not solve the problems,haven_labelled,2,0.10221634138273239,democracy
2002,p41st,Democracy solves the problems,democracy solves the problems,-4=Not asked | -3=Not applicable | -2=No answer/Refused | -1=Don´t know | 1=Democracy solves problems that we have in (Country) | 2=Democracy does not solve the problems,haven_labelled,2,0.13405693611349137,democracy
2005,p24st,Democracy solves the problems,democracy solves the problems,-4=Not asked | -3=Not applicable | -2=No answer/Refused | -1=Don´t know | 1=Democracy solves problems that we have in (Country) | 2=Democracy does not solve the problems,haven_labelled,2,0.09875383245969736,democracy
2008,p16st,Democracy solves the problems,democracy solves the problems,-4=Not asked | -3=Not applicable | -2=No answer/Refused | -1=Don´t know | 1=Democracy solves problems that we have in (Country) | 2=Democracy does not solve the problems,haven_labelled,2,0.1943109151047409,democracy
2009,p16st,Democracy solves the problems,democracy solves the problems,-4=Not asked | -3=Not applicable | -2=No answer/Refused | -1=Don't know | 1=Democracy solves problems that we have in (Country) | 2=Democracy does not solve the problems,haven_labelled,2,0.19171441163508154,democracy
2001,p48nas,Democracy v/s economic development,democracy v s economic development,-4=Not asked | -3=Not applicable | -2=No answer/Refused | -1=Don´t know | 1=Economic development is more important | 2=Democracy is more important | 3=Both the same,haven_labelled,3,0.05961901992147739,democracy
2002,p35st,Democracy v/s economic development,democracy v s economic development,-4=Not asked | -3=Not applicable | -2=No answer/Refused | -1=Don´t know | 1=Economic development is more important | 2=Democracy is more important | 3=Both the same,haven_labelled,3,0.17799676282966773,democracy
2008,p14st,Democracy v/s economic development,democracy v s economic development,-4=Not asked | -3=Not applicable | -2=No answer/Refused | -1=Don´t know | 1=Economic development is more important | 2=Democracy is more important | 3=Both the same,haven_labelled,3,0.03166482910694598,democracy
2009,p19stm,Democracy v/s economic development,democracy v s economic development,-4=Not asked | -3=Not applicable | -2=No answer/Refused | -1=Don't know | 1=Economic development is more important | 2=Democracy is more important | 3=Both the same,haven_labelled,3,0.032216835610401055,democracy
1996,p23,Democracy´s most important aspects,democracya s most important aspects,-4=Not asked | -3=Not applicable | -2=No answer/Refused | -1=Don´t know | 1=The possibility of voting to elect representatives | 2=That everyone can satisfy their economic needs | 3=The right to say whatever you think | 4=Respect for minorities | 5=The existence of various political parties,haven_labelled,5,0.060849056603773585,democracy
2009,p20n.e,Democratic governments are better prepared to confront economic crisis than non democratic government,democratic governments are better prepared to confront economic crisis than non democratic government,-4=Not asked | -3=Not applicable | -2=No answer/Refused | -1=Don´t know | 1=Strongly agree | 2=Agree | 3=Disagree | 4=Strongly disagree,haven_labelled,4,0.14120758043190834,democracy
2007,p15n,Dictatorship-Democracy scale,dictatorship democracy scale,-4=Not asked | -3=Not applicable | -2=No answer/Refused | -1=Don´t know | 1=Dictatorship | 2=02 | 3=03 | 4=04 | 5=05 | 6=06 | 7=07 | 8=08 | 9=09 | 10=Democracy,haven_labelled,10,0.16885520401868334,democracy
2004,p23n,Discussing political issues is good for democracy,discussing political issues is good for democracy,-4=Not asked | -3=Not applicable | -2=No answer/Refused | -1=Don´t know | 1=Discussion of political issues publicly is relatively good f | 2=Discussion of political issues publicly hurts democracy,haven_labelled,2,0.20048877624909486,democracy
2011,P15N,Do you think democracy in (country) has.. ?,do you think democracy in country has,-2=No Answer | -1=Don´t know | 1=Improved | 2=Has remained the same | 3=Worsened,haven_labelled,3,0.041773906157196596,democracy
2015,P12TG.A,P12TG.A Satisfaction with democracy,g a satisfaction with democracy,-4=Not asked | -3=Not applicable | -2=No answer | -1=Don't know | 1=Very satisfied | 2=Quite satisfied | 3=Not very satisfied | 4=Not at all satisfied,haven_labelled,4,0.04671604938271605,democracy
2013,P13TGB.A,P13TGB.A Satisfaction with democracy,gb a satisfaction with democracy,-4=Not asked | -3=Not applicable | -2=No answer | -1=Don't know | 1=Very satisfied | 2=Quite satisfied | 3=Not very satisfied | 4=Not at all satisfied,haven_labelled,4,0.14622953713100648,democracy
2013,P50TGB.A,P50TGB.A Scale (country) is democratic,gb a scale country is democratic,-4=Not asked | -3=Not applicable | -2=No answer | -1=Don't know | 1=Completely undemocratic | 2=2 | 3=3 | 4=4 | 5=5 | 6=6 | 7=7 | 8=8 | 9=9 | 10=Completely democratic | 96=Other answers,haven_labelled,10,0.14349380046772273,democracy
2013,P50TGB.C,P50TGB.C Scale USA is democratic,gb c scale usa is democratic,-4=Not asked | -3=Not applicable | -2=No answer | -1=Don't know | 1=Completely undemocratic | 2=2 | 3=3 | 4=4 | 5=5 | 6=6 | 7=7 | 8=8 | 9=9 | 10=Completely democratic | 96=Other answers,haven_labelled,10,0.28398711556281164,democracy
2013,P50TGB.D,P50TGB.D Scale Spain is democratic,gb d scale spain is democratic,-4=Not asked | -3=Not applicable | -2=No answer | -1=Don't know | 1=Completely undemocratic | 2=2 | 3=3 | 4=4 | 5=5 | 6=6 | 7=7 | 8=8 | 9=9 | 10=Completely democratic | 96=Other answers,haven_labelled,10,0.3436438247363544,democracy
2010,P44N.G,How democratic Canada is,how democratic canada is,-6=Other answers | -4=Not asked | -3=Not applicable | -2=No answer/Refused | -1=Don´t know | 1=01 (country) is not democratic | 2=2 | 3=3 | 4=4 | 5=5 | 6=6 | 7=7 | 8=8 | 9=9 | 10=10 (country) is totally democratic,haven_labelled,10,0.4087803587957861,democracy
2011,P49ST.F,How democratic Canada is,how democratic canada is,-2=No answer | -1=Don´t know | 1=01 Not democratic | 2=2 | 3=3 | 4=4 | 5=5 | 6=6 | 7=7 | 8=8 | 9=9 | 10=10 Totally democratic,haven_labelled,10,0.2379726786774896,democracy
2011,P49ST.A,How democratic (country) is?,how democratic country is,-2=No answer | -1=Don´t know | 1=01 Not democratic | 2=2 | 3=3 | 4=4 | 5=5 | 6=6 | 7=7 | 8=8 | 9=9 | 10=10 Totally democratic,haven_labelled,10,0.04622846960997822,democracy
2004,p16n,How is democracy,how is democracy,-4=Not asked | -3=Not applicable | -2=No answer/Refused | -1=Don´t know | 1=Full democracy | 2=A democracy with small problems | 3=A democracy with big problems | 4=Not a democracy | 5=I don´t understand what a democracy is,haven_labelled,5,0.15061549601737872,democracy
2003,p22n.a,I prefer democracy to a leader with all the power not limited by law,i prefer democracy to a leader with all the power not limited by law,-4=Not asked | -3=Not applicable | -2=No answer/Refused | -1=Don´t know | 1=Strongly agree | 2=Agree | 3=Disagree | 4=Strongly disagree,haven_labelled,4,0.18501869114654806,democracy
2001,p49nldc,I would not mind a non-democratic government in power if it could solve economic problems and provide jobs,i would not mind a non democratic government in power if it could solve economic problems and provide jobs,-4=Not asked | -3=Not applicable | -2=No answer/Refused | -1=Don´t know | 1=Strongly agree | 2=Agree | 3=Disagree | 4=Strongly disagree,haven_labelled,4,0.06383597498909409,democracy
2002,p38stb,I would not mind a non-democratic government in power if it could solve the economics problems,i would not mind a non democratic government in power if it could solve the economics problems,-4=Not asked | -3=Not applicable | -2=No answer/Refused | -1=Don´t know | 1=Strongly agree | 2=Agree | 3=Disagree | 4=Strongly disagree,haven_labelled,4,0.18685137579739122,democracy
2003,p16st.d,I would not mind a non-democratic government in power if it could solve the economics problems,i would not mind a non democratic government in power if it could solve the economics problems,-4=Not asked | -3=Not applicable | -2=No answer/Refused | -1=Don´t know | 1=Strongly agree | 2=Agree | 3=Disagree | 4=Strongly disagree,haven_labelled,4,0.19069701414848814,democracy
2004,p22stb,I would not mind a non-democratic government in power if it could solve the economics problems,i would not mind a non democratic government in power if it could solve the economics problems,-4=Not asked | -3=Not applicable | -2=No answer/Refused | -1=Don´t know | 1=Strongly agree | 2=Agree | 3=Disagree | 4=Strongly disagree,haven_labelled,4,0.1727009413468501,democracy
2008,p19st.c,I would not mind a non-democratic government in power if it could solve the economics problems,i would not mind a non democratic government in power if it could solve the economics problems,-4=Not asked | -3=Not applicable | -2=No answer/Refused | -1=Don´t know | 1=Strongly agree | 2=Agree | 3=Disagree | 4=Strongly disagree,haven_labelled,4,0.08476295479603087,democracy
2003,p16wvs.a,"In democracy, the economic system generally works well",in democracy the economic system generally works well,-4=Not asked | -3=Not applicable | -2=No answer/Refused | -1=Don´t know | 1=Strongly agree | 2=Agree | 3=Disagree | 4=Strongly disagree,haven_labelled,4,0.19604410164198174,democracy
2008,p19wvstb,"In democracy, the economic system generally works well",in democracy the economic system generally works well,-4=Not asked | -3=Not applicable | -2=No answer/Refused | -1=Don´t know | 1=Strongly agree | 2=Agree | 3=Disagree | 4=Strongly disagree,haven_labelled,4,0.18632855567805953,democracy
2009,p20wvs.b,"In democracy, the economic system generally works well",in democracy the economic system generally works well,-4=Not asked | -3=Not applicable | -2=No answer/Refused | -1=Don't know | 1=Strongly agree | 2=Agree | 3=Disagree | 4=Strongly disagree,haven_labelled,4,0.1872631115028647,democracy
1997,q1c,Interviewer upset the democracy questions,interviewer upset the democracy questions,-4=Not asked | -3=Not applicable | -2=No answer/Refused | -1=Don´t know | 0=No | 1=Yes,haven_labelled,2,0.12236328607419848,democracy
1998,q1c,Interviewer upset the democracy questions,interviewer upset the democracy questions,-4=Not asked | -3=Not applicable | -2=No answer/Refused | -1=Don´t know | 0=No | 1=Yes,haven_labelled,2,0.846146279081206,democracy
2000,Q1C,Interviewer upset the democracy questions,interviewer upset the democracy questions,-4=Not asked | -3=Not applicable | -2=No answer/Refused | -1=Don´t know | 0=No | 1=Yes,haven_labelled,2,0,democracy
2001,q1c,Interviewer upset the democracy questions,interviewer upset the democracy questions,-4=Not asked | -3=Not applicable | -2=No answer/Refused | -1=Don´t know | 0=No | 1=Yes,haven_labelled,2,0.12098298676748583,democracy
2002,q1c,Interviewer upset the democracy questions,interviewer upset the democracy questions,-4=Not asked | -3=Not applicable | -2=No answer/Refused | -1=Don´t know | 0=No | 1=Yes,haven_labelled,2,0.11825192802056556,democracy
2003,q1c,Interviewer upset the democracy questions,interviewer upset the democracy questions,-4=Not asked | -3=Not applicable | -2=No answer/Refused | -1=Don´t know | 0=No | 1=Yes,haven_labelled,2,0.11806179908200445,democracy
2004,q1c,Interviewer upset the democracy questions,interviewer upset the democracy questions,-4=Not asked | -3=Not applicable | -2=No answer/Refused | -1=Don´t know | 0=No | 1=Yes,haven_labelled,2,0.11273533671252715,democracy
2005,q1c,Interviewer upset the democracy questions,interviewer upset the democracy questions,-4=Not asked | -3=Not applicable | -2=No answer/Refused | -1=Don´t know | 0=No | 1=Yes,haven_labelled,2,0,democracy
2006,q1c,Interviewer upset the democracy questions,interviewer upset the democracy questions,-4=Not asked | -3=Not applicable | -2=No answer/Refused | -1=Don´t know | 0=No | 1=Yes,haven_labelled,2,0,democracy
2007,q1c,Interviewer upset the democracy questions,interviewer upset the democracy questions,-4=Not asked | -3=Not applicable | -2=No answer/Refused | -1=Don´t know | 0=No | 1=Yes,haven_labelled,2,0,democracy
2008,q1c,Interviewer upset the democracy questions,interviewer upset the democracy questions,-4=Not asked | -3=Not applicable | -2=No answer/Refused | -1=Don´t know | 0=No | 1=Yes,haven_labelled,2,0,democracy
2002,p37no2,Is democracy necessary in order to become a developed country?,is democracy necessary in order to become a developed country,-4=Not asked | -3=Not applicable | -2=No answer/Refused | -1=Don´t know | 1=Democracy is necessary to attain development | 2=It is possible to attain development with another system of,haven_labelled,2,0.21117775873559935,democracy
2008,p15st,Is democracy necessary in order to become a developed country?,is democracy necessary in order to become a developed country,-4=Not asked | -3=Not applicable | -2=No answer/Refused | -1=Don´t know | 1=Democracy is necessary to attain development | 2=It is possible to attain development with another system of,haven_labelled,2,0.1868577728776185,democracy
2011,P16N.D,It is not good for democracy if people bypass regular channels for official procedures,it is not good for democracy if people bypass regular channels for official procedures,-4=Not asked | -3=Not applicable | -2=No answer | -1=Don't know/No answer | 1=Strongle Agree | 2=Agree | 3=Disagree | 4=Strongly Disagree,haven_labelled,4,0.0698871510591962,democracy
1997,q3c,It was difficult to make about democracy questions,it was difficult to make about democracy questions,-4=Not asked | -3=Not applicable | -2=No answer/Refused | -1=Don´t know | 0=Not mentioned | 1=Mentioned,haven_labelled,2,0.12236328607419848,democracy
1998,q3c,It was difficult to make about democracy questions,it was difficult to make about democracy questions,-4=Not asked | -3=Not applicable | -2=No answer/Refused | -1=Don´t know | 0=Not mentioned | 1=Mentioned,haven_labelled,2,0.8431459347794009,democracy
2000,Q3C,It was difficult to make about democracy questions,it was difficult to make about democracy questions,-4=Not asked | -3=Not applicable | -2=No answer/Refused | -1=Don´t know | 0=Not mentioned | 1=Mentioned,haven_labelled,2,0,democracy
2001,q3c,It was difficult to make about democracy questions,it was difficult to make about democracy questions,-4=Not asked | -3=Not applicable | -2=No answer/Refused | -1=Don´t know | 0=Not mentioned | 1=Mentioned,haven_labelled,2,0.12098298676748583,democracy
2002,q3c,It was difficult to make about democracy questions,it was difficult to make about democracy questions,-4=Not asked | -3=Not applicable | -2=No answer/Refused | -1=Don´t know | 0=Not mentioned | 1=Mentioned,haven_labelled,2,0.11825192802056556,democracy
2003,q3c,It was difficult to make about democracy questions,it was difficult to make about democracy questions,-4=Not asked | -3=Not applicable | -2=No answer/Refused | -1=Don´t know | 0=Not mentioned | 1=Mentioned,haven_labelled,2,0.11806179908200445,democracy
2004,q3c,It was difficult to make about democracy questions,it was difficult to make about democracy questions,-4=Not asked | -3=Not applicable | -2=No answer/Refused | -1=Don´t know | 0=Not mentioned | 1=Mentioned,haven_labelled,2,0.11273533671252715,democracy
2005,q3c,It was difficult to make about democracy questions,it was difficult to make about democracy questions,-4=Not asked | -3=Not applicable | -2=No answer/Refused | -1=Don´t know | 0=Not mentioned | 1=Mentioned,haven_labelled,2,0,democracy
2006,q3c,It was difficult to make about democracy questions,it was difficult to make about democracy questions,-4=Not asked | -3=Not applicable | -2=No answer/Refused | -1=Don´t know | 0=Not mentioned | 1=Mentioned,haven_labelled,2,0,democracy
2007,q3c,It was difficult to make about democracy questions,it was difficult to make about democracy questions,-4=Not asked | -3=Not applicable | -2=No answer/Refused | -1=Don´t know | 0=Not mentioned | 1=Mentioned,haven_labelled,2,0,democracy
2008,q3c,It was difficult to make about democracy questions,it was difficult to make about democracy questions,-4=Not asked | -3=Not applicable | -2=No answer/Refused | -1=Don´t know | 0=Not mentioned | 1=Mentioned,haven_labelled,2,0,democracy
2009,q2c,It was difficult to make about democracy questions,it was difficult to make about democracy questions,-4=Not asked | -3=Not applicable | -2=No answer/Refused | -1=Don´t know | 0=Not mentioned | 1=Mentioned,haven_labelled,2,0,democracy
2010,Q2C,It was difficult to make about democracy questions,it was difficult to make about democracy questions,-4=Not asked | -3=Not applicable | -2=No answer/Refused | -1=Don´t know | 0=Not mentioned | 1=Mentioned,haven_labelled,2,0,democracy
2011,Q2C,It was difficult to make about democracy questions,it was difficult to make about democracy questions,-4=Not asked | -3=Not applicable | -2=No answer | -1=Don't know | 0=No | 1=Yes,haven_labelled,2,0,democracy
2013,Q2.C,Q2.C It was difficult to make about democracy questions,it was difficult to make about democracy questions,-4=Not asked | -3=Not applicable | -2=No answer/No data | -1=Don´t know | 0=No | 1=Yes,haven_labelled,38,0.7356042889290915,democracy
2009,p30st.a,"Marches, protests, manifestations on the street are normal in democracy",marches protests manifestations on the street are normal in democracy,-4=Not asked | -3=Not applicable | -2=No answer/Refused | -1=Don't know | 1=Strongly agree | 2=Agree | 3=Disagree | 4=Strongly disagree,haven_labelled,4,0.15826355222565006,democracy
2008,p84n.a,"Marches, protests, street demonstrations: Normal in democracy",marches protests street demonstrations normal in democracy,-4=Not asked | -3=Not applicable | -2=No answer/Refused | -1=Don´t know | 1=Strongly agree | 2=Agree | 3=Disagree | 4=Disagree strongly,haven_labelled,4,0.0659316427783903,democracy
2004,p75el.b,Most democratic European country,most democratic european country,-4=Not asked | -3=Not applicable | -2=No answer/Refused | -1=Don´t know | 1=United Kingdom | 2=Spain | 3=France | 4=Italy | 5=Germany,haven_labelled,7,0.3392469225199131,democracy
2001,p47nus,Most important characteristic of democracy,most important characteristic of democracy,-4=Not asked | -3=Not applicable | -2=No answer/Refused | -1=Don´t know | 1=Open and fair elections | 2=Competitive parties system | 3=An economy system | 4=Equal treatment for everybody by courts of law | 5=Respect of minorities | 6=Majority rule | 7=Freedom of speech | 8=Members of parliament who represent their electors,haven_labelled,8,0.07382094905724396,democracy
2002,p31st,Most important characteristic of democracy,most important characteristic of democracy,-4=Not asked | -3=Not applicable | -2=No answer/Refused | -1=Don´t know | 1=Open and fair elections | 2=Competitive parties system | 3=An economy system | 4=Equal treatment for everybody by courts of law | 5=Respect of minorities | 6=Majority rule | 7=Freedom of speech | 8=Members of parliament who represent their electors,haven_labelled,8,0.08564219746739027,democracy
2005,p17st,Most important characteristic of democracy,most important characteristic of democracy,-4=Not asked | -3=Not applicable | -2=No answer/Refused | -1=Don´t know | 1=Open and fair elections | 2=Competitive parties system | 3=An economy system | 4=Equal treatment for everybody by courts of law | 5=Respect of minorities | 6=Majority rule | 7=Freedom of speech | 8=Members of parliament who represent their electors,haven_labelled,8,0.09667688655919296,democracy
2010,P15N,Opinion about last Military Government,opinion about last military government,-4=Not asked | -3=Not applicable | -2=No answer/Refused | -1=Don´t know | 0=No answer | 1=Very good | 2=Good | 3=Average | 4=Bad | 5=Very bad,haven_labelled,5,0.31626041345263806,democracy
2008,p29n,Performance of democracy in country,performance of democracy in country,-4=Not asked | -3=Not applicable | -2=No answer/Refused | -1=Don´t know | 1=Better | 2=Same | 3=Worse,haven_labelled,3,0.2205071664829107,democracy
1995,p21,Satisfaction with democracy,satisfaction with democracy,-4=Not asked | -3=Not applicable | -2=No answer/Refused | -1=Don´t know | 1=Very satisfied | 2=Rather satisfied | 3=Not very satisfied | 4=Not at all satisfied,haven_labelled,4,0.05436101003418238,democracy
1996,p20,Satisfaction with democracy,satisfaction with democracy,-4=Not asked | -3=Not applicable | -2=No answer/Refused | -1=Don´t know | 1=Very satisfied | 2=Rather satisfied | 3=Not very satisfied | 4=Not at all satisfied,haven_labelled,4,0.03740566037735849,democracy
1997,sp32,Satisfaction with democracy,satisfaction with democracy,-4=Not asked | -3=Not applicable | -2=No answer/Refused | -1=Don´t know | 1=Very satisfied | 2=Rather satisfied | 3=Not very satisfied | 4=Not at all satisfied,haven_labelled,4,0.029590475720001976,democracy
1998,sp29,Satisfaction with democracy,satisfaction with democracy,-4=Not asked | -3=Not applicable | -2=No answer/Refused | -1=Don´t know | 1=Very satisfied | 2=Rather satisfied | 3=Not very satisfied | 4=Not at all satisfied,haven_labelled,6,0,democracy
2000,P30ST,Satisfaction with democracy,satisfaction with democracy,-4=Not asked | -3=Not applicable | -2=No answer/Refused | -1=Don´t know | 1=Very satisfied | 2=Rather satisfied | 3=Not very satisfied | 4=Not at all satisfied,haven_labelled,4,0.03159995564918505,democracy
2001,p45st,Satisfaction with democracy,satisfaction with democracy,-4=Not asked | -3=Not applicable | -2=No answer/Refused | -1=Don´t know | 1=Very satisfied | 2=Rather satisfied | 3=Not very satisfied | 4=Not at all satisfied,haven_labelled,4,0.09204595026901265,democracy
2002,p33st,Satisfaction with democracy,satisfaction with democracy,-4=Not asked | -3=Not applicable | -2=No answer/Refused | -1=Don´t know | 1=Very satisfied | 2=Rather satisfied | 3=Not very satisfied | 4=Not at all satisfied,haven_labelled,4,0.06636199181186328,democracy
2003,p15st,Satisfaction with democracy,satisfaction with democracy,-4=Not asked | -3=Not applicable | -2=No answer/Refused | -1=Don´t know | 1=Very satisfied | 2=Rather satisfied | 3=Not very satisfied | 4=Not at all satisfied,haven_labelled,4,0.04783987129134529,democracy
2004,p14st,Satisfaction with democracy,satisfaction with democracy,-4=Not asked | -3=Not applicable | -2=No answer/Refused | -1=Don´t know | 1=Very satisfied | 2=Rather satisfied | 3=Not very satisfied | 4=Not at all satisfied,haven_labelled,4,0.05919623461259957,democracy
2005,p18st,Satisfaction with democracy,satisfaction with democracy,-4=Not asked | -3=Not applicable | -2=No answer/Refused | -1=Don´t know | 1=Very satisfied | 2=Rather satisfied | 3=Not very satisfied | 4=Not at all satisfied,haven_labelled,4,0.07664919394718624,democracy
2006,p21st,Satisfaction with democracy,satisfaction with democracy,-4=Not asked | -3=Not applicable | -2=No answer/Refused | -1=Don´t know | 1=Very satisfied | 2=Rather satisfied | 3=Not very satisfied | 4=Not at all satisfied,haven_labelled,4,0.04179143914039105,democracy
2007,p12st,Satisfaction with democracy,satisfaction with democracy,-4=Not asked | -3=Not applicable | -2=No answer/Refused | -1=Don´t know | 1=Very satisfied | 2=Rather satisfied | 3=Not very satisfied | 4=Not at all satisfied,haven_labelled,4,0.04031902705560941,democracy
2008,p22st.a,Satisfaction with democracy,satisfaction with democracy,-4=Not asked | -3=Not applicable | -2=No answer/Refused | -1=Don´t know | 1=Very satisfied | 2=Rather satisfied | 3=Not very satisfied | 4=Not at all satisfied,haven_labelled,4,0.04269018743109151,democracy
2009,p12st.a,Satisfaction with democracy,satisfaction with democracy,-4=Not asked | -3=Not applicable | -2=No answer/Refused | -1=Don't know | 1=Very satisfied | 2=Rather satisfied | 3=Not very satisfied | 4=Not at all satisfied,haven_labelled,4,0.04226531511679154,democracy
2010,P11ST.A,Satisfaction with democracy,satisfaction with democracy,-4=Not asked | -3=Not applicable | -2=No answer/Refused | -1=Don´t know | 0=No answer | 1=Very satisfied | 2=Rather satisfied | 3=Not very satisfied | 4=Not at all satisfied | 8=Don´t know,haven_labelled,4,0.04332877859567153,democracy
1997,np34,Scale of democracy development,scale of democracy development,-4=Not asked | -3=Not applicable | -2=No answer/Refused | -1=Don´t know | 1=1. Not democratic | 2=2 | 3=3 | 4=4 | 5=5 | 6=6 | 7=7 | 8=8 | 9=9 | 10=10. Totally democratic | 99=Other answers,haven_labelled,11,0.044855011608951244,democracy
2005,p19st,Scale of democracy development,scale of democracy development,-6=Other answers | -4=Not asked | -3=Not applicable | -2=No answer/Refused | -1=Don´t know | 1=1. Not democratic | 2=2 | 3=3 | 4=4 | 5=5 | 6=6 | 7=7 | 8=8 | 9=9 | 10=10. Totally democratic,haven_labelled,10,0.09128671743645535,democracy
2006,p18st,Scale of democracy development,scale of democracy development,-4=Not asked | -3=Not applicable | -2=No answer/Refused | -1=Don´t know | 1=1. Not democratic | 2=2 | 3=3 | 4=4 | 5=5 | 6=6 | 7=7 | 8=8 | 9=9 | 10=10. Totally democratic,haven_labelled,10,0.06218072925841113,democracy
2007,p10st,Scale of democracy development,scale of democracy development,-6=Other answers | -4=Not asked | -3=Not applicable | -2=No answer/Refused | -1=Don´t know | 1=1. Not democratic | 2=2 | 3=3 | 4=4 | 5=5 | 6=6 | 7=7 | 8=8 | 9=9 | 10=10. Totally democratic,haven_labelled,10,0.06702212038424253,democracy
2008,p18st,Scale of democracy development,scale of democracy development,-6=Other answers | -4=Not asked | -3=Not applicable | -2=No answer/Refused | -1=Don´t know | 1=1. Not democratic | 2=2 | 3=3 | 4=4 | 5=5 | 6=6 | 7=7 | 8=8 | 9=9 | 10=10. Totally democratic,haven_labelled,10,0.051201764057331865,democracy
2009,p51st.a,Scale of democracy development,scale of democracy development,-6=Other answers | -4=Not asked | -3=Not applicable | -2=No answer/Refused | -1=Don't know | 1=1. Not democratic | 2=2 | 3=3 | 4=4 | 5=5 | 6=6 | 7=7 | 8=8 | 9=9 | 10=10. Totally democratic,haven_labelled,10,0.1610401057734685,democracy
2010,P44ST.A,Scale of democracy development,scale of democracy development,-6=Others answers | -4=Not asked | -3=Not applicable | -2=No answer/Refused | -1=Don´t know | 1=1. Not democratic | 2=2 | 3=3 | 4=4 | 5=5 | 6=6 | 7=7 | 8=8 | 9=9 | 10=10. Totally democratic,haven_labelled,10,0.1504826552651298,democracy
2009,p51n.e,Scale to rate how democratic Cuba is.,scale to rate how democratic cuba is,-6=Other answers | -4=Not asked | -3=Not applicable | -2=No answer/Refused | -1=Don´t know | 1=Not democratic | 2=02 | 3=03 | 4=04 | 5=05 | 6=06 | 7=07 | 8=08 | 9=09 | 10=Very democratic,haven_labelled,10,0.31502864698104893,democracy
2010,P44ST.E,Scale to rate how democratic Cuba is.,scale to rate how democratic cuba is,-6=Others answers | -4=Not asked | -3=Not applicable | -2=No answer/Refused | -1=Don´t know | 1=Not democratic | 2=02 | 3=03 | 4=04 | 5=05 | 6=06 | 7=07 | 8=08 | 9=09 | 10=Very democratic,haven_labelled,10,0.3177149909639882,democracy
2011,P49ST.D,Scale to rate how democratic Cuba is,scale to rate how democratic cuba is,-2=No answer | -1=Don´t know | 1=01 Not democratic | 2=2 | 3=3 | 4=4 | 5=5 | 6=6 | 7=7 | 8=8 | 9=9 | 10=10 Totally democratic,haven_labelled,10,0.1582359928726985,democracy
2009,p51n.f,Scale to rate how democratic España is.,scale to rate how democratic espaa a is,-6=Other answers | -4=Not asked | -3=Not applicable | -2=No answer/Refused | -1=Don't know | 1=Not democratic | 2=02 | 3=03 | 4=04 | 5=05 | 6=06 | 7=07 | 8=08 | 9=09 | 10=Very democratic,haven_labelled,10,0.33018951079770825,democracy
2010,P44ST.F,Scale to rate how democratic España is.,scale to rate how democratic espaa a is,-6=Other answers | -4=Not asked | -3=Not applicable | -2=No answer/Refused | -1=Don´t know | 1=Not democratic | 2=02 | 3=03 | 4=04 | 5=05 | 6=06 | 7=07 | 8=08 | 9=09 | 10=Very democratic,haven_labelled,10,0.3311588134173756,democracy
2009,p51n.d,Scale to rate how democratic Honduras is.,scale to rate how democratic honduras is,-6=Other answers | -4=Not asked | -3=Not applicable | -2=No answer/Refused | -1=Don't know | 1=Not democratic | 2=02 | 3=03 | 4=04 | 5=05 | 6=06 | 7=07 | 8=08 | 9=09 | 10=Very democratic,haven_labelled,10,0.37871308946672544,democracy
2010,P44ST.D,Scale to rate how democratic Honduras is.,scale to rate how democratic honduras is,-6=Other answers | -4=Not asked | -3=Not applicable | -2=No answer/Refused | -1=Don´t know | 1=Not democratic | 2=02 | 3=03 | 4=04 | 5=05 | 6=06 | 7=07 | 8=08 | 9=09 | 10=Very democratic,haven_labelled,10,0.47419226870013664,democracy
2011,P49ST.E,Scale to rate how democratic Spain is,scale to rate how democratic spain is,-2=No answer | -1=Don´t know | 1=01 Not democratic | 2=2 | 3=3 | 4=4 | 5=5 | 6=6 | 7=7 | 8=8 | 9=9 | 10=10 Totally democratic,haven_labelled,10,0.16570976044347654,democracy
2011,P49ST.B,Scale to rate how democratic the United State are,scale to rate how democratic the united state are,-2=No answer | -1=Don´t know | 1=01 Not democratic | 2=2 | 3=3 | 4=4 | 5=5 | 6=6 | 7=7 | 8=8 | 9=9 | 10=10 Totally democratic,haven_labelled,10,0.11680855276182935,democracy
2009,p51n.b,Scale to rate how democratic the United States are.,scale to rate how democratic the united states are,-6=Other answers | -4=Not asked | -3=Not applicable | -2=No answer/Refused | -1=Don't know | 1=Not democratic | 2=02 | 3=03 | 4=04 | 5=05 | 6=06 | 7=07 | 8=08 | 9=09 | 10=Very democratic,haven_labelled,10,0.247465843984134,democracy
2010,P44ST.B,Scale to rate how democratic the United States are.,scale to rate how democratic the united states are,-6=Others answers | -4=Not asked | -3=Not applicable | -2=No answer/Refused | -1=Don´t know | 1=Not democratic | 2=02 | 3=03 | 4=04 | 5=05 | 6=06 | 7=07 | 8=08 | 9=09 | 10=Very democratic,haven_labelled,10,0.2483360514832283,democracy
2009,p51n.c,Scale to rate how democratic Venezuela is.,scale to rate how democratic venezuela is,-6=Other answers | -4=Not asked | -3=Not applicable | -2=No answer/Refused | -1=Don't know | 1=Not democratic | 2=02 | 3=03 | 4=04 | 5=05 | 6=06 | 7=07 | 8=08 | 9=09 | 10=Very democratic,haven_labelled,10,0.29479947113265753,democracy
2010,P44ST.C,Scale to rate how democratic Venezuela is.,scale to rate how democratic venezuela is,-6=Other answers | -4=Not asked | -3=Not applicable | -2=No answer/Refused | -1=Don´t know | 1=Not democratic | 2=02 | 3=03 | 4=04 | 5=05 | 6=06 | 7=07 | 8=08 | 9=09 | 10=Very democratic,haven_labelled,10,0.343721073742672,democracy
2011,P49ST.C,Scale to rate how democratic Venezuela is,scale to rate how democratic venezuela is,-3=Not applicable | -2=No answer | -1=Don´t know | 1=01 Not democratic | 2=2 | 3=3 | 4=4 | 5=5 | 6=6 | 7=7 | 8=8 | 9=9 | 10=10 Totally democratic,haven_labelled,10,0.2167887547020392,democracy
2007,p14n,Suitability of democracy scale,suitability of democracy scale,-4=Not asked | -3=Not applicable | -2=No answer/Refused | -1=Don´t know | 1=Completely unsuitable | 2=02 | 3=03 | 4=04 | 5=05 | 6=06 | 7=07 | 8=08 | 9=09 | 10=Completely suitable,haven_labelled,10,0.16885520401868334,democracy
1995,p20,Support for democracy,support for democracy,"-4=Not asked | -3=Not applicable | -2=No answer/Refused | -1=Don´t know | 1=Democracy is preferable to any other kind of government | 2=Under some circumstances, an authoritarian government can be | 3=For people like me, it does not matter whether we have a dem",haven_labelled,3,0.08898445253059874,democracy
1996,p19,Support for democracy,support for democracy,"-4=Not asked | -3=Not applicable | -2=No answer/Refused | -1=Don´t know | 1=Democracy is preferable to any other kind of government | 2=Under some circumstances, an authoritarian government can be | 3=For people like me, it does not matter whether we have a dem",haven_labelled,3,0.05655660377358491,democracy
1997,sp31,Support for democracy,support for democracy,"-4=Not asked | -3=Not applicable | -2=No answer/Refused | -1=Don´t know | 1=Democracy is preferable to any other kind of government | 2=Under some circumstances, an authoritarian government can be | 3=For people like me, it does not matter whether we have a dem",haven_labelled,3,0.04796719853776614,democracy
1998,sp28,Support for democracy,support for democracy,"-4=Not asked | -3=Not applicable | -2=No answer/Refused | -1=Don´t know | 1=Democracy is preferable to any other kind of government | 2=Under some circumstances, an authoritarian government can be | 3=For people like me, it does not matter whether we have a dem",haven_labelled,5,0,democracy
2000,P29ST,Support for democracy,support for democracy,"-4=Not asked | -3=Not applicable | -2=No answer/Refused | -1=Don´t know | 1=Democracy is preferable to any other kind of government | 2=Under some circumstances, an authoritarian government can be | 3=For people like me, it does not matter whether we have a dem",haven_labelled,3,0.05516132608936689,democracy
2001,p46st,Support for democracy,support for democracy,"-4=Not asked | -3=Not applicable | -2=No answer/Refused | -1=Don´t know | 1=Democracy is preferable to any other kind of government | 2=Under some circumstances, an authoritarian government can be | 3=For people like me, it does not matter whether we have a dem",haven_labelled,3,0.10867141679996123,democracy
2002,p32st,Support for democracy,support for democracy,"-4=Not asked | -3=Not applicable | -2=No answer/Refused | -1=Don´t know | 1=Democracy is preferable to any other kind of government | 2=Under some circumstances, an authoritarian government can be | 3=For people like me, it does not matter whether we have a dem",haven_labelled,3,0.09901932781110159,democracy
2003,p14st,Support for democracy,support for democracy,"-4=Not asked | -3=Not applicable | -2=No answer/Refused | -1=Don´t know | 1=Democracy is preferable to any other kind of government | 2=Under some circumstances, an authoritarian government can be | 3=For people like me, it does not matter whether we have a dem",haven_labelled,3,0.07159418918279468,democracy
2004,p13st,Support for democracy,support for democracy,"-4=Not asked | -3=Not applicable | -2=No answer/Refused | -1=Don´t know | 1=Democracy is preferable to any other kind of government | 2=Under some circumstances, an authoritarian government can be | 3=For people like me, it does not matter whether we have a dem",haven_labelled,3,0.0933653149891383,democracy
2005,p16st,Support for democracy,support for democracy,"-4=Not asked | -3=Not applicable | -2=No answer/Refused | -1=Don´t know | 1=Democracy is preferable to any other kind of government | 2=Under some circumstances, an authoritarian government can be | 3=For people like me, it does not matter whether we have a dem",haven_labelled,3,0.12491346058747899,democracy
2006,p17st,Support for democracy,support for democracy,"-4=Not asked | -3=Not applicable | -2=No answer/Refused | -1=Don´t know | 1=Democracy is preferable to any other kind of government | 2=Under some circumstances, an authoritarian government can be | 3=For people like me, it does not matter whether we have a dem",haven_labelled,3,0.07433503611062181,democracy
2007,p9st,Support for democracy,support for democracy,"-4=Not asked | -3=Not applicable | -2=No answer/Refused | -1=Don´t know | 1=Democracy is preferable to any other kind of government | 2=Under some circumstances, an authoritarian government can be | 3=For people like me, it does not matter whether we have a dem",haven_labelled,3,0.07830263505772452,democracy
2008,p13st,Support for democracy,support for democracy,"-4=Not asked | -3=Not applicable | -2=No answer/Refused | -1=Don´t know | 1=Democracy is preferable to any other kind of government | 2=Under some circumstances, an authoritarian government can be | 3=For people like me, it does not matter whether we have a dem",haven_labelled,3,0.07523704520396914,democracy
2009,p10st,Support for democracy,support for democracy,"-4=Not asked | -3=Not applicable | -2=No answer/Refused | -1=Don't know | 1=Democracy is preferable to any other kind of government | 2=Under some circumstances, an authoritarian government can be | 3=For people like me, it does not matter whether we have a dem",haven_labelled,3,0.06932569413838695,democracy
2010,P10ST,Support for democracy,support for democracy,"-4=Not asked | -3=Not applicable | -2=No answer/Refused | -1=Don´t know | 0=No answer | 1=Democracy is preferable to any other kind of government | 2=Under some circumstances, an authoritarian government can be | 3=For people like me, it does not matter whether we have a dem | 8=Don´t know",haven_labelled,3,0.0676598933309825,democracy
2023,P18ST.A,P18ST.A Agreement/Disagreement: Democracy may have problems but it is the best system of government,t a agreement disagreement democracy may have problems but it is the best system of government,1=Strongly agree | 2=Agree | 3=Disagree | 4=Strongly disagree | -1=Don't know | -2=Does not answer | -3=Not applicable | -4=Not asked | -5=Does not know / Does not answer,haven_labelled,4,0.030877375683415777,democracy
2013,P43ST.A,P43ST.A Degree of agreement: Democracy may have problems but it is the best system of government,t a degree of agreement democracy may have problems but it is the best system of government,-4=Not asked | -3=Not applicable | -2=No answer | -1=Don't know | 1=Strongly agree | 2=Agree | 3=Disagree | 4=Strongly disagree,haven_labelled,4,0.05714159643471738,democracy
2015,P13ST.A,P13ST.A Degree of agreement: Democracy may have problems but it is the best system of government,t a degree of agreement democracy may have problems but it is the best system of government,"-4=Not asked | -3=Not applicable | -1=Don't know, no answer | 1=Strongly agree | 2=Agree | 3=Disagree | 4=Strongly disagree",haven_labelled,4,0.05644444444444444,democracy
2020,P20ST.A,P20ST.A Democracy may have problems but it is still the best form of government: Churchill´s quote,t a democracy may have problems but it is still the best form of government churchilla s quote,1=Strongly agree | 2=Agree | 3=Disagree | 4=Strongly disagree | -1=Don´t know | -2=Don´t know / No answer | -3=Not applicable | -4=Not asked,haven_labelled,4,0.06731340328647792,democracy
2018,P24ST,P24ST Agreement/Disagreement: Democracy may have problems but it is the best system of government,t agreement disagreement democracy may have problems but it is the best system of government,-4=Not asked | -3=Not applicable | -1=Don´t know | 1=Strongly agree | 2=Agree | 3=Disagree | 4=Strongly disagree,haven_labelled,4,0.05078202336171055,democracy
2015,P22ST.D,P22ST.D Willing to demonstrate and protest about: To defend democratic rights,t d willing to demonstrate and protest about to defend democratic rights,-4=Not asked | -3=Not applicable | -2=No answer | -1=Don't know | 1=Not at all willing | 2=2 | 3=3 | 4=4 | 5=5 | 6=6 | 7=7 | 8=8 | 9=9 | 10=Very willing,haven_labelled,10,0.0374320987654321,democracy
2020,P59ST.D,P59ST.D Willing to demonstrate and protest about: To defend democratic rights,t d willing to demonstrate and protest about to defend democratic rights,1=1 Not at all willing | 2=2 | 3=3 | 4=4 | 5=5 | 6=6 | 7=7 | 8=8 | 9=9 | 10=10 Completely willing | -1=Don´t know | -2=No answer | -3=Not applicable | -4=Not asked | -5=Don´t know / No answer,haven_labelled,10,0.05310829538705207,democracy
2017,P22ST,P22ST Democracy may have problems but it is still the best form of government: Churchill´s quote,t democracy may have problems but it is still the best form of government churchilla s quote,-4=Not asked | -3=Not applicable | -1=Don´t know | 1=Strongly agree | 2=Agree | 3=Disagree | 4=Strongly disagree,haven_labelled,4,0.047623762376237624,democracy
2023,P18ST.I,P18ST.I Agreement/Disagreement: Democracy allows the problems we have to be solved,t i agreement disagreement democracy allows the problems we have to be solved,1=Strongly agree | 2=Agree | 3=Disagree | 4=Strongly disagree | -1=Don't know | -2=Does not answer | -3=Not applicable | -4=Not asked | -5=Does not know / Does not answer,haven_labelled,4,0.03754230669096589,democracy
2016,P31STA,P31STA Democracy may have problems but it is still the best form of government: Churchill´s quote,ta democracy may have problems but it is still the best form of government churchilla s quote,-4=Not asked | -3=Not applicable | -2=No answer/Refused | -1=Don´t know | 1=Strongly agree | 2=Agree | 3=Disagree | 4=Strongly disagree,haven_labelled,4,0.052068897248069686,democracy
2018,P13STGBS.A,P13STGBS.A Satisfaction with democracy,tgbs a satisfaction with democracy,-4=Not asked | -3=Not applicable | -2=No answer/Refused | -1=Don´t know | 1=Very satisfied | 2=Rather satisfied | 3=Not very satisfied | 4=Not at all satisfied,haven_labelled,4,0.03979410017818254,democracy
2020,P11STGBS.A,P11STGBS.A Satisfaction with democracy,tgbs a satisfaction with democracy,1=Very satisfied | 2=Quite satisfied | 3=Not very satisfied | 4=Not at all satisfied | -1=Don´t know | -2=No answer | -3=Not applicable | -4=Not asked | -5=Don´t know / No answer,haven_labelled,4,0.046822411403682436,democracy
2023,P11STGBS.A,P11STGBS.A Satisfaction with democracy,tgbs a satisfaction with democracy,1=Very satisfied | 2=Quite satisfied | 3=Not very satisfied | 4=Not at all satisfied | -1=Don't know | -2=Does not answer | -3=Not applicable | -4=Not asked | -5=Does not know / Does not answer,haven_labelled,4,0.02577453788076022,democracy
2015,P17STGBS,P17STGBS Scale (country) is democratic,tgbs scale country is democratic,-6=Other answers | -4=Not asked | -3=Not applicable | -2=No answer | -1=Don't know | 1=Completely undemocratic | 2=2 | 3=3 | 4=4 | 5=5 | 6=6 | 7=7 | 8=8 | 9=9 | 10=Completely democratic,haven_labelled,10,0.05733333333333333,democracy
2016,P11STGBS,P11STGBS Scale of democracy development,tgbs scale of democracy development,-6=Others answers | -4=Not asked | -3=Not applicable | -2=No answer/Refused | -1=Don´t know | 1=1. Not democratic | 2=2 | 3=3 | 4=4 | 5=5 | 6=6 | 7=7 | 8=8 | 9=9 | 10=10. Totally democratic,haven_labelled,10,0.051524450603840824,democracy
2013,P12STGBS,P12STGBS Support for democracy,tgbs support for democracy,"-4=Not asked | -3=Not applicable | -2=No answer | -1=Don't know | 1=Democracy is preferable to any other kind of government | 2=Under some circumstances, an authoritarian government can be | 3=For people like me, it doesn’t matter whether we have a demo",haven_labelled,3,0.07404138904822839,democracy
2015,P11STGBS,P11STGBS Support for democracy,tgbs support for democracy,"-4=Not asked | -3=Not applicable | -2=No answer | -1=Don't know | 1=Democracy is preferable to any other kind of government | 2=Under some circumstances, an authoritarian government can be | 3=For people like me, it doesn’t matter whether we have a demo",haven_labelled,3,0.08237037037037037,democracy
2016,P8STGBS,P8STGBS Support for democracy,tgbs support for democracy,"-4=Not asked | -3=Not applicable | -2=No answer/Refused | -1=Don´t know | 1=Democracy is preferable to any other kind of government | 2=Under some circumstances, an authoritarian government can be | 3=For people like me, it does not matter whether we have a dem",haven_labelled,3,0.0769154622846961,democracy
2017,P8STGBS,P8STGBS Support for democracy,tgbs support for democracy,"-4=Not asked | -3=Not applicable | -2=No answer/Refused | -1=Don´t know | 1=Democracy is preferable to any other kind of government | 2=Under some circumstances, an authoritarian government can be | 3=For people like me, it does not matter whether we have a dem",haven_labelled,3,0.0898019801980198,democracy
2018,P12STGBS,P12STGBS Support for democracy,tgbs support for democracy,"-5=Missing | -4=Not asked | -3=Not applicable | -2=No answer/Refused | -1=Don´t know | 1=Democracy is preferable to any other kind of government | 2=Under some circumstances, an authoritarian government can be | 3=For people like me, it does not matter whether we have a dem",haven_labelled,3,0.09290239556523461,democracy
2023,P10STGBS,P10STGBS Support for democracy,tgbs support for democracy,"1=Democracy is preferable to any other kind of government | 2=Under some circumstances, an authoritarian government can be preferable to a democratic one | 3=For people like me, it doesn’t matter whether we have a democratic or non-democratic regime | -1=Don't know | -2=Does not answer | -3=Not applicable | -4=Not asked | -5=Does not know / Does not answer",haven_labelled,3,0.07013798489976569,democracy
2020,P10STGBS,P10STGBS Support of democracy,tgbs support of democracy,"1=Democracy is preferable to any other kind of government | 2=Under some circumstances, an authoritarian government can be preferable to a democratic one | 3=For people like me, it doesn’t matter whether we have a democratic or non-democratic regime | -1=Don´t know | -2=No answer | -3=Not applicable | -4=Not asked | -5=Don´t know / No answer",haven_labelled,3,0.11062165907741041,democracy
2016,P9STGBSA,P9STGBSA Satisfaction with democracy,tgbsa satisfaction with democracy,-4=Not asked | -3=Not applicable | -2=No answer/Refused | -1=Don´t know | 1=Very satisfied | 2=Rather satisfied | 3=Not very satisfied | 4=Not at all satisfied,haven_labelled,4,0.04385270243516135,democracy
2017,P9STGBSC.A,P9STGBSC.A Satisfaction with democracy,tgbsc a satisfaction with democracy,-4=Not asked | -3=Not applicable | -2=No answer/Refused | -1=Don´t know | 1=Very satisfied | 2=Rather satisfied | 3=Not very satisfied | 4=Not at all satisfied,haven_labelled,4,0.042722772277227726,democracy
2017,P11STGBSC,P11STGBSC Scale of democracy development,tgbsc scale of democracy development,-6=Others answers | -4=Not asked | -3=Not applicable | -2=No answer/Refused | -1=Don´t know | 1=1. Not democratic | 2=2 | 3=3 | 4=4 | 5=5 | 6=6 | 7=7 | 8=8 | 9=9 | 10=10. Totally democratic,haven_labelled,10,0.047623762376237624,democracy
2001,p44nasa,The meaning of democracy: First mention,the meaning of democracy first mention,"-4=Not asked | -3=Not applicable | -2=No answer/Refused | -1=Don´t know | 1=Civil liberties and personal freedom | 2=Voting right | 3=Economic development | 4=Government by, for and of the people | 5=Peace and unity | 6=Good government | 7=Equality and justice | 8=Rule of law | 9=Personal security | 10=National independence | 11=Majority rule | 12=Groups rights | 13=Multi party competition | 14=Movements | 15=Other significant positive meanings | 16=Corruption and abuse | 17=Social and economic hardship | 18=Bad governance | 19=Other negative meanings | 20=Change of government | 21=Other neutral meaning",haven_labelled,21,0.2488003489893849,democracy
2002,p30sta,The meaning of democracy: First mention,the meaning of democracy first mention,"-4=Not asked | -3=Not applicable | -2=No answer/Refused | -1=Don´t know | 1=Civil liberties and personal freedom | 2=Voting right | 3=Economic development | 4=Government by, for and of the people | 5=Peace and unity | 6=Good government | 7=Equality and justice | 8=Rule of law | 9=Personal security | 10=National independence | 11=Majority rule | 12=Groups rights | 13=Multi party competition | 14=Movements | 15=Other significant positive meanings | 16=Corruption and abuse | 17=Social and economic hardship | 18=Bad governance | 19=Other negative meanings | 20=Change of government | 21=Other neutral meaning",haven_labelled,21,0.3648005331809959,democracy
2005,p15sta,The meaning of democracy: First mention,the meaning of democracy first mention,"-4=Not asked | -3=Not applicable | -2=No answer/Refused | -1=Don´t know | 1=Civil liberties and personal freedom | 2=Voting right | 3=Economic development | 4=Government by, for and of the people | 5=Peace and unity | 6=Good government | 7=Equality and justice | 8=Rule of law | 9=Personal security | 10=National independence | 11=Majority rule | 12=Groups rights | 13=Multi party competition | 14=Movements | 15=Other significant positive meanings | 16=Corruption and abuse | 17=Social and economic hardship | 18=Bad governance | 19=Other negative meanings | 20=Change of government | 21=Other neutral meaning",haven_labelled,21,0.3064978736030066,democracy
2006,p92st.a,The meaning of democracy: First mention,the meaning of democracy first mention,"-4=Not asked | -3=Not applicable | -2=No answer/Refused | -1=Don´t know | 1=Civil liberties and personal freedom | 2=Voting right | 3=Economic development | 4=Government by, for and of the people | 5=Peace and unity | 6=Good government | 7=Equality and justice | 8=Rule of law | 9=Personal security | 10=National independence | 11=Majority rule | 12=Groups rights | 13=Multi party competition | 14=Movements | 15=Other significant positive meanings | 16=Corruption and abuse | 17=Social and economic hardship | 18=Bad governance | 19=Other negative meanings | 20=Change of government | 21=Other neutral meaning",haven_labelled,21,0.338999471551876,democracy
2001,p44nasb,The meaning of democracy: Second mention,the meaning of democracy second mention,"-4=Not asked | -3=Not applicable | -2=No answer/Refused | -1=Don´t know | 1=Civil liberties and personal freedom | 2=Voting right | 3=Economic development | 4=Government by, for and of the people | 5=Peace and unity | 6=Good government | 7=Equality and justice | 8=Rule of law | 9=Personal security | 10=National independence | 11=Majority rule | 12=Groups rights | 13=Multi party competition | 14=Movements | 15=Other significant positive meanings | 16=Corruption and abuse | 17=Social and economic hardship | 18=Bad governance | 19=Other negative meanings | 20=Change of government | 21=Other neutral meaning",haven_labelled,21,0.7812999854587757,democracy
2002,p30stb,The meaning of democracy: Second mention,the meaning of democracy second mention,"-4=Not asked | -3=Not applicable | -2=No answer/Refused | -1=Don´t know | 1=Civil liberties and personal freedom | 2=Voting right | 3=Economic development | 4=Government by, for and of the people | 5=Peace and unity | 6=Good government | 7=Equality and justice | 8=Rule of law | 9=Personal security | 10=National independence | 11=Majority rule | 12=Groups rights | 13=Multi party competition | 14=Movements | 15=Other significant positive meanings | 16=Corruption and abuse | 17=Social and economic hardship | 18=Bad governance | 19=Other negative meanings | 20=Change of government | 21=Other neutral meaning",haven_labelled,21,0.8816528610873083,democracy
2005,p15stb,The meaning of democracy: Second mention,the meaning of democracy second mention,"-4=Not asked | -3=Not applicable | -2=No answer/Refused | -1=Don´t know | 1=Civil liberties and personal freedom | 2=Voting right | 3=Economic development | 4=Government by, for and of the people | 5=Peace and unity | 6=Good government | 7=Equality and justice | 8=Rule of law | 9=Personal security | 10=National independence | 11=Majority rule | 12=Groups rights | 13=Multi party competition | 14=Movements | 15=Other significant positive meanings | 16=Corruption and abuse | 17=Social and economic hardship | 18=Bad governance | 19=Other negative meanings | 20=Change of government | 21=Other neutral meaning",haven_labelled,21,0.7858273167837009,democracy
2006,p92st.b,The meaning of democracy: Second mention,the meaning of democracy second mention,"-4=Not asked | -3=Not applicable | -2=No answer/Refused | -1=Don´t know | 1=Civil liberties and personal freedom | 2=Voting right | 3=Economic development | 4=Government by, for and of the people | 5=Peace and unity | 6=Good government | 7=Equality and justice | 8=Rule of law | 9=Personal security | 10=National independence | 11=Majority rule | 12=Groups rights | 13=Multi party competition | 14=Movements | 15=Other significant positive meanings | 16=Corruption and abuse | 17=Social and economic hardship | 18=Bad governance | 19=Other negative meanings | 20=Change of government | 21=Other neutral meaning",haven_labelled,21,0.7865069579002995,democracy
2000,P46UA,The US supports or not a pacific transition to democracy in Cuba,the us supports or not a pacific transition to democracy in cuba,-4=Not asked | -3=Not applicable | -2=No answer/Refused | -1=Don´t know | 1=USA supports the pacific transition to democracy | 2=USA does not support the pacific transition to democracy | 3=Nothing heard on this matter,haven_labelled,3,0.16492959308127286,democracy
1996,p21,There are things to be done for a full democracy,there are things to be done for a full democracy,-4=Not asked | -3=Not applicable | -2=No answer/Refused | -1=Don´t know | 1=Democracy is fully established | 2=There are still things to be done for there to be a full dem,haven_labelled,2,0.05990566037735849,democracy
1997,sp33,There are things to be done for a full democracy,there are things to be done for a full democracy,-4=Not asked | -3=Not applicable | -2=No answer/Refused | -1=Don´t know | 1=Democracy is fully established | 2=There are still things to be done for there to be a full dem,haven_labelled,2,0.05379637405522897,democracy
1998,sp30,There are things to be done for a full democracy,there are things to be done for a full democracy,-4=Not asked | -3=Not applicable | -2=No answer/Refused | -1=Don´t know | 1=Democracy is fully established | 2=There are still things to be done for there to be a full dem,haven_labelled,3,0,democracy
2000,P31ST,There are things to be done for a full democracy,there are things to be done for a full democracy,-4=Not asked | -3=Not applicable | -2=No answer/Refused | -1=Don´t know | 1=Democracy is fully established | 2=There are still things to be done for there to be a full dem,haven_labelled,2,0.036478545293269764,democracy
2023,P18STM.B,P18STM.B Agreement/Disagreement: I wouldn't mind if an undemocratic government came to power if it can solve the problems,tm b agreement disagreement i wouldn t mind if an undemocratic government came to power if it can solve the problems,1=Strongly agree | 2=Agree | 3=Disagree | 4=Strongly disagree | -1=Don't know | -2=Does not answer | -3=Not applicable | -4=Not asked | -5=Does not know / Does not answer,haven_labelled,4,0.03228325956782088,democracy
2020,P22STM.B,P22STM.B Wouldn´t mind if an undemocratic government came to power if it can solve the problems,tm b wouldna t mind if an undemocratic government came to power if it can solve the problems,1=Strongly agree | 2=Agree | 3=Disagree | 4=Strongly disagree | -1=Don´t know | -2=Don´t know / No answer | -3=Not applicable | -4=Not asked,haven_labelled,4,0.061720451395763216,democracy
2020,P20STM.C,P20STM.C Democracy allows us to solve the problems we have,tm c democracy allows us to solve the problems we have,1=Strongly agree | 2=Agree | 3=Disagree | 4=Strongly disagree | -1=Don´t know | -2=Don´t know / No answer | -3=Not applicable | -4=Not asked,haven_labelled,4,0.06657097604434765,democracy
2020,P21STM,P21STM Would support a military government,tm would support a military government,1=Support a military government | 2=Under no circumstance support a military government | -1=No sabe | -2=No contesta | -3=No aplicable | -4=No preguntada | -5=No sabe / No contesta,haven_labelled,2,0.07701445258364681,democracy
2023,P20STM,P20STM Would support a military government if things get too difficult,tm would support a military government if things get too difficult,1=Support a military government | 2=Under no circumstance support a military government | -1=Don't know | -2=Does not answer | -3=Not applicable | -4=Not asked | -5=Does not know / Does not answer,haven_labelled,2,0.04842488935173132,democracy
2016,P44STMB,P44STMB Degree of agreement:  I wouldn’t mind a non-democratic government in power if it could resolve problems,tmb degree of agreement i wouldna tt mind a non democratic government in power if it could resolve problems,-4=Not asked | -3=Not applicable | -2=No answer | -1=Don't know | 1=Strongly agree | 2=Agree | 3=Disagree | 4=Strongly disagree,haven_labelled,4,0.06018610176202732,democracy
2016,P44STMC,P44STMC Degree of agreement: Some people say that democracy allows us to solve the problems that we have in (Country),tmc degree of agreement some people say that democracy allows us to solve the problems that we have in country,"-4=Not asked | -3=Not applicable | -1=Don't know, no answer | 1=Strongly agree | 2=Agree | 3=Disagree | 4=Strongly disagree",haven_labelled,4,0.06954068501286874,democracy
2006,p57ia.c,USA Promotes democracy,usa promotes democracy,-4=Not asked | -3=Not applicable | -2=No answer/Refused | -1=Don´t know | 1=A lot | 2=Some | 3=Not much | 4=Nothing,haven_labelled,4,0.22912629910163818,democracy
2004,p77nc,Violence will impede the installation of democracy in Iraq,violence will impede the installation of democracy in iraq,-4=Not asked | -3=Not applicable | -2=No answer/Refused | -1=Don´t know | 1=Strongly agree | 2=Agree | 3=Disagree | 4=Strongly disagree,haven_labelled,4,0.24312092686459089,democracy
2011,P17ND,What does democracy needs?,what does democracy needs,0=Not mentioned | 1=Mentioned,haven_labelled,2,0,democracy
2011,P17NA,What does democracy needs? Alright as it is,what does democracy needs alright as it is,0=Not mentioned | 1=Mentioned,haven_labelled,2,0,democracy
2011,P17NG,What does democracy needs? Don't know,what does democracy needs don t know,0=Not mentioned | 1=Mentioned,haven_labelled,2,0,democracy
2011,P17NC,What does democracy needs? Guarantee social justice,what does democracy needs guarantee social justice,0=Not mentioned | 1=Mentioned,haven_labelled,2,0,democracy
2011,P17NH,What does democracy needs? No answer,what does democracy needs no answer,0=Not mentioned | 1=Nentioned,haven_labelled,2,0,democracy
2007,p4nb,Where do you think things in (country) are going?: Democratic,where do you think things in country are going democratic,-4=Not asked | -3=Not applicable | -2=No answer/Refused | -1=Don´t know | 1=More | 2=The same | 3=Less,haven_labelled,3,0.16374372080726182,democracy
2013,P31N.E,P31N.E Willing to demonstrate and protest about: To defend democratic rights,willing to demonstrate and protest about to defend democratic rights,-4=Not asked | -3=Not applicable | -2=No answer | -1=Don't know | 1=Not at all willing | 2=2 | 3=3 | 4=4 | 5=5 | 6=6 | 7=7 | 8=8 | 9=9 | 10=Very willing,haven_labelled,10,0.03384371001191369,democracy
2002,p23ug,"With democracy, the power of the strongest has limits",with democracy the power of the strongest has limits,-4=Not asked | -3=Not applicable | -2=No answer/Refused | -1=Don´t know | 1=Strongly agree | 2=Somewhat agree | 3=Somewhat Disagree | 4=Strongly disagree,haven_labelled,4,0.2242692564029325,democracy
2002,p23ud,Without democracy the strongest rule,without democracy the strongest rule,-4=Not asked | -3=Not applicable | -2=No answer/Refused | -1=Don´t know | 1=Strongly agree | 2=Somewhat agree | 3=Somewhat Disagree | 4=Strongly disagree,haven_labelled,4,0.2164143578025326,democracy
2004,p72nuea,World power helps more to promote democracy,world power helps more to promote democracy,-4=Not asked | -3=Not applicable | -2=No answer/Refused | -1=Don´t know | 1=Europe | 2=US | 3=Japan | 4=China,haven_labelled,4,0.26203837798696594,democracy
2004,p17n,Would you support a military government,would you support a military government,-4=Not asked | -3=Not applicable | -2=No answer/Refused | -1=Don´t know | 1=Would support a military government if the situation got ver | 2=Under no circumstances would support a military government,haven_labelled,2,0.18912925416364954,democracy
2005,p75st,Would you support a military government,would you support a military government,-4=Not asked | -3=Not applicable | -2=No answer/Refused | -1=Don´t know | 1=Would support a military government if the situation got ver | 2=Under no circumstances would support a military government,haven_labelled,2,0.08357234694886757,democracy
2009,p21st,Would you support a military government,would you support a military government,-4=Not asked | -3=Not applicable | -2=No answer/Refused | -1=Don't know | 1=Would support a military government if the situation got ver | 2=Under no circumstances would support a military government,haven_labelled,2,0.18281181137064786,democracy
2010,P16STM,Would you support a military government,would you support a military government,-4=Not asked | -3=Not applicable | -2=No answer/Refused | -1=Don´t know | 1=Would support a military government if the situation got ver | 2=Under no circumstances would support a military government | 8=Don´t know,haven_labelled,2,0.18715563979371447,democracy
2011,P18ST,Would you support a military government in replacement of a democratic one if things get very bad? Or would you not supp,would you support a military government in replacement of a democratic one if things get very bad or would you not supp,-4=Not asked | -3=Not applicable | -2=No answer | -1=Don't know | 1=I would support a military government in replace of a democr | 2=I would not support a military government under any circumst,haven_labelled,2,0.06904573351811523,democracy
2003,p39n,Confidence in democracy as a government system with which (country) can become a developed country,confidence in democracy as a government system with which country can become a developed country,-4=Not asked | -3=Not applicable | -2=No answer/Refused | -1=Don´t know | 1=A lot of confidence | 2=Some confidence | 3=Little confidence | 4=No confidence at all,haven_labelled,4,0.1996876922348933,democracy; institutional_confidence
2006,p19st,Confidence in democracy as a government system with which (country) can become a developed country,confidence in democracy as a government system with which country can become a developed country,-4=Not asked | -3=Not applicable | -2=No answer/Refused | -1=Don´t know | 1=Much confidence | 2=Some confidence | 3=A little confidence | 4=No confidence,haven_labelled,4,0.14127179848511537,democracy; institutional_confidence
2007,p11st,Confidence in democracy as a government system with which (country) can become a developed country,confidence in democracy as a government system with which country can become a developed country,-4=Not asked | -3=Not applicable | -2=No answer/Refused | -1=Don´t know | 1=Much confidence | 2=Some confidence | 3=A little confidence | 4=No confidence,haven_labelled,4,0.14210804617960696,democracy; institutional_confidence
2023,P21ST,P21ST There can be no democracy without political parties,t there can be no democracy without political parties,1=Without political parties there can be no democracy | 2=Democracy can work without parties. | -1=Don't know | -2=Does not answer | -3=Not applicable | -4=Not asked | -5=Does not know / Does not answer,haven_labelled,2,0.0746680551939599,democracy; institutional_confidence
2013,P42ST,P42ST Without a National Congress there can be no democracy vs. Democracy can work without a National Congress,t without a national congress there can be no democracy vs democracy can work without a national congress,"-4=Not asked | -3=Not applicable | -2=No answer | -1=Don't know | 1=Without a National Congress, there can be no democracy | 2=Democracy can work without a National Congress",haven_labelled,2,0.225389401226669,democracy; institutional_confidence
2013,P40ST,P40ST Without political parties there can be no democracy vs democracy can work without political parties,t without political parties there can be no democracy vs democracy can work without political parties,"-4=Not asked | -3=Not applicable | -2=No answer | -1=Don't know | 1=Without political parties, there can be no democracy | 2=Democracy can work without political parties",haven_labelled,2,0.20787186162467458,democracy; institutional_confidence
2011,P17NB,What does democracy needs? Consolidate political parties,what does democracy needs consolidate political parties,0=Not mentioned | 1=Mentioned,haven_labelled,2,0,democracy; institutional_confidence
1997,nsp61,Without a National Congress there can be no Democracy,without a national congress there can be no democracy,-4=Not asked | -3=Not applicable | -2=No answer/Refused | -1=Don´t know | 1=Without a national congress there can be no democracy | 2=Democracy can work without a national congress | 8=Don´t know,haven_labelled,2,0.09657659437830361,democracy; institutional_confidence
2000,P64ST,Without a National Congress there can be no Democracy,without a national congress there can be no democracy,-4=Not asked | -3=Not applicable | -2=No answer/Refused | -1=Don´t know | 1=Without a national congress there can be no democracy | 2=Democracy can work without a national congress,haven_labelled,2,0.11886018405588203,democracy; institutional_confidence
2001,p50st,Without a National Congress there can be no Democracy,without a national congress there can be no democracy,-4=Not asked | -3=Not applicable | -2=No answer/Refused | -1=Don´t know | 1=Without a national congress there can be no democracy | 2=Democracy can work without a national congress,haven_labelled,2,0.1529736803838883,democracy; institutional_confidence
2002,p39st,Without a National Congress there can be no Democracy,without a national congress there can be no democracy,-4=Not asked | -3=Not applicable | -2=No answer/Refused | -1=Don´t know | 1=Without a national congress there can be no democracy | 2=Democracy can work without a national congress,haven_labelled,2,0.24231172046082072,democracy; institutional_confidence
2005,p21st,Without a National Congress there can be no Democracy,without a national congress there can be no democracy,-4=Not asked | -3=Not applicable | -2=No answer/Refused | -1=Don´t know | 1=Without a national congress there can be no democracy | 2=Democracy can work without a national congress,haven_labelled,2,0.1291662545742261,democracy; institutional_confidence
2006,p26st,Without a National Congress there can be no Democracy,without a national congress there can be no democracy,-4=Not asked | -3=Not applicable | -2=No answer/Refused | -1=Don´t know | 1=Without a national congress there can be no democracy | 2=Democracy can work without a national congress,haven_labelled,2,0.12858904350889555,democracy; institutional_confidence
2008,p58st,Without a National Congress there can be no Democracy,without a national congress there can be no democracy,-4=Not asked | -3=Not applicable | -2=No answer/Refused | -1=Don´t know | 1=Without a national congress there can be no democracy | 2=Democracy can work without a national congress,haven_labelled,2,0.23620727673649394,democracy; institutional_confidence
2009,p27st,Without a National Congress there can be no Democracy,without a national congress there can be no democracy,-4=Not asked | -3=Not applicable | -2=No answer/Refused | -1=Don't know | 1=Without a national congress there can be no democracy | 2=Democracy can work without a national congress,haven_labelled,2,0.2276773909211106,democracy; institutional_confidence
2010,P21ST,Without a National Congress there can be no Democracy,without a national congress there can be no democracy,-4=Not asked | -3=Not applicable | -2=No answer/Refused | -1=Don´t know | 0=No answer | 1=Without a national congress there can be no democracy | 2=Democracy can work without a national congress,haven_labelled,2,0.21029664565610262,democracy; institutional_confidence
2011,P23ST,Without a National Congress there can be no Democracy,without a national congress there can be no democracy,-4=Not asked | -3=Not applicable | -2=No answer | -1=Don't know | 1=Without a national congress there can be no democracy | 2=Democracy can work without a national congress,haven_labelled,2,0.1170560285092061,democracy; institutional_confidence
1995,p34,Without political parties there can be no democracy,without political parties there can be no democracy,-4=Not asked | -3=Not applicable | -2=No answer/Refused | -1=Don´t know | 1=Without political parties there can be no democracy | 2=Democracy can work without political parties,haven_labelled,2,0.11081706913661925,democracy; institutional_confidence
1997,sp62,Without political parties there can be no democracy,without political parties there can be no democracy,-4=Not asked | -3=Not applicable | -2=No answer/Refused | -1=Don´t know | 1=Without political parties there can be no democracy | 2=Democracy can work without political parties,haven_labelled,2,0.07844687052314381,democracy; institutional_confidence
2000,P65ST,Without political parties there can be no democracy,without political parties there can be no democracy,-4=Not asked | -3=Not applicable | -2=No answer/Refused | -1=Don´t know | 1=Without political parties there can be no democracy | 2=Democracy can work without political parties,haven_labelled,2,0.11193036922053443,democracy; institutional_confidence
2001,p51st,Without political parties there can be no democracy,without political parties there can be no democracy,-4=Not asked | -3=Not applicable | -2=No answer/Refused | -1=Don´t know | 1=Without political parties there can be no democracy | 2=Democracy can work without political parties,haven_labelled,2,0.14429741650913674,democracy; institutional_confidence
2002,p40st,Without political parties there can be no democracy,without political parties there can be no democracy,-4=Not asked | -3=Not applicable | -2=No answer/Refused | -1=Don´t know | 1=Without political parties there can be no democracy | 2=Democracy can work without political parties,haven_labelled,2,0.11744263543749404,democracy; institutional_confidence
2005,p20st,Without political parties there can be no democracy,without political parties there can be no democracy,-4=Not asked | -3=Not applicable | -2=No answer/Refused | -1=Don´t know | 1=Without political parties there can be no democracy | 2=Democracy can work without political parties,haven_labelled,2,0.11319355157748986,democracy; institutional_confidence
2006,p25st,Without political parties there can be no democracy,without political parties there can be no democracy,-4=Not asked | -3=Not applicable | -2=No answer/Refused | -1=Don´t know | 1=Without political parties there can be no democracy | 2=Democracy can work without political parties,haven_labelled,2,0.11181081557160472,democracy; institutional_confidence
2008,p59st,Without political parties there can be no democracy,without political parties there can be no democracy,-4=Not asked | -3=Not applicable | -2=No answer/Refused | -1=Don´t know | 1=Without political parties there can be no democracy | 2=Democracy can work without political parties,haven_labelled,2,0.21649393605292172,democracy; institutional_confidence
2009,p36st,Without political parties there can be no democracy,without political parties there can be no democracy,-4=Not asked | -3=Not applicable | -2=No answer | -1=Don't know | 1=Without political parties there can be no democracy | 2=Democracy can work without political parties,haven_labelled,2,0.21053327457029528,democracy; institutional_confidence
2010,P35ST,Without political parties there can be no democracy,without political parties there can be no democracy,-4=Not asked | -3=Not applicable | -2=No answer/Refused | -1=Don´t know | 1=Without political parties there can be no democracy | 2=Democracy can work without political parties,haven_labelled,2,0.10600784590294,democracy; institutional_confidence
2011,P24ST,Without political parties there can be no democracy,without political parties there can be no democracy,-2=No answer | -1=Don´t know | 1=Without political parties there can be no democracy | 2=Democracy can work without political parties,haven_labelled,2,0.10433577509404078,democracy; institutional_confidence
1998,np14d,Market economy is best for the country,market economy is best for the country,-4=Not asked | -3=Not applicable | -2=No answer/Refused | -1=Don´t know | 1=Strongly agree | 2=Agree | 3=Disagree | 4=Strongly disagree,haven_labelled,6,0,ideology
2000,P16ST.C,Market economy is best for the country,market economy is best for the country,-4=Not asked | -3=Not applicable | -2=No answer/Refused | -1=Don´t know | 1=Strongly agree | 2=Agree | 3=Disagree | 4=Strongly disagree,haven_labelled,4,0.1477436522896108,ideology
2002,p22stc,Market economy is best for the country,market economy is best for the country,-4=Not asked | -3=Not applicable | -2=No answer/Refused | -1=Don´t know | 1=Strongly agree | 2=Agree | 3=Disagree | 4=Strongly disagree,haven_labelled,4,0.19337332190802628,ideology
2007,p54stc,Market economy is best for the country,market economy is best for the country,-4=Not asked | -3=Not applicable | -2=No answer/Refused | -1=Don´t know | 1=Strongly agree | 2=Agree | 3=Disagree | 4=Strongly disagree,haven_labelled,4,0.2921917687494492,ideology
2009,p81st.a,Market economy is best for the country,market economy is best for the country,-4=Not asked | -3=Not applicable | -2=No answer/Refused | -1=Don´t know | 1=Strongly agree | 2=Agree | 3=Disagree | 4=Strongly disagree,haven_labelled,4,0.2949757602468048,ideology
2004,p27nd,Private enterprise indispensable for development,private enterprise indispensable for development,-4=Not asked | -3=Not applicable | -2=No answer/Refused | -1=Don´t know | 1=Strongly agree | 2=Agree | 3=Disagree | 4=Disagree strongly,haven_labelled,4,0.19166364952932657,ideology
2005,p40ste,Private enterprise indispensable for development,private enterprise indispensable for development,-4=Not asked | -3=Not applicable | -2=No answer/Refused | -1=Don´t know | 1=Strongly agree | 2=Agree | 3=Disagree | 4=Disagree strongly,haven_labelled,4,0.087281178914054,ideology
2007,p54std,Private enterprise indispensable for development,private enterprise indispensable for development,-4=Not asked | -3=Not applicable | -2=No answer/Refused | -1=Don´t know | 1=Strongly agree | 2=Agree | 3=Disagree | 4=Strongly disagree,haven_labelled,4,0.22671190623072177,ideology
2009,p81st.b,Private enterprise indispensable for development,private enterprise indispensable for development,-4=Not asked | -3=Not applicable | -2=No answer/Refused | -1=Don´t know | 1=Strongly agree | 2=Agree | 3=Disagree | 4=Disagree strongly,haven_labelled,4,0.24495372410753635,ideology
2010,P75ST.A,Private enterprise indispensable for development,private enterprise indispensable for development,-4=Not asked | -3=Not applicable | -2=No answer/Refused | -1=Don´t know | 1=Strongly agree | 2=Agree | 3=Disagree | 4=Disagree strongly,haven_labelled,4,0.19429629303125137,ideology
2011,P69ST.A,Private enterprise indispensable for development,private enterprise indispensable for development,-2=Don´t answer | -1=Don`t Know | 1=Strongle Agree | 2=Agree | 3=Disagree | 4=Strongly Disagree,haven_labelled,4,0.10017818253811127,ideology
1998,np14f,Private enterprise is beneficial for the country,private enterprise is beneficial for the country,-4=Not asked | -3=Not applicable | -2=No answer/Refused | -1=Don´t know | 1=Strongly agree | 2=Agree | 3=Disagree | 4=Strongly disagree,haven_labelled,6,0,ideology
2002,p23st,Satisfaction with the functioning of the market economy in (country),satisfaction with the functioning of the market economy in country,-4=Not asked | -3=Not applicable | -2=No answer/Refused | -1=Don´t know | 1=Very satisfied | 2=Rather satisfied | 3=Not very satisfied | 4=Not at all satisfied,haven_labelled,4,0.1763781776635247,ideology
2003,p11st,Satisfaction with the functioning of the market economy in (country),satisfaction with the functioning of the market economy in country,-4=Not asked | -3=Not applicable | -2=No answer/Refused | -1=Don´t know | 1=Very satisfied | 2=Rather satisfied | 3=Not very satisfied | 4=Not at all satisfied,haven_labelled,4,0.16987649647470782,ideology
2004,p58st,Satisfaction with the functioning of the market economy in (country),satisfaction with the functioning of the market economy in country,-4=Not asked | -3=Not applicable | -2=No answer/Refused | -1=Don´t know | 1=Very satisfied | 2=Rather satisfied | 3=Not very satisfied | 4=Not at all satisfied,haven_labelled,4,0.20008146270818247,ideology
2005,p53st,Satisfaction with the functioning of the market economy in (country),satisfaction with the functioning of the market economy in country,-4=Not asked | -3=Not applicable | -2=No answer/Refused | -1=Don´t know | 1=Very satisfied | 2=Rather satisfied | 3=Not very satisfied | 4=Not at all satisfied,haven_labelled,4,0.0833250914845218,ideology
2006,p31stm,Satisfaction with the functioning of the market economy in (country),satisfaction with the functioning of the market economy in country,-4=Not asked | -3=Not applicable | -2=No answer/Refused | -1=Don´t know | 1=Very satisfied | 2=Rather satisfied | 3=Not very satisfied | 4=Not at all satisfied,haven_labelled,4,0.03258763431389818,ideology
2007,p3st,Satisfaction with the functioning of the market economy in (country),satisfaction with the functioning of the market economy in country,-4=Not asked | -3=Not applicable | -2=No answer/Refused | -1=Don´t know | 1=Very satisfied | 2=Rather satisfied | 3=Not very satisfied | 4=Not at all satisfied,haven_labelled,4,0.13179695073587733,ideology
2008,p22st.b,Satisfaction with the functioning of the market economy in (country),satisfaction with the functioning of the market economy in country,-4=Not asked | -3=Not applicable | -2=No answer/Refused | -1=Don´t know | 1=Very satisfied | 2=Rather satisfied | 3=Not very satisfied | 4=Not at all satisfied,haven_labelled,4,0.04392502756339581,ideology
2009,p12st.b,Satisfaction with the functioning of the market economy in (country),satisfaction with the functioning of the market economy in country,-4=Not asked | -3=Not applicable | -2=No answer/Refused | -1=Don't know | 1=Very satisfied | 2=Rather satisfied | 3=Not very satisfied | 4=Not at all satisfied,haven_labelled,4,0.042794182459233145,ideology
2010,P11ST.B,Satisfaction with the functioning of the market economy in (country),satisfaction with the functioning of the market economy in country,-4=Not asked | -3=Not applicable | -2=No answer/Refused | -1=Don´t know | 1=Very satisfied | 2=Rather satisfied | 3=Not very satisfied | 4=Not at all satisfied,haven_labelled,4,0.040066998721734914,ideology
2006,p16n,Scale state V/S private enterprise has to create wealth,scale state v s private enterprise has to create wealth,-4=Not asked | -3=Not applicable | -2=No answer/Refused | -1=Don´t know | 1=State has to produce wealth | 2=02 | 3=03 | 4=04 | 5=05 | 6=06 | 7=07 | 8=08 | 9=09 | 10=Private firm has to produce wealth,haven_labelled,10,0.05376959661793201,ideology
2013,P60ST.A,P60ST.A Degree of agreement: The market economy is the only system through which (country) can become developed,t a degree of agreement the market economy is the only system through which country can become developed,-4=Not asked | -3=Not applicable | -2=No answer | -1=Don't know | 1=Strongly agree | 2=Agree | 3=Disagree | 4=Strongly disagre,haven_labelled,4,0.23275824030357853,ideology
2018,P26ST,P26ST Agreement/Disagreement: Market economy is the only system with which the (country) can become a developed country,t agreement disagreement market economy is the only system with which the country can become a developed country,-1=Don´t know/No answer | 1=Very agree | 2=I agree | 3=Disagree | 4=Very much disagree,haven_labelled,4,0.07939021975846366,ideology
2023,P54ST.B,"P54ST.B Please tell me whether you strongly agree, agree, disagree or strongly disagree with the following statements: Market economy is the only way (COUNTRY) can reach development.",t b please tell me whether you strongly agree agree disagree or strongly disagree with the following statements market economy is the only way country can reach development,1=Strongly agree | 2=Agree | 3=Disagree | 4=Strongly disagree | -1=Don't know | -2=Does not answer | -3=Not applicable | -4=Not asked | -5=Does not know / Does not answer,haven_labelled,4,0.06680551939599062,ideology
2020,P62ST.D,P62ST.D Market economy is the only system with which the country can become a developed country,t d market economy is the only system with which the country can become a developed country,1=Strongly agree | 2=Agree | 3=Disagree | 4=Strongly disagree | -1=Don´t know | -2=No answer | -3=Not applicable | -4=Not asked | -5=Don´t know / No answer,haven_labelled,4,0.1068600277172837,ideology
2017,P27ST,P27ST The market economy is the only system with which the (COUNTRY) can be developed,t the market economy is the only system with which the country can be developed,-1=Don´t know/No answer | 1=Very agree | 2=I agree | 3=Disagree | 4=Very much disagree,haven_labelled,4,0.0701980198019802,ideology
2003,p22n.f,The market economy is the only system with which the country can become a developed country,the market economy is the only system with which the country can become a developed country,-4=Not asked | -3=Not applicable | -2=No answer/Refused | -1=Don´t know | 1=Strongly agree | 2=Agree | 3=Disagree | 4=Disagree strongly,haven_labelled,4,0.24000378554866797,ideology
2004,p22std,The market economy is the only system with which the country can become a developed country,the market economy is the only system with which the country can become a developed country,-4=Not asked | -3=Not applicable | -2=No answer/Refused | -1=Don´t know | 1=Strongly agree | 2=Agree | 3=Disagree | 4=Disagree strongly,haven_labelled,4,0.23108254887762492,ideology
2005,p25sta,The market economy is the only system with which the country can become a developed country,the market economy is the only system with which the country can become a developed country,-4=Not asked | -3=Not applicable | -2=No answer/Refused | -1=Don´t know | 1=Strongly agree | 2=Agree | 3=Disagree | 4=Disagree strongly,haven_labelled,4,0.12283651468697458,ideology
2007,p54stb,The market economy is the only system with which the country can become a developed country,the market economy is the only system with which the country can become a developed country,-4=Not asked | -3=Not applicable | -2=No answer/Refused | -1=Don´t know | 1=Strongly agree | 2=Agree | 3=Disagree | 4=Disagree strongly,haven_labelled,4,0.2873006080902441,ideology
2008,p57st.e,The market economy is the only system with which the country can become a developed country,the market economy is the only system with which the country can become a developed country,-4=Not asked | -3=Not applicable | -2=No answer/Refused | -1=Don´t know | 1=Strongly agree | 2=Agree | 3=Disagree | 4=Disagree strongly,haven_labelled,4,0.23616317530319736,ideology
2009,p81st.c,The market economy is the only system with which the country can become a developed country,the market economy is the only system with which the country can become a developed country,-4=Not asked | -3=Not applicable | -2=No answer/Refused | -1=Don´t know | 1=Strongly agree | 2=Agree | 3=Disagree | 4=Disagree strongly,haven_labelled,4,0.2909211106214191,ideology
2010,P75ST.B,The market economy is the only system with which the country can become a developed country,the market economy is the only system with which the country can become a developed country,-4=Not asked | -3=Not applicable | -2=No answer/Refused | -1=Don´t know | 1=Strongly agree | 2=Agree | 3=Disagree | 4=Disagree strongly,haven_labelled,4,0.24088685150085953,ideology
2011,P69ST.B,The market economy is the only system with which the country can become a developed country,the market economy is the only system with which the country can become a developed country,-2=Don´t answer | -1=Don`t Know | 1=Strongle Agree | 2=Agree | 3=Disagree | 4=Strongly Disagree,haven_labelled,4,0.14318946743219166,ideology
2009,p81n.e,The nationalization of private enterprises has been beneficial to the country,the nationalization of private enterprises has been beneficial to the country,-4=Not asked | -3=Not applicable | -2=No answer/Refused | -1=Don´t know | 1=Strongly agree | 2=Agree | 3=Disagree | 4=Strongly disagree,haven_labelled,4,0.9141912736888497,ideology
2016,P44STME,P44STME The market economy is the only system with which the country can become a developed country,tme the market economy is the only system with which the country can become a developed country,-4=Not asked | -3=Not applicable | -2=No answer/Refused | -1=Don´t know | 1=Strongly agree | 2=Agree | 3=Disagree | 4=Disagree strongly,haven_labelled,4,0.1048307265887943,ideology
2011,S12NE.B,A teacher or employee of an educational institution,a teacher or employee of an educational institution,0=Not mentioned | 1=Mentioned,haven_labelled,2,0,institutional_confidence
2023,P18N.E,P18N.E Agreement/Disagreement: Judiciary power must be independent from excecutive power,agreement disagreement judiciary power must be independent from excecutive power,1=Strongly agree | 2=Agree | 3=Disagree | 4=Strongly disagree | -1=Don't know | -2=Does not answer | -3=Not applicable | -4=Not asked | -5=Does not know / Does not answer,haven_labelled,4,0.074355636552981,institutional_confidence
2023,P18N.F,P18N.F Agreement/Disagreement: Political parties in (COUNTRY) work well,agreement disagreement political parties in country work well,1=Strongly agree | 2=Agree | 3=Disagree | 4=Strongly disagree | -1=Don't know | -2=Does not answer | -3=Not applicable | -4=Not asked | -5=Does not know / Does not answer,haven_labelled,4,0.026347305389221556,institutional_confidence
2017,P53N.F,P53N.F Agreement: That half of the Members of Parliament have to be women,agreement that half of the members of parliament have to be women,-4=Not asked | -3=Not applicable | -1=Don´t know/No answer | 1=Strongly agree | 2=Agree | 3=Disagree | 4=Very disagree,haven_labelled,4,0.04465346534653465,institutional_confidence
2017,P53N.C,P53N.C Agreement: That parliamentarians be selected as in ancient Greece by draw,agreement that parliamentarians be selected as in ancient greece by draw,-4=Not asked | -3=Not applicable | -1=Don´t know/No answer | 1=Strongly agree | 2=Agree | 3=Disagree | 4=Very disagree,haven_labelled,4,0.09737623762376238,institutional_confidence
2017,P69NBCS,"P69NBCS How often do you see the police walking, patrolling and watching your neighborhood, on foot or in car?",bcs how often do you see the police walking patrolling and watching your neighborhood on foot or in car,-1=Don´t know/No answer | 1=Most of the days | 2=Approximately once a week | 3=Once a month | 4=Less than once a month | 5=Less than once every 3 months | 6=Almost never | 7=Never,haven_labelled,7,0.007871287128712871,institutional_confidence
2007,p65na,Belong to political parties,belong to political parties,-4=Not asked | -3=Not applicable | -2=No answer/Refused | -1=Don´t know | 1=Belong and actively participate | 2=Belong but don’t actively participate | 3=Used to belong but do not any more | 4=Have never belonged,haven_labelled,4,0.016656384947563233,institutional_confidence
2013,P43GBS.E,P43GBS.E Level of agreement: Get rid of parliament and elections and let the experts make decisions for people,bs e level of agreement get rid of parliament and elections and let the experts make decisions for people,-4=Not asked | -3=Not applicable | -2=No answer | -1=Don't know | 1=Strongly agree | 2=Agree | 3=Disagree | 4=Strongly disagree,haven_labelled,4,0.17213078586241892,institutional_confidence
2001,p53nrr,Closed Congress and abolished political parties,closed congress and abolished political parties,-4=Not asked | -3=Not applicable | -2=No answer/Refused | -1=Don´t know | 1=Definitely approve | 2=Somewhat approve | 3=Somewhat disapprove | 4=Definitely disapprove,haven_labelled,4,0.12292181668363143,institutional_confidence
2007,p27n.h,Confidence in a foreigner,confidence in a foreigner,-4=Not asked | -3=Not applicable | -2=No answer/Refused | -1=Don´t know | 1=A lot of confidence | 2=Some confidence | 3=Little confidence | 4=No confidence at all,haven_labelled,4,0.15325636732175907,institutional_confidence
2007,p27n.i,Confidence in a indigenous person,confidence in a indigenous person,-4=Not asked | -3=Not applicable | -2=No answer/Refused | -1=Don´t know | 1=A lot of confidence | 2=Some confidence | 3=Little confidence | 4=No confidence at all,haven_labelled,4,0.16691636555917863,institutional_confidence
2007,p27n.k,Confidence in a national,confidence in a national,-4=Not asked | -3=Not applicable | -2=No answer/Refused | -1=Don´t know | 1=A lot of confidence | 2=Some confidence | 3=Little confidence | 4=No confidence at all,haven_labelled,4,0.1391116594694633,institutional_confidence
2007,p27n.j,Confidence in a poor person,confidence in a poor person,-4=Not asked | -3=Not applicable | -2=No answer/Refused | -1=Don´t know | 1=A lot of confidence | 2=Some confidence | 3=Little confidence | 4=No confidence at all,haven_labelled,4,0.14122675597074116,institutional_confidence
1995,p54a,Confidence in Argentineans,confidence in argentineans,-4=Not asked | -3=Not applicable | -2=No answer/Refused | -1=Don´t know | 1=A lot of confidence | 2=Some confidence | 3=Little confidence | 4=No confidence at all,haven_labelled,4,0.19836806704157017,institutional_confidence
1996,p601a,Confidence in Argentineans,confidence in argentineans,-4=Not asked | -3=Not applicable | -2=No answer/Refused | -1=Don´t know | 1=A lot of confidence | 2=Some confidence | 3=Little confidence | 4=No confidence at all,haven_labelled,4,0.49627358490566037,institutional_confidence
1997,sp66a,Confidence in Argentineans,confidence in argentineans,-4=Not asked | -3=Not applicable | -2=No answer/Refused | -1=Don´t know | 1=A lot of confidence | 2=Some confidence | 3=Little confidence | 4=No confidence at all,haven_labelled,4,0.4710764214790298,institutional_confidence
2002,p34stb,Confidence in Banks,confidence in banks,-4=Not asked | -3=Not applicable | -2=No answer/Refused | -1=Don´t know | 1=A lot of confidence | 2=Some confidence | 3=Little confidence | 4=No confidence at all,haven_labelled,4,0.026706655241359612,institutional_confidence
2003,p23std,Confidence in Banks,confidence in banks,-4=Not asked | -3=Not applicable | -2=No answer/Refused | -1=Don´t know | 1=A lot of confidence | 2=Some confidence | 3=Little confidence | 4=No confidence at all,haven_labelled,4,0.030710263568826005,institutional_confidence
2004,p32sta,Confidence in Banks,confidence in banks,-4=Not asked | -3=Not applicable | -2=No answer/Refused | -1=Don´t know | 1=A lot | 2=Some | 3=Little | 4=None,haven_labelled,4,0.031136857349746562,institutional_confidence
2005,p45ste,Confidence in Banks,confidence in banks,-4=Not asked | -3=Not applicable | -2=No answer/Refused | -1=Don´t know | 1=A lot of confidence | 2=Some confidence | 3=Little confidence | 4=No confidence at all,haven_labelled,4,0.0338739986153694,institutional_confidence
2008,p31st.b,Confidence in Banks,confidence in banks,-4=Not asked | -3=Not applicable | -2=No answer/Refused | -1=Don´t know | 1=A lot of confidence | 2=Some confidence | 3=Little confidence | 4=No confidence at all,haven_labelled,4,0.032017640573318636,institutional_confidence
2009,p24st.b,Confidence in Banks,confidence in banks,-4=Not asked | -3=Not applicable | -2=No answer/Refused | -1=Don't know | 1=A lot | 2=Some | 3=Little | 4=None,haven_labelled,4,0.031423534596738655,institutional_confidence
2010,P18ST.B,Confidence in Banks,confidence in banks,-4=Not asked | -3=Not applicable | -2=No answer/Refused | -1=Don´t know | 1=A lot | 2=Some | 3=Little | 4=None,haven_labelled,4,0.029444175078238637,institutional_confidence
1995,p54k,Confidence in Bolivians,confidence in bolivians,-4=Not asked | -3=Not applicable | -2=No answer/Refused | -1=Don´t know | 1=A lot of confidence | 2=Some confidence | 3=Little confidence | 4=No confidence at all,haven_labelled,4,0.14709449773955233,institutional_confidence
1996,p601k,Confidence in Bolivians,confidence in bolivians,-4=Not asked | -3=Not applicable | -2=No answer/Refused | -1=Don´t know | 1=A lot of confidence | 2=Some confidence | 3=Little confidence | 4=No confidence at all,haven_labelled,4,0.5110377358490567,institutional_confidence
1997,sp66k,Confidence in Bolivians,confidence in bolivians,-4=Not asked | -3=Not applicable | -2=No answer/Refused | -1=Don´t know | 1=A lot of confidence | 2=Some confidence | 3=Little confidence | 4=No confidence at all,haven_labelled,4,0.5030874870325545,institutional_confidence
1995,p54c,Confidence in Brazilians,confidence in brazilians,-4=Not asked | -3=Not applicable | -2=No answer/Refused | -1=Don´t know | 1=A lot of confidence | 2=Some confidence | 3=Little confidence | 4=No confidence at all,haven_labelled,4,0.21049729848935936,institutional_confidence
1996,p601c,Confidence in Brazilians,confidence in brazilians,-4=Not asked | -3=Not applicable | -2=No answer/Refused | -1=Don´t know | 1=A lot of confidence | 2=Some confidence | 3=Little confidence | 4=No confidence at all,haven_labelled,4,0.4975943396226415,institutional_confidence
1997,sp66c,Confidence in Brazilians,confidence in brazilians,-4=Not asked | -3=Not applicable | -2=No answer/Refused | -1=Don´t know | 1=A lot of confidence | 2=Some confidence | 3=Little confidence | 4=No confidence at all,haven_labelled,4,0.4738428098601986,institutional_confidence
1995,p54b,Confidence in Chileans,confidence in chileans,-4=Not asked | -3=Not applicable | -2=No answer/Refused | -1=Don´t know | 1=A lot of confidence | 2=Some confidence | 3=Little confidence | 4=No confidence at all,haven_labelled,4,0.22714742529496085,institutional_confidence
1996,p601b,Confidence in Chileans,confidence in chileans,-4=Not asked | -3=Not applicable | -2=No answer/Refused | -1=Don´t know | 1=A lot of confidence | 2=Some confidence | 3=Little confidence | 4=No confidence at all,haven_labelled,4,0.5087735849056604,institutional_confidence
1997,sp66b,Confidence in Chileans,confidence in chileans,-4=Not asked | -3=Not applicable | -2=No answer/Refused | -1=Don´t know | 1=A lot of confidence | 2=Some confidence | 3=Little confidence | 4=No confidence at all,haven_labelled,4,0.483278170231685,institutional_confidence
1996,p602k,Confidence in Chinese (Central America),confidence in chinese central america,-4=Not asked | -3=Not applicable | -2=No answer/Refused | -1=Don´t know | 1=A lot of confidence | 2=Some confidence | 3=Little confidence | 4=No confidence at all,haven_labelled,4,0.7719339622641509,institutional_confidence
1996,p601o,Confidence in Chinese (South America),confidence in chinese south america,-4=Not asked | -3=Not applicable | -2=No answer/Refused | -1=Don´t know | 1=A lot of confidence | 2=Some confidence | 3=Little confidence | 4=No confidence at all,haven_labelled,4,0.4758490566037736,institutional_confidence
1995,p27a,Confidence in church,confidence in church,-4=Not asked | -3=Not applicable | -2=No answer/Refused | -1=Don´t know | 1=A lot of confidence | 2=Some confidence | 3=Little confidence | 4=No confidence at all,haven_labelled,4,0.015988532362994818,institutional_confidence
1996,p33a,Confidence in church,confidence in church,-4=Not asked | -3=Not applicable | -2=No answer/Refused | -1=Don´t know | 1=A lot of confidence | 2=Some confidence | 3=Little confidence | 4=No confidence at all,haven_labelled,4,0.020566037735849058,institutional_confidence
1997,sp63a,Confidence in church,confidence in church,-4=Not asked | -3=Not applicable | -2=No answer/Refused | -1=Don´t know | 1=A lot of confidence | 2=Some confidence | 3=Little confidence | 4=No confidence at all,haven_labelled,4,0.019265919083139852,institutional_confidence
1998,sp38a,Confidence in church,confidence in church,-4=Not asked | -3=Not applicable | -2=No answer/Refused | -1=Don´t know | 1=A lot of confidence | 2=Some confidence | 3=Little confidence | 4=No confidence at all,haven_labelled,6,0,institutional_confidence
2000,P35ST.A,Confidence in church,confidence in church,-4=Not asked | -3=Not applicable | -2=No answer/Refused | -1=Don´t know | 1=A lot of confidence | 2=Some confidence | 3=Little confidence | 4=No confidence at all,haven_labelled,4,0.011254019292604502,institutional_confidence
2001,p61sta,Confidence in church,confidence in church,-4=Not asked | -3=Not applicable | -2=No answer/Refused | -1=Don´t know | 1=A lot of confidence | 2=Some confidence | 3=Little confidence | 4=No confidence at all,haven_labelled,4,0.009839561824438951,institutional_confidence
2002,p34sta,Confidence in church,confidence in church,-4=Not asked | -3=Not applicable | -2=No answer/Refused | -1=Don´t know | 1=A lot of confidence | 2=Some confidence | 3=Little confidence | 4=No confidence at all,haven_labelled,4,0.009187851090164715,institutional_confidence
2003,p21sta,Confidence in church,confidence in church,-4=Not asked | -3=Not applicable | -2=No answer/Refused | -1=Don´t know | 1=A lot of confidence | 2=Some confidence | 3=Little confidence | 4=No confidence at all,haven_labelled,4,0.012350352529219703,institutional_confidence
2004,p32stc,Confidence in church,confidence in church,-4=Not asked | -3=Not applicable | -2=No answer/Refused | -1=Don´t know | 1=A lot of confidence | 2=Some confidence | 3=Little confidence | 4=No confidence at all,haven_labelled,4,0.013939174511223751,institutional_confidence
2005,p42sta,Confidence in church,confidence in church,-4=Not asked | -3=Not applicable | -2=No answer/Refused | -1=Don´t know | 1=A lot of confidence | 2=Some confidence | 3=Little confidence | 4=No confidence at all,haven_labelled,4,0.00944515873800811,institutional_confidence
2006,p32st.d,Confidence in church,confidence in church,-4=Not asked | -3=Not applicable | -2=No answer/Refused | -1=Don´t know | 1=A lot of confidence | 2=Some confidence | 3=Little confidence | 4=No confidence at all,haven_labelled,4,0.017438788092302274,institutional_confidence
2007,p27st.c,Confidence in church,confidence in church,-4=Not asked | -3=Not applicable | -2=No answer/Refused | -1=Don´t know | 1=A lot of confidence | 2=Some confidence | 3=Little confidence | 4=No confidence at all,haven_labelled,4,0.015731030228254166,institutional_confidence
2008,p28st.g,Confidence in church,confidence in church,-4=Not asked | -3=Not applicable | -2=No answer/Refused | -1=Don´t know | 1=A lot of confidence | 2=Some confidence | 3=Little confidence | 4=No confidence at all,haven_labelled,4,0.030385887541345094,institutional_confidence
2009,p26st.g,Confidence in church,confidence in church,-4=Not asked | -3=Not applicable | -2=No answer | -1=Don't know | 1=A lot of confidence | 2=Some confidence | 3=Little confidence | 4=No confidence at all,haven_labelled,4,0.027941824592331424,institutional_confidence
2010,P20ST.G,Confidence in church,confidence in church,-4=Not asked | -3=Not applicable | -2=No answer/Refused | -1=Don´t know | 1=A lot of confidence | 2=Some confidence | 3=Little confidence | 4=No confidence at all,haven_labelled,4,0.026050160885088377,institutional_confidence
1995,p54j,Confidence in Colombians,confidence in colombians,-4=Not asked | -3=Not applicable | -2=No answer/Refused | -1=Don´t know | 1=A lot of confidence | 2=Some confidence | 3=Little confidence | 4=No confidence at all,haven_labelled,4,0.14918954680780683,institutional_confidence
1996,p601j,Confidence in Colombians,confidence in colombians,-4=Not asked | -3=Not applicable | -2=No answer/Refused | -1=Don´t know | 1=A lot of confidence | 2=Some confidence | 3=Little confidence | 4=No confidence at all,haven_labelled,4,0.5290566037735849,institutional_confidence
1997,sp66j,Confidence in Colombians,confidence in colombians,-4=Not asked | -3=Not applicable | -2=No answer/Refused | -1=Don´t know | 1=A lot of confidence | 2=Some confidence | 3=Little confidence | 4=No confidence at all,haven_labelled,4,0.5072370696043077,institutional_confidence
2006,p61n.c,Confidence in commitment to deliver energy to other countries: Argentina,confidence in commitment to deliver energy to other countries argentina,-4=Not asked | -3=Not applicable | -2=No answer/Refused | -1=Don´t know | 1=A lot of confidence | 2=Some confidence | 3=Little confidence | 4=No confidence at all,haven_labelled,4,0.3418178615465915,institutional_confidence
2006,p61n.b,Confidence in commitment to deliver energy to other countries: Bolivia,confidence in commitment to deliver energy to other countries bolivia,-4=Not asked | -3=Not applicable | -2=No answer/Refused | -1=Don´t know | 1=A lot of confidence | 2=Some confidence | 3=Little confidence | 4=No confidence at all,haven_labelled,4,0.339924255768892,institutional_confidence
2006,p61n.d,Confidence in commitment to deliver energy to other countries: Ecuador,confidence in commitment to deliver energy to other countries ecuador,-4=Not asked | -3=Not applicable | -2=No answer/Refused | -1=Don´t know | 1=A lot of confidence | 2=Some confidence | 3=Little confidence | 4=No confidence at all,haven_labelled,4,0.37748810991720977,institutional_confidence
2006,p61n.e,Confidence in commitment to deliver energy to other countries: Mexico,confidence in commitment to deliver energy to other countries mexico,-4=Not asked | -3=Not applicable | -2=No answer/Refused | -1=Don´t know | 1=A lot of confidence | 2=Some confidence | 3=Little confidence | 4=No confidence at all,haven_labelled,4,0.3563501849568434,institutional_confidence
2006,p61n.a,Confidence in commitment to deliver energy to other countries: Venezuela,confidence in commitment to deliver energy to other countries venezuela,-4=Not asked | -3=Not applicable | -2=No answer/Refused | -1=Don´t know | 1=A lot of confidence | 2=Some confidence | 3=Little confidence | 4=No confidence at all,haven_labelled,4,0.30821736832834246,institutional_confidence
1995,p27k,Confidence in company associations,confidence in company associations,-4=Not asked | -3=Not applicable | -2=No answer/Refused | -1=Don´t know | 1=A lot of confidence | 2=Some confidence | 3=Little confidence | 4=No confidence at all,haven_labelled,4,0.09868783768883008,institutional_confidence
1996,p33k,Confidence in company associations,confidence in company associations,-4=Not asked | -3=Not applicable | -2=No answer/Refused | -1=Don´t know | 1=A lot of confidence | 2=Some confidence | 3=Little confidence | 4=No confidence at all,haven_labelled,4,0.08778301886792453,institutional_confidence
2005,p47stg,Confidence in company associations,confidence in company associations,-4=Not asked | -3=Not applicable | -2=No answer/Refused | -1=Don´t know | 1=A lot of confidence | 2=Some confidence | 3=Little confidence | 4=No confidence at all,haven_labelled,4,0.06992384531698151,institutional_confidence
1996,p602h,Confidence in Costa Ricans,confidence in costa ricans,-4=Not asked | -3=Not applicable | -2=No answer/Refused | -1=Don´t know | 1=A lot of confidence | 2=Some confidence | 3=Little confidence | 4=No confidence at all,haven_labelled,4,0.8011792452830189,institutional_confidence
1997,sp67h,Confidence in Costa Ricans,confidence in costa ricans,-4=Not asked | -3=Not applicable | -2=No answer/Refused | -1=Don´t know | 1=A lot of confidence | 2=Some confidence | 3=Little confidence | 4=No confidence at all,haven_labelled,4,0.7000938596057896,institutional_confidence
1995,p54e,Confidence in Ecuadorians,confidence in ecuadorians,-4=Not asked | -3=Not applicable | -2=No answer/Refused | -1=Don´t know | 1=A lot of confidence | 2=Some confidence | 3=Little confidence | 4=No confidence at all,haven_labelled,4,0.17510199580990185,institutional_confidence
1996,p601g,Confidence in Ecuadorians,confidence in ecuadorians,-4=Not asked | -3=Not applicable | -2=No answer/Refused | -1=Don´t know | 1=A lot of confidence | 2=Some confidence | 3=Little confidence | 4=No confidence at all,haven_labelled,4,0.5168867924528302,institutional_confidence
1997,sp66g,Confidence in Ecuadorians,confidence in ecuadorians,-4=Not asked | -3=Not applicable | -2=No answer/Refused | -1=Don´t know | 1=A lot of confidence | 2=Some confidence | 3=Little confidence | 4=No confidence at all,haven_labelled,4,0.522501605493257,institutional_confidence
1996,p602j,Confidence in Europeans (Central America),confidence in europeans central america,-4=Not asked | -3=Not applicable | -2=No answer/Refused | -1=Don´t know | 1=A lot of confidence | 2=Some confidence | 3=Little confidence | 4=No confidence at all,haven_labelled,4,0.7708018867924529,institutional_confidence
1995,p54n,Confidence in Europeans (South America),confidence in europeans south america,-4=Not asked | -3=Not applicable | -2=No answer/Refused | -1=Don´t know | 1=A lot of confidence | 2=Some confidence | 3=Little confidence | 4=No confidence at all,haven_labelled,4,0.10772962840445474,institutional_confidence
1996,p601n,Confidence in Europeans (South America),confidence in europeans south america,-4=Not asked | -3=Not applicable | -2=No answer/Refused | -1=Don´t know | 1=A lot of confidence | 2=Some confidence | 3=Little confidence | 4=No confidence at all,haven_labelled,4,0.46278301886792456,institutional_confidence
2003,p38nd,Confidence in firemen,confidence in firemen,-4=Not asked | -3=Not applicable | -2=No answer/Refused | -1=Don´t know | 1=A lot of confidence | 2=Some confidence | 3=Little confidence | 4=No confidence at all,haven_labelled,4,0.15795201817063362,institutional_confidence
2005,p47sta,Confidence in firemen,confidence in firemen,-4=Not asked | -3=Not applicable | -2=No answer/Refused | -1=Don´t know | 1=A lot of confidence | 2=Some confidence | 3=Little confidence | 4=No confidence at all,haven_labelled,4,0.028780536049846702,institutional_confidence
2006,p35st.a,Confidence in firemen,confidence in firemen,-4=Not asked | -3=Not applicable | -2=No answer/Refused | -1=Don´t know | 1=A lot of confidence | 2=Some confidence | 3=Little confidence | 4=No confidence at all,haven_labelled,4,0.03280782103223533,institutional_confidence
2007,p24st.g,Confidence in firemen,confidence in firemen,-4=Not asked | -3=Not applicable | -2=No answer/Refused | -1=Don´t know | 1=A lot of confidence | 2=Some confidence | 3=Little confidence | 4=No confidence at all,haven_labelled,4,0.02833348021503481,institutional_confidence
2015,P19N.H,P19N.H Confidence in groups-institutions-people: Electoral Institution,confidence in groups institutions people electoral institution,-4=Not asked | -3=Not applicable | -2=No answer | -1=Don't know | 1=Lot | 2=Some | 3=Little | 4=Nothing,haven_labelled,4,0.04479012345679012,institutional_confidence
1996,p602c,Confidence in Guatemalans,confidence in guatemalans,-4=Not asked | -3=Not applicable | -2=No answer/Refused | -1=Don´t know | 1=A lot of confidence | 2=Some confidence | 3=Little confidence | 4=No confidence at all,haven_labelled,4,0.7972169811320755,institutional_confidence
1997,sp67c,Confidence in Guatemalans,confidence in guatemalans,-4=Not asked | -3=Not applicable | -2=No answer/Refused | -1=Don´t know | 1=A lot of confidence | 2=Some confidence | 3=Little confidence | 4=No confidence at all,haven_labelled,4,0.7402064911327373,institutional_confidence
1996,p602b,Confidence in Hondurans,confidence in hondurans,-4=Not asked | -3=Not applicable | -2=No answer/Refused | -1=Don´t know | 1=A lot of confidence | 2=Some confidence | 3=Little confidence | 4=No confidence at all,haven_labelled,4,0.807688679245283,institutional_confidence
1997,sp67b,Confidence in Hondurans,confidence in hondurans,-4=Not asked | -3=Not applicable | -2=No answer/Refused | -1=Don´t know | 1=A lot of confidence | 2=Some confidence | 3=Little confidence | 4=No confidence at all,haven_labelled,4,0.7028602479869585,institutional_confidence
1996,p602i,Confidence in Japanese (Central America),confidence in japanese central america,-4=Not asked | -3=Not applicable | -2=No answer/Refused | -1=Don´t know | 1=A lot of confidence | 2=Some confidence | 3=Little confidence | 4=No confidence at all,haven_labelled,4,0.7696226415094339,institutional_confidence
1995,p54m,Confidence in Japanese (South America),confidence in japanese south america,-4=Not asked | -3=Not applicable | -2=No answer/Refused | -1=Don´t know | 1=A lot of confidence | 2=Some confidence | 3=Little confidence | 4=No confidence at all,haven_labelled,4,0.09449773955232109,institutional_confidence
1996,p601m,Confidence in Japanese (South America),confidence in japanese south america,-4=Not asked | -3=Not applicable | -2=No answer/Refused | -1=Don´t know | 1=A lot of confidence | 2=Some confidence | 3=Little confidence | 4=No confidence at all,haven_labelled,4,0.45773584905660375,institutional_confidence
1995,p27f,Confidence in large companies,confidence in large companies,-4=Not asked | -3=Not applicable | -2=No answer/Refused | -1=Don´t know | 1=A lot of confidence | 2=Some confidence | 3=Little confidence | 4=No confidence at all,haven_labelled,4,0.0630720035285037,institutional_confidence
1996,p33f,Confidence in large companies,confidence in large companies,-4=Not asked | -3=Not applicable | -2=No answer/Refused | -1=Don´t know | 1=A lot of confidence | 2=Some confidence | 3=Little confidence | 4=No confidence at all,haven_labelled,4,0.0754245283018868,institutional_confidence
2003,p23stb,Confidence in large companies,confidence in large companies,-4=Not asked | -3=Not applicable | -2=No answer/Refused | -1=Don´t know | 1=A lot of confidence | 2=Some confidence | 3=Little confidence | 4=No confidence at all,haven_labelled,4,0.03870723512989164,institutional_confidence
2004,p34sta,Confidence in large companies,confidence in large companies,-4=Not asked | -3=Not applicable | -2=No answer/Refused | -1=Don´t know | 1=A lot | 2=Some | 3=Little | 4=None,haven_labelled,4,0.14509413468501087,institutional_confidence
2001,p63stc,Confidence in local government,confidence in local government,-4=Not asked | -3=Not applicable | -2=No answer/Refused | -1=Don´t know | 1=A lot of confidence | 2=Some confidence | 3=Little confidence | 4=No confidence at all,haven_labelled,4,0.023169017497939995,institutional_confidence
2002,p36stc,Confidence in local government,confidence in local government,-4=Not asked | -3=Not applicable | -2=No answer/Refused | -1=Don´t know | 1=A lot of confidence | 2=Some confidence | 3=Little confidence | 4=No confidence at all,haven_labelled,4,0.028753689422069885,institutional_confidence
2004,p34sth,Confidence in local government,confidence in local government,-4=Not asked | -3=Not applicable | -2=No answer/Refused | -1=Don´t know | 1=A lot of confidence | 2=Some confidence | 3=Little confidence | 4=No confidence at all,haven_labelled,4,0.14360065170166547,institutional_confidence
2005,p42ste,Confidence in local government,confidence in local government,-4=Not asked | -3=Not applicable | -2=No answer/Refused | -1=Don´t know | 1=A lot of confidence | 2=Some confidence | 3=Little confidence | 4=No confidence at all,haven_labelled,4,0.025071704084660272,institutional_confidence
2008,p28st.f,Confidence in local government,confidence in local government,-4=Not asked | -3=Not applicable | -2=No answer/Refused | -1=Don´t know | 1=A lot of confidence | 2=Some confidence | 3=Little confidence | 4=No confidence at all,haven_labelled,4,0.035986769570011026,institutional_confidence
2009,p26st.f,Confidence in local government,confidence in local government,-4=Not asked | -3=Not applicable | -2=No answer | -1=Don't know | 1=A lot | 2=Some | 3=Little | 4=None,haven_labelled,4,0.02895548699867783,institutional_confidence
2010,P20ST.F,Confidence in local government,confidence in local government,-4=Not asked | -3=Not applicable | -2=No answer/Refused | -1=Don´t know | 1=A lot | 2=Some | 3=Little | 4=None,haven_labelled,4,0.028738925375765858,institutional_confidence
1996,p602a,Confidence in Mexicans (Central America),confidence in mexicans central america,-4=Not asked | -3=Not applicable | -2=No answer/Refused | -1=Don´t know | 1=A lot of confidence | 2=Some confidence | 3=Little confidence | 4=No confidence at all,haven_labelled,4,0.7611320754716981,institutional_confidence
1997,sp67a,Confidence in Mexicans (Central America),confidence in mexicans central america,-4=Not asked | -3=Not applicable | -2=No answer/Refused | -1=Don´t know | 1=A lot of confidence | 2=Some confidence | 3=Little confidence | 4=No confidence at all,haven_labelled,4,0.7311663291014178,institutional_confidence
1995,p54h,Confidence in Mexicans (South America),confidence in mexicans south america,-4=Not asked | -3=Not applicable | -2=No answer/Refused | -1=Don´t know | 1=A lot of confidence | 2=Some confidence | 3=Little confidence | 4=No confidence at all,haven_labelled,4,0.2559267835483515,institutional_confidence
1996,p601h,Confidence in Mexicans (South America),confidence in mexicans south america,-4=Not asked | -3=Not applicable | -2=No answer/Refused | -1=Don´t know | 1=A lot of confidence | 2=Some confidence | 3=Little confidence | 4=No confidence at all,haven_labelled,4,0.5348113207547169,institutional_confidence
1997,sp66h,Confidence in Mexicans (South America),confidence in mexicans south america,-4=Not asked | -3=Not applicable | -2=No answer/Refused | -1=Don´t know | 1=A lot of confidence | 2=Some confidence | 3=Little confidence | 4=No confidence at all,haven_labelled,4,0.502889887862471,institutional_confidence
2003,p38nf,Confidence in municipal functionaries,confidence in municipal functionaries,-4=Not asked | -3=Not applicable | -2=No answer/Refused | -1=Don´t know | 1=A lot of confidence | 2=Some confidence | 3=Little confidence | 4=No confidence at all,haven_labelled,4,0.15340935976908154,institutional_confidence
1995,p27i,Confidence in National Congress / Parliament,confidence in national congress parliament,-4=Not asked | -3=Not applicable | -2=No answer/Refused | -1=Don´t know | 1=A lot of confidence | 2=Some confidence | 3=Little confidence | 4=No confidence at all,haven_labelled,4,0.05954349983460139,institutional_confidence
1996,p33i,Confidence in National Congress / Parliament,confidence in national congress parliament,-4=Not asked | -3=Not applicable | -2=No answer/Refused | -1=Don´t know | 1=A lot of confidence | 2=Some confidence | 3=Little confidence | 4=No confidence at all,haven_labelled,4,0.06514150943396227,institutional_confidence
1997,sp63f,Confidence in National Congress / Parliament,confidence in national congress parliament,-4=Not asked | -3=Not applicable | -2=No answer/Refused | -1=Don´t know | 1=A lot of confidence | 2=Some confidence | 3=Little confidence | 4=No confidence at all,haven_labelled,4,0.05162278318431063,institutional_confidence
1998,sp38f,Confidence in National Congress / Parliament,confidence in national congress parliament,-4=Not asked | -3=Not applicable | -2=No answer/Refused | -1=Don´t know | 1=A lot of confidence | 2=Some confidence | 3=Little confidence | 4=No confidence at all,haven_labelled,6,0,institutional_confidence
2000,P35ST.F,Confidence in National Congress / Parliament,confidence in national congress parliament,-4=Not asked | -3=Not applicable | -2=No answer/Refused | -1=Don´t know | 1=A lot of confidence | 2=Some confidence | 3=Little confidence | 4=No confidence at all,haven_labelled,4,0.04867501940348154,institutional_confidence
2001,p61stf,Confidence in National Congress / Parliament,confidence in national congress parliament,-4=Not asked | -3=Not applicable | -2=No answer/Refused | -1=Don´t know | 1=A lot of confidence | 2=Some confidence | 3=Little confidence | 4=No confidence at all,haven_labelled,4,0.03489893849062091,institutional_confidence
2002,p36std,Confidence in National Congress / Parliament,confidence in national congress parliament,-4=Not asked | -3=Not applicable | -2=No answer/Refused | -1=Don´t know | 1=A lot of confidence | 2=Some confidence | 3=Little confidence | 4=No confidence at all,haven_labelled,4,0.04703418071027326,institutional_confidence
2003,p21stf,Confidence in National Congress / Parliament,confidence in national congress parliament,-4=Not asked | -3=Not applicable | -2=No answer/Refused | -1=Don´t know | 1=A lot of confidence | 2=Some confidence | 3=Little confidence | 4=No confidence at all,haven_labelled,4,0.03998485780532816,institutional_confidence
2004,p34stf,Confidence in National Congress / Parliament,confidence in national congress parliament,-4=Not asked | -3=Not applicable | -2=No answer/Refused | -1=Don´t know | 1=A lot of confidence | 2=Some confidence | 3=Little confidence | 4=No confidence at all,haven_labelled,4,0.15093229543808834,institutional_confidence
2005,p45sta,Confidence in National Congress / Parliament,confidence in national congress parliament,-4=Not asked | -3=Not applicable | -2=No answer/Refused | -1=Don´t know | 1=A lot of confidence | 2=Some confidence | 3=Little confidence | 4=No confidence at all,haven_labelled,4,0.04450598358223717,institutional_confidence
2006,p24st.f,Confidence in National Congress / Parliament,confidence in national congress parliament,-4=Not asked | -3=Not applicable | -2=No answer/Refused | -1=Don´t know | 1=A lot of confidence | 2=Some confidence | 3=Little confidence | 4=No confidence at all,haven_labelled,4,0.05557512770829664,institutional_confidence
2007,p24st.f,Confidence in National Congress / Parliament,confidence in national congress parliament,-4=Not asked | -3=Not applicable | -2=No answer/Refused | -1=Don´t know | 1=A lot of confidence | 2=Some confidence | 3=Little confidence | 4=No confidence at all,haven_labelled,4,0.0431832202344232,institutional_confidence
2008,p28st.a,Confidence in National Congress / Parliament,confidence in national congress parliament,-4=Not asked | -3=Not applicable | -2=No answer/Refused | -1=Don´t know | 1=A lot of confidence | 2=Some confidence | 3=Little confidence | 4=No confidence at all,haven_labelled,4,0.04595369349503859,institutional_confidence
2009,p26st.a,Confidence in National Congress / Parliament,confidence in national congress parliament,-4=Not asked | -3=Not applicable | -2=No answer/Refused | -1=Don't know | 1=A lot of confidence | 2=Some confidence | 3=Little confidence | 4=No confidence at all,haven_labelled,4,0.040766857646540325,institutional_confidence
2010,P20ST.A,Confidence in National Congress / Parliament,confidence in national congress parliament,-4=Not asked | -3=Not applicable | -2=No answer/Refused | -1=Don´t know | 1=A lot of confidence | 2=Some confidence | 3=Little confidence | 4=No confidence at all,haven_labelled,4,0.04134526380746683,institutional_confidence
2006,p35st.d,Confidence in National Electoral Commission,confidence in national electoral commission,-4=Not asked | -3=Not applicable | -2=No answer/Refused | -1=Don´t know | 1=A lot of confidence | 2=Some confidence | 3=Little confidence | 4=No confidence at all,haven_labelled,4,0.06464682050378721,institutional_confidence
2007,p27st.b,Confidence in National Electoral Commission,confidence in national electoral commission,-4=Not asked | -3=Not applicable | -2=No answer/Refused | -1=Don´t know | 1=A lot of confidence | 2=Some confidence | 3=Little confidence | 4=No confidence at all,haven_labelled,4,0.14523662642108046,institutional_confidence
2010,P20ST.H,Confidence in National Electoral Commission,confidence in national electoral commission,-4=Not asked | -3=Not applicable | -2=No answer/Refused | -1=Don´t know | 1=A lot of confidence | 2=Some confidence | 3=Little confidence | 4=No confidence at all,haven_labelled,4,0.15321549786221184,institutional_confidence
2003,p38nb,Confidence in neighbors,confidence in neighbors,-4=Not asked | -3=Not applicable | -2=No answer/Refused | -1=Don´t know | 1=A lot of confidence | 2=Some confidence | 3=Little confidence | 4=No confidence at all,haven_labelled,4,0.13069606776132114,institutional_confidence
2006,p24st.e,Confidence in neighbors,confidence in neighbors,-4=Not asked | -3=Not applicable | -2=No answer/Refused | -1=Don´t know | 1=A lot of confidence | 2=Some confidence | 3=Little confidence | 4=No confidence at all,haven_labelled,4,0.0205654394926898,institutional_confidence
2007,p27st.g,Confidence in neighbors,confidence in neighbors,-4=Not asked | -3=Not applicable | -2=No answer/Refused | -1=Don´t know | 1=A lot of confidence | 2=Some confidence | 3=Little confidence | 4=No confidence at all,haven_labelled,4,0.12452630651273465,institutional_confidence
2001,p63ste,Confidence in newspapers,confidence in newspapers,-4=Not asked | -3=Not applicable | -2=No answer/Refused | -1=Don´t know | 1=A lot of confidence | 2=Some confidence | 3=Little confidence | 4=No confidence at all,haven_labelled,4,0.027822209296689448,institutional_confidence
2003,p23ste,Confidence in newspapers,confidence in newspapers,-4=Not asked | -3=Not applicable | -2=No answer/Refused | -1=Don´t know | 1=A lot of confidence | 2=Some confidence | 3=Little confidence | 4=No confidence at all,haven_labelled,4,0.029905834476884493,institutional_confidence
2004,p34ste,Confidence in newspapers,confidence in newspapers,-4=Not asked | -3=Not applicable | -2=No answer/Refused | -1=Don´t know | 1=A lot of confidence | 2=Some confidence | 3=Little confidence | 4=No confidence at all,haven_labelled,4,0.13676683562635772,institutional_confidence
2005,p47stc,Confidence in newspapers,confidence in newspapers,-4=Not asked | -3=Not applicable | -2=No answer/Refused | -1=Don´t know | 1=A lot of confidence | 2=Some confidence | 3=Little confidence | 4=No confidence at all,haven_labelled,4,0.02423103550588468,institutional_confidence
2006,p32st.c,Confidence in newspapers,confidence in newspapers,-4=Not asked | -3=Not applicable | -2=No answer/Refused | -1=Don´t know | 1=A lot of confidence | 2=Some confidence | 3=Little confidence | 4=No confidence at all,haven_labelled,4,0.030517879161528975,institutional_confidence
2007,p24st.c,Confidence in newspapers,confidence in newspapers,-4=Not asked | -3=Not applicable | -2=No answer/Refused | -1=Don´t know | 1=A lot of confidence | 2=Some confidence | 3=Little confidence | 4=No confidence at all,haven_labelled,4,0.04168502687935137,institutional_confidence
2008,p31st.d,Confidence in newspapers,confidence in newspapers,-4=Not asked | -3=Not applicable | -2=No answer/Refused | -1=Don´t know | 1=A lot of confidence | 2=Some confidence | 3=Little confidence | 4=No confidence at all,haven_labelled,4,0.02901874310915105,institutional_confidence
2009,p24st.d,Confidence in newspapers,confidence in newspapers,-4=Not asked | -3=Not applicable | -2=No answer/Refused | -1=Don't know | 1=A lot of confidence | 2=Some confidence | 3=Little confidence | 4=No confidence at all,haven_labelled,4,0.026575583957690614,institutional_confidence
2010,P18ST.D,Confidence in newspapers,confidence in newspapers,-4=Not asked | -3=Not applicable | -2=No answer/Refused | -1=Don´t know | 1=A lot of confidence | 2=Some confidence | 3=Little confidence | 4=No confidence at all,haven_labelled,4,0.029223784546215895,institutional_confidence
1996,p602f,Confidence in Nicaraguans,confidence in nicaraguans,-4=Not asked | -3=Not applicable | -2=No answer/Refused | -1=Don´t know | 1=A lot of confidence | 2=Some confidence | 3=Little confidence | 4=No confidence at all,haven_labelled,4,0.8053301886792453,institutional_confidence
1997,sp67f,Confidence in Nicaraguans,confidence in nicaraguans,-4=Not asked | -3=Not applicable | -2=No answer/Refused | -1=Don´t know | 1=A lot of confidence | 2=Some confidence | 3=Little confidence | 4=No confidence at all,haven_labelled,4,0.7107642147902978,institutional_confidence
1996,p602e,Confidence in North Americans (Central America),confidence in north americans central america,-4=Not asked | -3=Not applicable | -2=No answer/Refused | -1=Don´t know | 1=A lot of confidence | 2=Some confidence | 3=Little confidence | 4=No confidence at all,haven_labelled,4,0.7585849056603774,institutional_confidence
1997,sp67e,Confidence in North Americans (Central America),confidence in north americans central america,-4=Not asked | -3=Not applicable | -2=No answer/Refused | -1=Don´t know | 1=A lot of confidence | 2=Some confidence | 3=Little confidence | 4=No confidence at all,haven_labelled,4,0.7002914587758732,institutional_confidence
1995,p54l,Confidence in North Americans (South America),confidence in north americans south america,-4=Not asked | -3=Not applicable | -2=No answer/Refused | -1=Don´t know | 1=A lot of confidence | 2=Some confidence | 3=Little confidence | 4=No confidence at all,haven_labelled,4,0.08280957106626971,institutional_confidence
1996,p601l,Confidence in North Americans (South America),confidence in north americans south america,-4=Not asked | -3=Not applicable | -2=No answer/Refused | -1=Don´t know | 1=A lot of confidence | 2=Some confidence | 3=Little confidence | 4=No confidence at all,haven_labelled,4,0.45358490566037735,institutional_confidence
1997,sp66l,Confidence in North Americans (South America),confidence in north americans south america,-4=Not asked | -3=Not applicable | -2=No answer/Refused | -1=Don´t know | 1=A lot of confidence | 2=Some confidence | 3=Little confidence | 4=No confidence at all,haven_labelled,4,0.48510596255495725,institutional_confidence
2005,p54st,Confidence in North Americans (South America),confidence in north americans south america,-4=Not asked | -3=Not applicable | -2=No answer/Refused | -1=Don´t know | 1=A lot of confidence | 2=Some confidence | 3=Little confidence | 4=No confidence at all,haven_labelled,4,0.05053901691227376,institutional_confidence
1996,p602g,Confidence in Panamanians,confidence in panamanians,-4=Not asked | -3=Not applicable | -2=No answer/Refused | -1=Don´t know | 1=A lot of confidence | 2=Some confidence | 3=Little confidence | 4=No confidence at all,haven_labelled,4,0.8099056603773584,institutional_confidence
1997,sp67g,Confidence in Panamanians,confidence in panamanians,-4=Not asked | -3=Not applicable | -2=No answer/Refused | -1=Don´t know | 1=A lot of confidence | 2=Some confidence | 3=Little confidence | 4=No confidence at all,haven_labelled,4,0.7079484266166082,institutional_confidence
1995,p54f,Confidence in Paraguayans,confidence in paraguayans,-4=Not asked | -3=Not applicable | -2=No answer/Refused | -1=Don´t know | 1=A lot of confidence | 2=Some confidence | 3=Little confidence | 4=No confidence at all,haven_labelled,4,0.20057338185025914,institutional_confidence
1996,p601e,Confidence in Paraguayans,confidence in paraguayans,-4=Not asked | -3=Not applicable | -2=No answer/Refused | -1=Don´t know | 1=A lot of confidence | 2=Some confidence | 3=Little confidence | 4=No confidence at all,haven_labelled,4,0.49764150943396224,institutional_confidence
1997,sp66e,Confidence in Paraguayans,confidence in paraguayans,-4=Not asked | -3=Not applicable | -2=No answer/Refused | -1=Don´t know | 1=A lot of confidence | 2=Some confidence | 3=Little confidence | 4=No confidence at all,haven_labelled,4,0.5002716988588648,institutional_confidence
2003,p38na,Confidence in people who work/study at the same place you do,confidence in people who work study at the same place you do,-4=Not asked | -3=Not applicable | -2=No answer/Refused | -1=Don´t know | 1=A lot of confidence | 2=Some confidence | 3=Little confidence | 4=No confidence at all,haven_labelled,4,0.151847820943548,institutional_confidence
2005,p47ste,Confidence in people who work/study at the same place you do,confidence in people who work study at the same place you do,-4=Not asked | -3=Not applicable | -2=No answer/Refused | -1=Don´t know | 1=A lot of confidence | 2=Some confidence | 3=Little confidence | 4=No confidence at all,haven_labelled,4,0.058648996142814755,institutional_confidence
1995,p54i,Confidence in Peruvians,confidence in peruvians,-4=Not asked | -3=Not applicable | -2=No answer/Refused | -1=Don´t know | 1=A lot of confidence | 2=Some confidence | 3=Little confidence | 4=No confidence at all,haven_labelled,4,0.2793031205204543,institutional_confidence
1996,p601i,Confidence in Peruvians,confidence in peruvians,-4=Not asked | -3=Not applicable | -2=No answer/Refused | -1=Don´t know | 1=A lot of confidence | 2=Some confidence | 3=Little confidence | 4=No confidence at all,haven_labelled,4,0.5243396226415095,institutional_confidence
1997,sp66i,Confidence in Peruvians,confidence in peruvians,-4=Not asked | -3=Not applicable | -2=No answer/Refused | -1=Don´t know | 1=A lot of confidence | 2=Some confidence | 3=Little confidence | 4=No confidence at all,haven_labelled,4,0.5049152793558267,institutional_confidence
1995,p27h,Confidence in police,confidence in police,-4=Not asked | -3=Not applicable | -2=No answer/Refused | -1=Don´t know | 1=A lot of confidence | 2=Some confidence | 3=Little confidence | 4=No confidence at all,haven_labelled,4,0.023486602712537216,institutional_confidence
1996,p33h,Confidence in police,confidence in police,-4=Not asked | -3=Not applicable | -2=No answer/Refused | -1=Don´t know | 1=A lot of confidence | 2=Some confidence | 3=Little confidence | 4=No confidence at all,haven_labelled,4,0.045,institutional_confidence
1997,sp63e,Confidence in police,confidence in police,-4=Not asked | -3=Not applicable | -2=No answer/Refused | -1=Don´t know | 1=A lot of confidence | 2=Some confidence | 3=Little confidence | 4=No confidence at all,haven_labelled,4,0.041001827792323274,institutional_confidence
1998,sp38e,Confidence in police,confidence in police,-4=Not asked | -3=Not applicable | -2=No answer/Refused | -1=Don´t know | 1=A lot of confidence | 2=Some confidence | 3=Little confidence | 4=No confidence at all,haven_labelled,6,0,institutional_confidence
2000,P35ST.E,Confidence in police,confidence in police,-4=Not asked | -3=Not applicable | -2=No answer/Refused | -1=Don´t know | 1=A lot of confidence | 2=Some confidence | 3=Little confidence | 4=No confidence at all,haven_labelled,4,0.023117862290719594,institutional_confidence
2001,p61ste,Confidence in police,confidence in police,-4=Not asked | -3=Not applicable | -2=No answer/Refused | -1=Don´t know | 1=A lot of confidence | 2=Some confidence | 3=Little confidence | 4=No confidence at all,haven_labelled,4,0.018370413455479618,institutional_confidence
2002,p36ste,Confidence in police,confidence in police,-4=Not asked | -3=Not applicable | -2=No answer/Refused | -1=Don´t know | 1=A lot of confidence | 2=Some confidence | 3=Little confidence | 4=No confidence at all,haven_labelled,4,0.021660477958678474,institutional_confidence
2003,p21stb,Confidence in police,confidence in police,-4=Not asked | -3=Not applicable | -2=No answer/Refused | -1=Don´t know | 1=A lot of confidence | 2=Some confidence | 3=Little confidence | 4=No confidence at all,haven_labelled,4,0.014148488146500734,institutional_confidence
2004,p32stb,Confidence in police,confidence in police,-4=Not asked | -3=Not applicable | -2=No answer/Refused | -1=Don´t know | 1=A lot of confidence | 2=Some confidence | 3=Little confidence | 4=No confidence at all,haven_labelled,4,0.013124547429398985,institutional_confidence
2005,p42stf,Confidence in police,confidence in police,-4=Not asked | -3=Not applicable | -2=No answer/Refused | -1=Don´t know | 1=A lot of confidence | 2=Some confidence | 3=Little confidence | 4=No confidence at all,haven_labelled,4,0.02339036692710909,institutional_confidence
2006,p24st.d,Confidence in police,confidence in police,-4=Not asked | -3=Not applicable | -2=No answer/Refused | -1=Don´t know | 1=A lot of confidence | 2=Some confidence | 3=Little confidence | 4=No confidence at all,haven_labelled,4,0.017218601373965123,institutional_confidence
2007,p27st.f,Confidence in police,confidence in police,-4=Not asked | -3=Not applicable | -2=No answer/Refused | -1=Don´t know | 1=A lot of confidence | 2=Some confidence | 3=Little confidence | 4=No confidence at all,haven_labelled,4,0.014409094914955494,institutional_confidence
2008,p31st.c,Confidence in police,confidence in police,-4=Not asked | -3=Not applicable | -2=No answer/Refused | -1=Don´t know | 1=A lot of confidence | 2=Some confidence | 3=Little confidence | 4=No confidence at all,haven_labelled,4,0.013098125689084895,institutional_confidence
2009,p24st.c,Confidence in police,confidence in police,-4=Not asked | -3=Not applicable | -2=No answer/Refused | -1=Don't know | 1=A lot of confidence | 2=Some confidence | 3=Little confidence | 4=No confidence at all,haven_labelled,4,0.011855442926399295,institutional_confidence
2010,P18ST.C,Confidence in police,confidence in police,-4=Not asked | -3=Not applicable | -2=No answer/Refused | -1=Don´t know | 1=A lot of confidence | 2=Some confidence | 3=Little confidence | 4=No confidence at all,haven_labelled,4,0.013047119495746462,institutional_confidence
1995,p27j,Confidence in political parties,confidence in political parties,-4=Not asked | -3=Not applicable | -2=No answer/Refused | -1=Don´t know | 1=A lot of confidence | 2=Some confidence | 3=Little confidence | 4=No confidence at all,haven_labelled,4,0.0387032748924909,institutional_confidence
1996,p33j,Confidence in political parties,confidence in political parties,-4=Not asked | -3=Not applicable | -2=No answer/Refused | -1=Don´t know | 1=A lot of confidence | 2=Some confidence | 3=Little confidence | 4=No confidence at all,haven_labelled,4,0.05377358490566038,institutional_confidence
1997,sp63g,Confidence in political parties,confidence in political parties,-4=Not asked | -3=Not applicable | -2=No answer/Refused | -1=Don´t know | 1=A lot of confidence | 2=Some confidence | 3=Little confidence | 4=No confidence at all,haven_labelled,4,0.04539840932668083,institutional_confidence
1998,sp38g,Confidence in political parties,confidence in political parties,-4=Not asked | -3=Not applicable | -2=No answer/Refused | -1=Don´t know | 1=A lot of confidence | 2=Some confidence | 3=Little confidence | 4=No confidence at all,haven_labelled,6,0,institutional_confidence
2000,P35ST.G,Confidence in political parties,confidence in political parties,-4=Not asked | -3=Not applicable | -2=No answer/Refused | -1=Don´t know | 1=A lot of confidence | 2=Some confidence | 3=Little confidence | 4=No confidence at all,haven_labelled,4,0.03725468455482869,institutional_confidence
2001,p61stg,Confidence in political parties,confidence in political parties,-4=Not asked | -3=Not applicable | -2=No answer/Refused | -1=Don´t know | 1=A lot of confidence | 2=Some confidence | 3=Little confidence | 4=No confidence at all,haven_labelled,4,0.026174203867965682,institutional_confidence
2002,p34stf,Confidence in political parties,confidence in political parties,-4=Not asked | -3=Not applicable | -2=No answer/Refused | -1=Don´t know | 1=A lot of confidence | 2=Some confidence | 3=Little confidence | 4=No confidence at all,haven_labelled,4,0.030277063696086834,institutional_confidence
2003,p21std,Confidence in political parties,confidence in political parties,-4=Not asked | -3=Not applicable | -2=No answer/Refused | -1=Don´t know | 1=A lot of confidence | 2=Some confidence | 3=Little confidence | 4=No confidence at all,haven_labelled,4,0.021482988690673353,institutional_confidence
2004,p34std,Confidence in political parties,confidence in political parties,-4=Not asked | -3=Not applicable | -2=No answer/Refused | -1=Don´t know | 1=A lot of confidence | 2=Some confidence | 3=Little confidence | 4=No confidence at all,haven_labelled,4,0.13255792903692976,institutional_confidence
2005,p47stb,Confidence in political parties,confidence in political parties,-4=Not asked | -3=Not applicable | -2=No answer/Refused | -1=Don´t know | 1=A lot of confidence | 2=Some confidence | 3=Little confidence | 4=No confidence at all,haven_labelled,4,0.016516665018296905,institutional_confidence
2006,p24st.c,Confidence in political parties,confidence in political parties,-4=Not asked | -3=Not applicable | -2=No answer/Refused | -1=Don´t know | 1=A lot of confidence | 2=Some confidence | 3=Little confidence | 4=No confidence at all,haven_labelled,4,0.02206270917738242,institutional_confidence
2007,p27st.e,Confidence in political parties,confidence in political parties,-4=Not asked | -3=Not applicable | -2=No answer/Refused | -1=Don´t know | 1=A lot of confidence | 2=Some confidence | 3=Little confidence | 4=No confidence at all,haven_labelled,4,0.01947651361593373,institutional_confidence
2008,p28st.c,Confidence in political parties,confidence in political parties,-4=Not asked | -3=Not applicable | -2=No answer/Refused | -1=Don´t know | 1=A lot of confidence | 2=Some confidence | 3=Little confidence | 4=No confidence at all,haven_labelled,4,0.032855567805953695,institutional_confidence
2009,p26st.c,Confidence in political parties,confidence in political parties,-4=Not asked | -3=Not applicable | -2=No answer/Refused | -1=Don't know | 1=A lot of confidence | 2=Some confidence | 3=Little confidence | 4=No confidence at all,haven_labelled,4,0.02745702952842662,institutional_confidence
2010,P20ST.C,Confidence in political parties,confidence in political parties,-4=Not asked | -3=Not applicable | -2=No answer/Refused | -1=Don´t know | 1=A lot of confidence | 2=Some confidence | 3=Little confidence | 4=No confidence at all,haven_labelled,4,0.029179706439811347,institutional_confidence
1997,sp63d,Confidence in president,confidence in president,-4=Not asked | -3=Not applicable | -2=No answer/Refused | -1=Don´t know | 1=A lot of confidence | 2=Some confidence | 3=Little confidence | 4=No confidence at all,haven_labelled,4,0.03522205206738132,institutional_confidence
1998,sp38d,Confidence in president,confidence in president,-4=Not asked | -3=Not applicable | -2=No answer/Refused | -1=Don´t know | 1=A lot of confidence | 2=Some confidence | 3=Little confidence | 4=No confidence at all,haven_labelled,6,0,institutional_confidence
2000,P35ST.D,Confidence in president,confidence in president,-4=Not asked | -3=Not applicable | -2=No answer/Refused | -1=Don´t know | 1=A lot of confidence | 2=Some confidence | 3=Little confidence | 4=No confidence at all,haven_labelled,4,0.028273644528218206,institutional_confidence
2001,p61std,Confidence in president,confidence in president,-4=Not asked | -3=Not applicable | -2=No answer/Refused | -1=Don´t know | 1=A lot of confidence | 2=Some confidence | 3=Little confidence | 4=No confidence at all,haven_labelled,4,0.02190877805244535,institutional_confidence
2003,p23stc,Confidence in president,confidence in president,-4=Not asked | -3=Not applicable | -2=No answer/Refused | -1=Don´t know | 1=A lot of confidence | 2=Some confidence | 3=Little confidence | 4=No confidence at all,haven_labelled,4,0.022476695216012872,institutional_confidence
2004,p34stc,Confidence in president,confidence in president,-4=Not asked | -3=Not applicable | -2=No answer/Refused | -1=Don´t know | 1=A lot of confidence | 2=Some confidence | 3=Little confidence | 4=No confidence at all,haven_labelled,4,0.12549782766111514,institutional_confidence
2005,p47stf,Confidence in president,confidence in president,-4=Not asked | -3=Not applicable | -2=No answer/Refused | -1=Don´t know | 1=A lot of confidence | 2=Some confidence | 3=Little confidence | 4=No confidence at all,haven_labelled,4,0.020917812283651468,institutional_confidence
2006,p24st.b,Confidence in president,confidence in president,-4=Not asked | -3=Not applicable | -2=No answer/Refused | -1=Don´t know | 1=A lot of confidence | 2=Some confidence | 3=Little confidence | 4=No confidence at all,haven_labelled,4,0.0188039457459926,institutional_confidence
2007,p24st.e,Confidence in president,confidence in president,-4=Not asked | -3=Not applicable | -2=No answer/Refused | -1=Don´t know | 1=A lot of confidence | 2=Some confidence | 3=Little confidence | 4=No confidence at all,haven_labelled,4,0.12479069357539438,institutional_confidence
1995,p27e,Confidence in press,confidence in press,-4=Not asked | -3=Not applicable | -2=No answer/Refused | -1=Don´t know | 1=A lot of confidence | 2=Some confidence | 3=Little confidence | 4=No confidence at all,haven_labelled,4,0.030543610100341824,institutional_confidence
1996,p33e,Confidence in press,confidence in press,-4=Not asked | -3=Not applicable | -2=No answer/Refused | -1=Don´t know | 1=A lot of confidence | 2=Some confidence | 3=Little confidence | 4=No confidence at all,haven_labelled,4,0.04613207547169811,institutional_confidence
1995,p27g,Confidence in public administration,confidence in public administration,-4=Not asked | -3=Not applicable | -2=No answer/Refused | -1=Don´t know | 1=A lot of confidence | 2=Some confidence | 3=Little confidence | 4=No confidence at all,haven_labelled,4,0.04939905171463226,institutional_confidence
1996,p33g,Confidence in public administration,confidence in public administration,-4=Not asked | -3=Not applicable | -2=No answer/Refused | -1=Don´t know | 1=A lot of confidence | 2=Some confidence | 3=Little confidence | 4=No confidence at all,haven_labelled,4,0.061037735849056605,institutional_confidence
2001,p63stb,Confidence in public administration,confidence in public administration,-4=Not asked | -3=Not applicable | -2=No answer/Refused | -1=Don´t know | 1=A lot of confidence | 2=Some confidence | 3=Little confidence | 4=No confidence at all,haven_labelled,4,0.02874315350685861,institutional_confidence
2005,p45stf,Confidence in public administration,confidence in public administration,-4=Not asked | -3=Not applicable | -2=No answer/Refused | -1=Don´t know | 1=A lot of confidence | 2=Some confidence | 3=Little confidence | 4=No confidence at all,haven_labelled,4,0.04702798931856394,institutional_confidence
2008,p28st.e,Confidence in public administration,confidence in public administration,-4=Not asked | -3=Not applicable | -2=No answer/Refused | -1=Don´t know | 1=A lot of confidence | 2=Some confidence | 3=Little confidence | 4=No confidence at all,haven_labelled,4,0.045909592061742006,institutional_confidence
2009,p26st.e,Confidence in public administration,confidence in public administration,-4=Not asked | -3=Not applicable | -2=No answer/Refused | -1=Don't know | 1=A lot | 2=Some | 3=Little | 4=None,haven_labelled,4,0.043675628029969146,institutional_confidence
2010,P20ST.E,Confidence in public administration,confidence in public administration,-4=Not asked | -3=Not applicable | -2=No answer/Refused | -1=Don´t know | 1=A lot | 2=Some | 3=Little | 4=None,haven_labelled,4,0.04526821527747168,institutional_confidence
2001,p63stf,Confidence in radios,confidence in radios,-4=Not asked | -3=Not applicable | -2=No answer/Refused | -1=Don´t know | 1=A lot of confidence | 2=Some confidence | 3=Little confidence | 4=No confidence at all,haven_labelled,4,0.024089961708109155,institutional_confidence
2003,p23stf,Confidence in radios,confidence in radios,-4=Not asked | -3=Not applicable | -2=No answer/Refused | -1=Don´t know | 1=A lot of confidence | 2=Some confidence | 3=Little confidence | 4=No confidence at all,haven_labelled,4,0.026498840675720437,institutional_confidence
2005,p47std,Confidence in radios,confidence in radios,-4=Not asked | -3=Not applicable | -2=No answer/Refused | -1=Don´t know | 1=A lot of confidence | 2=Some confidence | 3=Little confidence | 4=No confidence at all,haven_labelled,4,0.018000197804371478,institutional_confidence
2006,p35st.b,Confidence in radios,confidence in radios,-4=Not asked | -3=Not applicable | -2=No answer/Refused | -1=Don´t know | 1=A lot of confidence | 2=Some confidence | 3=Little confidence | 4=No confidence at all,haven_labelled,4,0.017218601373965123,institutional_confidence
2007,p27st.a,Confidence in radios,confidence in radios,-4=Not asked | -3=Not applicable | -2=No answer/Refused | -1=Don´t know | 1=A lot of confidence | 2=Some confidence | 3=Little confidence | 4=No confidence at all,haven_labelled,4,0.02635057724508681,institutional_confidence
2008,p31st.f,Confidence in radios,confidence in radios,-4=Not asked | -3=Not applicable | -2=No answer/Refused | -1=Don´t know | 1=A lot of confidence | 2=Some confidence | 3=Little confidence | 4=No confidence at all,haven_labelled,4,0.024873208379272326,institutional_confidence
2009,p24st.f,Confidence in radios,confidence in radios,-4=Not asked | -3=Not applicable | -2=No answer/Refused | -1=Don't know | 1=A lot of confidence | 2=Some confidence | 3=Little confidence | 4=No confidence at all,haven_labelled,4,0.026795945350374613,institutional_confidence
2010,P18ST.F,Confidence in radios,confidence in radios,-4=Not asked | -3=Not applicable | -2=No answer/Refused | -1=Don´t know | 1=A lot of confidence | 2=Some confidence | 3=Little confidence | 4=No confidence at all,haven_labelled,4,0.027328425970820292,institutional_confidence
2003,p38nc,Confidence in relatives you have never seen,confidence in relatives you have never seen,-4=Not asked | -3=Not applicable | -2=No answer/Refused | -1=Don´t know | 1=A lot | 2=Some | 3=Little | 4=None,haven_labelled,4,0.15870912790422562,institutional_confidence
2007,p24st.h,Confidence in relatives you have never seen,confidence in relatives you have never seen,-4=Not asked | -3=Not applicable | -2=No answer/Refused | -1=Don´t know | 1=A lot of confidence | 2=Some confidence | 3=Little confidence | 4=No confidence at all,haven_labelled,4,0.15576804441702652,institutional_confidence
2020,P15N.I,P15N.I Confidence in relatives you have never seen,confidence in relatives you have never seen,1=A lot | 2=Some | 3=Little | 4=No trust | -1=Don´t know | -2=No answer | -3=Not applicable | -4=Not asked | -5=Don´t know / No answer,haven_labelled,4,0.07409423876460107,institutional_confidence
1996,p602d,Confidence in Salvadorians,confidence in salvadorians,-4=Not asked | -3=Not applicable | -2=No answer/Refused | -1=Don´t know | 1=A lot of confidence | 2=Some confidence | 3=Little confidence | 4=No confidence at all,haven_labelled,4,0.7646698113207547,institutional_confidence
1997,sp67d,Confidence in Salvadorians,confidence in salvadorians,-4=Not asked | -3=Not applicable | -2=No answer/Refused | -1=Don´t know | 1=A lot of confidence | 2=Some confidence | 3=Little confidence | 4=No confidence at all,haven_labelled,4,0.7396136936224867,institutional_confidence
2003,p23nh,Confidence in stock exchange,confidence in stock exchange,-4=Not asked | -3=Not applicable | -2=No answer/Refused | -1=Don´t know | 1=A lot of confidence | 2=Some confidence | 3=Little confidence | 4=No confidence at all,haven_labelled,4,0.17815738418587043,institutional_confidence
2004,p34stg,Confidence in stock exchange,confidence in stock exchange,-4=Not asked | -3=Not applicable | -2=No answer/Refused | -1=Don´t know | 1=A lot of confidence | 2=Some confidence | 3=Little confidence | 4=No confidence at all,haven_labelled,4,0.27090876176683565,institutional_confidence
2003,p38ne,Confidence in telephone operator,confidence in telephone operator,-4=Not asked | -3=Not applicable | -2=No answer/Refused | -1=Don´t know | 1=A lot of confidence | 2=Some confidence | 3=Little confidence | 4=No confidence at all,haven_labelled,4,0.17806274546917145,institutional_confidence
1995,p27l,Confidence in television,confidence in television,-4=Not asked | -3=Not applicable | -2=No answer/Refused | -1=Don´t know | 1=A lot of confidence | 2=Some confidence | 3=Little confidence | 4=No confidence at all,haven_labelled,4,0.024920057338185028,institutional_confidence
1996,p33l,Confidence in television,confidence in television,-4=Not asked | -3=Not applicable | -2=No answer/Refused | -1=Don´t know | 1=A lot of confidence | 2=Some confidence | 3=Little confidence | 4=No confidence at all,haven_labelled,4,0.040377358490566034,institutional_confidence
1997,sp63h,Confidence in television,confidence in television,-4=Not asked | -3=Not applicable | -2=No answer/Refused | -1=Don´t know | 1=A lot of confidence | 2=Some confidence | 3=Little confidence | 4=No confidence at all,haven_labelled,4,0.043471817418366844,institutional_confidence
1998,sp38h,Confidence in television,confidence in television,-4=Not asked | -3=Not applicable | -2=No answer/Refused | -1=Don´t know | 1=A lot of confidence | 2=Some confidence | 3=Little confidence | 4=No confidence at all,haven_labelled,6,0,institutional_confidence
2000,P35ST.H,Confidence in television,confidence in television,-4=Not asked | -3=Not applicable | -2=No answer/Refused | -1=Don´t know | 1=A lot of confidence | 2=Some confidence | 3=Little confidence | 4=No confidence at all,haven_labelled,4,0.027386628229293712,institutional_confidence
2001,p63sta,Confidence in television,confidence in television,-4=Not asked | -3=Not applicable | -2=No answer/Refused | -1=Don´t know | 1=A lot of confidence | 2=Some confidence | 3=Little confidence | 4=No confidence at all,haven_labelled,4,0.013620280160922883,institutional_confidence
2002,p36sta,Confidence in television,confidence in television,-4=Not asked | -3=Not applicable | -2=No answer/Refused | -1=Don´t know | 1=A lot of confidence | 2=Some confidence | 3=Little confidence | 4=No confidence at all,haven_labelled,4,0.019042178425211845,institutional_confidence
2003,p21stc,Confidence in television,confidence in television,-4=Not asked | -3=Not applicable | -2=No answer/Refused | -1=Don´t know | 1=A lot of confidence | 2=Some confidence | 3=Little confidence | 4=No confidence at all,haven_labelled,4,0.019448256281644823,institutional_confidence
2004,p32stf,Confidence in television,confidence in television,-4=Not asked | -3=Not applicable | -2=No answer/Refused | -1=Don´t know | 1=A lot of confidence | 2=Some confidence | 3=Little confidence | 4=No confidence at all,haven_labelled,4,0.024076755973931933,institutional_confidence
2005,p45stb,Confidence in television,confidence in television,-4=Not asked | -3=Not applicable | -2=No answer/Refused | -1=Don´t know | 1=A lot of confidence | 2=Some confidence | 3=Little confidence | 4=No confidence at all,haven_labelled,4,0.018593610918801306,institutional_confidence
2006,p35st.c,Confidence in television,confidence in television,-4=Not asked | -3=Not applicable | -2=No answer/Refused | -1=Don´t know | 1=A lot of confidence | 2=Some confidence | 3=Little confidence | 4=No confidence at all,haven_labelled,4,0.015677294345605074,institutional_confidence
2007,p24st.i,Confidence in television,confidence in television,-4=Not asked | -3=Not applicable | -2=No answer/Refused | -1=Don´t know | 1=A lot of confidence | 2=Some confidence | 3=Little confidence | 4=No confidence at all,haven_labelled,4,0.028553802767251255,institutional_confidence
2008,p31st.e,Confidence in television,confidence in television,-4=Not asked | -3=Not applicable | -2=No answer/Refused | -1=Don´t know | 1=A lot of confidence | 2=Some confidence | 3=Little confidence | 4=No confidence at all,haven_labelled,4,0.01936052921719956,institutional_confidence
2009,p24st.e,Confidence in television,confidence in television,-4=Not asked | -3=Not applicable | -2=No answer/Refused | -1=Don't know | 1=A lot of confidence | 2=Some confidence | 3=Little confidence | 4=No confidence at all,haven_labelled,4,0.016659321286910535,institutional_confidence
2010,P18ST.E,Confidence in television,confidence in television,-4=Not asked | -3=Not applicable | -2=No answer/Refused | -1=Don´t know | 1=A lot of confidence | 2=Some confidence | 3=Little confidence | 4=No confidence at all,haven_labelled,4,0.01776347688103319,institutional_confidence
1995,p27b,Confidence in the armed forces,confidence in the armed forces,-4=Not asked | -3=Not applicable | -2=No answer/Refused | -1=Don´t know | 1=A lot of confidence | 2=Some confidence | 3=Little confidence | 4=No confidence at all,haven_labelled,4,0.03241812768772742,institutional_confidence
1996,p33b,Confidence in the armed forces,confidence in the armed forces,-4=Not asked | -3=Not applicable | -2=No answer/Refused | -1=Don´t know | 1=A lot of confidence | 2=Some confidence | 3=Little confidence | 4=No confidence at all,haven_labelled,4,0.1334433962264151,institutional_confidence
1997,sp63b,Confidence in the armed forces,confidence in the armed forces,-4=Not asked | -3=Not applicable | -2=No answer/Refused | -1=Don´t know | 1=A lot of confidence | 2=Some confidence | 3=Little confidence | 4=No confidence at all,haven_labelled,4,0.13204564540828928,institutional_confidence
1998,sp38b,Confidence in the armed forces,confidence in the armed forces,-4=Not asked | -3=Not applicable | -2=No answer/Refused | -1=Don´t know | 1=A lot of confidence | 2=Some confidence | 3=Little confidence | 4=No confidence at all,haven_labelled,6,0,institutional_confidence
2000,P35ST.B,Confidence in the armed forces,confidence in the armed forces,-4=Not asked | -3=Not applicable | -2=No answer/Refused | -1=Don´t know | 1=A lot of confidence | 2=Some confidence | 3=Little confidence | 4=No confidence at all,haven_labelled,4,0.07772480319325868,institutional_confidence
2001,p61stb,Confidence in the armed forces,confidence in the armed forces,-4=Not asked | -3=Not applicable | -2=No answer/Refused | -1=Don´t know | 1=A lot of confidence | 2=Some confidence | 3=Little confidence | 4=No confidence at all,haven_labelled,4,0.03257234259124618,institutional_confidence
2002,p36stb,Confidence in the armed forces,confidence in the armed forces,-4=Not asked | -3=Not applicable | -2=No answer/Refused | -1=Don´t know | 1=A lot of confidence | 2=Some confidence | 3=Little confidence | 4=No confidence at all,haven_labelled,4,0.12163191469104065,institutional_confidence
2003,p21stg,Confidence in the armed forces,confidence in the armed forces,-4=Not asked | -3=Not applicable | -2=No answer/Refused | -1=Don´t know | 1=A lot of confidence | 2=Some confidence | 3=Little confidence | 4=No confidence at all,haven_labelled,4,0.12416599630909005,institutional_confidence
2004,p32stg,Confidence in the armed forces,confidence in the armed forces,-4=Not asked | -3=Not applicable | -2=No answer/Refused | -1=Don´t know | 1=A lot of confidence | 2=Some confidence | 3=Little confidence | 4=No confidence at all,haven_labelled,4,0.08191527878349023,institutional_confidence
2005,p42stb,Confidence in the armed forces,confidence in the armed forces,-4=Not asked | -3=Not applicable | -2=No answer/Refused | -1=Don´t know | 1=A lot of confidence | 2=Some confidence | 3=Little confidence | 4=No confidence at all,haven_labelled,4,0.07392938383938286,institutional_confidence
2006,p32st.e,Confidence in the armed forces,confidence in the armed forces,-4=Not asked | -3=Not applicable | -2=No answer/Refused | -1=Don´t know | 1=A lot of confidence | 2=Some confidence | 3=Little confidence | 4=No confidence at all,haven_labelled,4,0.07706535141800247,institutional_confidence
2007,p27st.d,Confidence in the armed forces,confidence in the armed forces,-4=Not asked | -3=Not applicable | -2=No answer/Refused | -1=Don´t know | 1=A lot of confidence | 2=Some confidence | 3=Little confidence | 4=No confidence at all,haven_labelled,4,0.11487617872565435,institutional_confidence
2008,p28st.d,Confidence in the armed forces,confidence in the armed forces,-4=Not asked | -3=Not applicable | -2=No answer/Refused | -1=Don´t know | 1=A lot of confidence | 2=Some confidence | 3=Little confidence | 4=No confidence at all,haven_labelled,4,0.12339581036383683,institutional_confidence
2009,p26st.d,Confidence in the armed forces,confidence in the armed forces,-4=Not asked | -3=Not applicable | -2=No answer/Refused | -1=Don't know | 1=A lot of confidence | 2=Some confidence | 3=Little confidence | 4=No confidence at all,haven_labelled,4,0.11806963420008815,institutional_confidence
2010,P20ST.D,Confidence in the armed forces,confidence in the armed forces,-4=Not asked | -3=Not applicable | -2=No answer/Refused | -1=Don´t know | 1=A lot of confidence | 2=Some confidence | 3=Little confidence | 4=No confidence at all,haven_labelled,4,0.12112663639970027,institutional_confidence
2020,P36N.B,P36N.B Confidence in the Armed Forces of China,confidence in the armed forces of china,1=A lot | 2=Some | 3=A little | 4=No trust in | -1=Don´t know | -2=No answer | -3=Not applicable | -4=Not asked | -5=Don´t know / No answer,haven_labelled,4,0.14061571965947336,institutional_confidence
2003,p48stiac,Confidence in the capacity of the European Union to deal with world problems in a responsible manner,confidence in the capacity of the european union to deal with world problems in a responsible manner,-4=Not asked | -3=Not applicable | -2=No answer/Refused | -1=Don´t know | 1=A lot of confidence | 2=Some confidence | 3=Little confidence | 4=No confidence at all,haven_labelled,4,0.23830028864808595,institutional_confidence
2003,p48stiab,Confidence in the capacity of the UN to deal with world problems in a responsible manner,confidence in the capacity of the un to deal with world problems in a responsible manner,-4=Not asked | -3=Not applicable | -2=No answer/Refused | -1=Don´t know | 1=A lot of confidence | 2=Some confidence | 3=Little confidence | 4=No confidence at all,haven_labelled,4,0.17091752235839683,institutional_confidence
2003,p51nc,Confidence in the capacity of the US to resolve conflicts in the world,confidence in the capacity of the us to resolve conflicts in the world,-4=Not asked | -3=Not applicable | -2=No answer/Refused | -1=Don´t know | 1=A lot of confidence | 2=Some confidence | 3=Little confidence | 4=No confidence at all,haven_labelled,4,0.1891827946813041,institutional_confidence
1995,p27m,Confidence in the government,confidence in the government,-4=Not asked | -3=Not applicable | -2=No answer/Refused | -1=Don´t know | 1=A lot of confidence | 2=Some confidence | 3=Little confidence | 4=No confidence at all,haven_labelled,4,0.02877935825339067,institutional_confidence
1996,p33m,Confidence in the government,confidence in the government,-4=Not asked | -3=Not applicable | -2=No answer/Refused | -1=Don´t know | 1=A lot of confidence | 2=Some confidence | 3=Little confidence | 4=No confidence at all,haven_labelled,4,0.049481132075471695,institutional_confidence
2002,p34std,Confidence in the government,confidence in the government,-4=Not asked | -3=Not applicable | -2=No answer/Refused | -1=Don´t know | 1=A lot of confidence | 2=Some confidence | 3=Little confidence | 4=No confidence at all,haven_labelled,4,0.02089879082167,institutional_confidence
2003,p23stg,Confidence in the government,confidence in the government,-4=Not asked | -3=Not applicable | -2=No answer/Refused | -1=Don´t know | 1=A lot of confidence | 2=Some confidence | 3=Little confidence | 4=No confidence at all,haven_labelled,4,0.027681824634457956,institutional_confidence
2004,p32std,Confidence in the government,confidence in the government,-4=Not asked | -3=Not applicable | -2=No answer/Refused | -1=Don´t know | 1=A lot of confidence | 2=Some confidence | 3=Little confidence | 4=No confidence at all,haven_labelled,4,0.01688088341781318,institutional_confidence
2005,p45stc,Confidence in the government,confidence in the government,-4=Not asked | -3=Not applicable | -2=No answer/Refused | -1=Don´t know | 1=A lot of confidence | 2=Some confidence | 3=Little confidence | 4=No confidence at all,haven_labelled,4,0.016665018296904362,institutional_confidence
2006,p32st.a,Confidence in the government,confidence in the government,-4=Not asked | -3=Not applicable | -2=No answer/Refused | -1=Don´t know | 1=A lot of confidence | 2=Some confidence | 3=Little confidence | 4=No confidence at all,haven_labelled,4,0.012770829663554695,institutional_confidence
2007,p24st.a,Confidence in the government,confidence in the government,-4=Not asked | -3=Not applicable | -2=No answer/Refused | -1=Don´t know | 1=A lot of confidence | 2=Some confidence | 3=Little confidence | 4=No confidence at all,haven_labelled,4,0.011721159777914868,institutional_confidence
2008,p31s.ta,Confidence in the government,confidence in the government,-4=Not asked | -3=Not applicable | -2=No answer/Refused | -1=Don´t know | 1=A lot of confidence | 2=Some confidence | 3=Little confidence | 4=No confidence at all,haven_labelled,4,0.01402425578831312,institutional_confidence
2009,p24st.a,Confidence in the government,confidence in the government,-4=Not asked | -3=Not applicable | -2=No answer/Refused | -1=Don't know | 1=A lot of confidence | 2=Some confidence | 3=Little confidence | 4=No confidence at all,haven_labelled,4,0.01115028646981049,institutional_confidence
2010,P18ST.A,Confidence in the government,confidence in the government,-4=Not asked | -3=Not applicable | -2=No answer/Refused | -1=Don´t know | 1=A lot of confidence | 2=Some confidence | 3=Little confidence | 4=No confidence at all,haven_labelled,4,0.01317935381496011,institutional_confidence
1995,p27d,Confidence in the judiciary,confidence in the judiciary,-4=Not asked | -3=Not applicable | -2=No answer/Refused | -1=Don´t know | 1=A lot of confidence | 2=Some confidence | 3=Little confidence | 4=No confidence at all,haven_labelled,4,0.04068805822031095,institutional_confidence
1996,p33d,Confidence in the judiciary,confidence in the judiciary,-4=Not asked | -3=Not applicable | -2=No answer/Refused | -1=Don´t know | 1=A lot of confidence | 2=Some confidence | 3=Little confidence | 4=No confidence at all,haven_labelled,4,0.055235849056603774,institutional_confidence
1997,sp63c,Confidence in the judiciary,confidence in the judiciary,-4=Not asked | -3=Not applicable | -2=No answer/Refused | -1=Don´t know | 1=A lot of confidence | 2=Some confidence | 3=Little confidence | 4=No confidence at all,haven_labelled,4,0.04075482882971892,institutional_confidence
1998,sp38c,Confidence in the judiciary,confidence in the judiciary,-4=Not asked | -3=Not applicable | -2=No answer/Refused | -1=Don´t know | 1=A lot of confidence | 2=Some confidence | 3=Little confidence | 4=No confidence at all,haven_labelled,6,0,institutional_confidence
2000,P35ST.C,Confidence in the judiciary,confidence in the judiciary,-4=Not asked | -3=Not applicable | -2=No answer/Refused | -1=Don´t know | 1=A lot of confidence | 2=Some confidence | 3=Little confidence | 4=No confidence at all,haven_labelled,4,0.0363676682559042,institutional_confidence
2001,p61stc,Confidence in the judiciary,confidence in the judiciary,-4=Not asked | -3=Not applicable | -2=No answer/Refused | -1=Don´t know | 1=A lot of confidence | 2=Some confidence | 3=Little confidence | 4=No confidence at all,haven_labelled,4,0.027434443313460326,institutional_confidence
2002,p34stc,Confidence in the judiciary,confidence in the judiciary,-4=Not asked | -3=Not applicable | -2=No answer/Refused | -1=Don´t know | 1=A lot of confidence | 2=Some confidence | 3=Little confidence | 4=No confidence at all,haven_labelled,4,0.0332762067980577,institutional_confidence
2003,p21ste,Confidence in the judiciary,confidence in the judiciary,-4=Not asked | -3=Not applicable | -2=No answer/Refused | -1=Don´t know | 1=A lot of confidence | 2=Some confidence | 3=Little confidence | 4=No confidence at all,haven_labelled,4,0.03170397009416552,institutional_confidence
2004,p34stb,Confidence in the judiciary,confidence in the judiciary,-4=Not asked | -3=Not applicable | -2=No answer/Refused | -1=Don´t know | 1=A lot of confidence | 2=Some confidence | 3=Little confidence | 4=No confidence at all,haven_labelled,4,0.1405231716147719,institutional_confidence
2005,p42std,Confidence in the judiciary,confidence in the judiciary,-4=Not asked | -3=Not applicable | -2=No answer/Refused | -1=Don´t know | 1=A lot of confidence | 2=Some confidence | 3=Little confidence | 4=No confidence at all,haven_labelled,4,0.03417070517258432,institutional_confidence
2006,p24st.a,Confidence in the judiciary,confidence in the judiciary,-4=Not asked | -3=Not applicable | -2=No answer/Refused | -1=Don´t know | 1=A lot of confidence | 2=Some confidence | 3=Little confidence | 4=No confidence at all,haven_labelled,4,0.032235335564558744,institutional_confidence
2007,p24st.d,Confidence in the judiciary,confidence in the judiciary,-4=Not asked | -3=Not applicable | -2=No answer/Refused | -1=Don´t know | 1=A lot of confidence | 2=Some confidence | 3=Little confidence | 4=No confidence at all,haven_labelled,4,0.03533973737551776,institutional_confidence
2008,p28st.b,Confidence in the judiciary,confidence in the judiciary,-4=Not asked | -3=Not applicable | -2=No answer/Refused | -1=Don´t know | 1=A lot of confidence | 2=Some confidence | 3=Little confidence | 4=No confidence at all,haven_labelled,4,0.04374862183020948,institutional_confidence
2009,p26st.b,Confidence in the judiciary,confidence in the judiciary,-4=Not asked | -3=Not applicable | -2=No answer/Refused | -1=Don't know | 1=A lot of confidence | 2=Some confidence | 3=Little confidence | 4=No confidence at all,haven_labelled,4,0.04041427941824592,institutional_confidence
2010,P20ST.B,Confidence in the judiciary,confidence in the judiciary,-4=Not asked | -3=Not applicable | -2=No answer/Refused | -1=Don´t know | 1=A lot of confidence | 2=Some confidence | 3=Little confidence | 4=No confidence at all,haven_labelled,4,0.042050513509939616,institutional_confidence
2010,P20ST.I,Confidence in the State,confidence in the state,-4=Not asked | -3=Not applicable | -2=No answer/Refused | -1=Don´t know | 1=A lot | 2=Some | 3=A little | 4=No confidence,haven_labelled,4,0.143430158240402,institutional_confidence
2020,P36N.A,P36N.A Confidence in the USA Armed Forces,confidence in the usa armed forces,1=A lot | 2=Some | 3=A little | 4=No trust in | -1=Don´t know | -2=No answer | -3=Not applicable | -4=Not asked | -5=Don´t know / No answer,haven_labelled,4,0.0997327261928331,institutional_confidence
1995,p27c,Confidence in trade unions,confidence in trade unions,-4=Not asked | -3=Not applicable | -2=No answer/Refused | -1=Don´t know | 1=A lot of confidence | 2=Some confidence | 3=Little confidence | 4=No confidence at all,haven_labelled,4,0.049068254493328925,institutional_confidence
1996,p33c,Confidence in trade unions,confidence in trade unions,-4=Not asked | -3=Not applicable | -2=No answer/Refused | -1=Don´t know | 1=A lot of confidence | 2=Some confidence | 3=Little confidence | 4=No confidence at all,haven_labelled,4,0.0634433962264151,institutional_confidence
2003,p23sta,Confidence in trade unions,confidence in trade unions,-4=Not asked | -3=Not applicable | -2=No answer/Refused | -1=Don´t know | 1=A lot of confidence | 2=Some confidence | 3=Little confidence | 4=No confidence at all,haven_labelled,4,0.05034779728386883,institutional_confidence
2004,p32ste,Confidence in trade unions,confidence in trade unions,-4=Not asked | -3=Not applicable | -2=No answer/Refused | -1=Don´t know | 1=A lot of confidence | 2=Some confidence | 3=Little confidence | 4=No confidence at all,haven_labelled,4,0.053448587979724835,institutional_confidence
2005,p42stc,Confidence in trade unions,confidence in trade unions,-4=Not asked | -3=Not applicable | -2=No answer/Refused | -1=Don´t know | 1=A lot of confidence | 2=Some confidence | 3=Little confidence | 4=No confidence at all,haven_labelled,4,0.054643457620413415,institutional_confidence
2008,p31st.g,Confidence in trade unions,confidence in trade unions,-4=Not asked | -3=Not applicable | -2=No answer/Refused | -1=Don´t know | 1=A lot of confidence | 2=Some confidence | 3=Little confidence | 4=No confidence at all,haven_labelled,4,0.07845644983461962,institutional_confidence
2009,p24st.g,Confidence in trade unions,confidence in trade unions,-4=Not asked | -3=Not applicable | -2=No answer/Refused | -1=Don't know | 1=A lot | 2=Some | 3=Little | 4=None,haven_labelled,4,0.07902159541648303,institutional_confidence
2010,P18ST.G,Confidence in trade unions,confidence in trade unions,-4=Not asked | -3=Not applicable | -2=No answer/Refused | -1=Don´t know | 1=A lot | 2=Some | 3=Little | 4=None,haven_labelled,4,0.08066293472032442,institutional_confidence
1995,p54d,Confidence in Uruguayans,confidence in uruguayans,-4=Not asked | -3=Not applicable | -2=No answer/Refused | -1=Don´t know | 1=A lot of confidence | 2=Some confidence | 3=Little confidence | 4=No confidence at all,haven_labelled,4,0.22946300584408424,institutional_confidence
1996,p601d,Confidence in Uruguayans,confidence in uruguayans,-4=Not asked | -3=Not applicable | -2=No answer/Refused | -1=Don´t know | 1=A lot of confidence | 2=Some confidence | 3=Little confidence | 4=No confidence at all,haven_labelled,4,0.5154245283018868,institutional_confidence
1997,sp66d,Confidence in Uruguayans,confidence in uruguayans,-4=Not asked | -3=Not applicable | -2=No answer/Refused | -1=Don´t know | 1=A lot of confidence | 2=Some confidence | 3=Little confidence | 4=No confidence at all,haven_labelled,4,0.489057945956627,institutional_confidence
2003,p51na,Confidence in USA as a world power,confidence in usa as a world power,-4=Not asked | -3=Not applicable | -2=No answer/Refused | -1=Don´t know | 1=Much | 2=Some | 3=Little | 4=No confidence,haven_labelled,4,0.17815738418587043,institutional_confidence
2003,p48stiaa,Confidence in USA´s ability to solve conflicts in the world,confidence in usaa s ability to solve conflicts in the world,-4=Not asked | -3=Not applicable | -2=No answer/Refused | -1=Don´t know | 1=A lot of confidence | 2=Some confidence | 3=Little confidence | 4=No confidence at all,haven_labelled,4,0.08020631240240382,institutional_confidence
1995,p54g,Confidence in Venezuelans,confidence in venezuelans,-4=Not asked | -3=Not applicable | -2=No answer/Refused | -1=Don´t know | 1=A lot of confidence | 2=Some confidence | 3=Little confidence | 4=No confidence at all,haven_labelled,4,0.2892270371595545,institutional_confidence
1996,p601f,Confidence in Venezuelans,confidence in venezuelans,-4=Not asked | -3=Not applicable | -2=No answer/Refused | -1=Don´t know | 1=A lot of confidence | 2=Some confidence | 3=Little confidence | 4=No confidence at all,haven_labelled,4,0.5402830188679245,institutional_confidence
1997,sp66f,Confidence in Venezuelans,confidence in venezuelans,-4=Not asked | -3=Not applicable | -2=No answer/Refused | -1=Don´t know | 1=A lot of confidence | 2=Some confidence | 3=Little confidence | 4=No confidence at all,haven_labelled,4,0.5705676036160648,institutional_confidence
2000,P42N.B,"Country can not solve crime problems, it needs help from international police organizations",country can not solve crime problems it needs help from international police organizations,-4=Not asked | -3=Not applicable | -2=No answer/Refused | -1=Don´t know | 1=Strongly agree | 2=Agree | 3=Disagree | 4=Strongly disagree,haven_labelled,4,0.03420556602727575,institutional_confidence
2010,P51NCC,Egalitarian treat by police when accused for minor offences,egalitarian treat by police when accused for minor offences,-4=Not asked | -3=Not applicable | -2=No answer/Refused | -1=Don´t know | 1=Yes | 2=Depends | 3=No | 4=Other,haven_labelled,4,0.14814651562568873,institutional_confidence
2006,p34n.c,Evaluation: Judiciary,evaluation judiciary,-4=Not asked | -3=Not applicable | -2=No answer/Refused | -1=Don´t know | 1=Very good | 2=Good | 3=Bad | 4=Very bad,haven_labelled,4,0.20191122071516646,institutional_confidence
2007,p30st.c,Evaluation: Judiciary,evaluation judiciary,-4=Not asked | -3=Not applicable | -2=No answer/Refused | -1=Don´t know | 1=Very good | 2=Good | 3=Bad | 4=Very bad,haven_labelled,4,0.20362210275843837,institutional_confidence
2008,p62st.c,Evaluation: Judiciary,evaluation judiciary,-4=Not asked | -3=Not applicable | -2=No answer/Refused | -1=Don´t know | 1=Very good | 2=Good | 3=Bad | 4=Very bad,haven_labelled,4,0.20326350606394708,institutional_confidence
2002,P13U_7,Evaluation of the attention received in public institutions: Don´t know / No answer,evaluation of the attention received in public institutions dona t know no answer,-4=Not asked | -3=Not applicable | -2=No answer/Refused | -1=Don´t know | 0=Not mentioned | 1=Mentioned,haven_labelled,2,0.11825192802056556,institutional_confidence
2002,P13U_5,Evaluation of the attention received in public institutions: Felt discriminated against or humiliated,evaluation of the attention received in public institutions felt discriminated against or humiliated,-4=Not asked | -3=Not applicable | -2=No answer/Refused | -1=Don´t know | 0=Not mentioned | 1=Mentioned,haven_labelled,2,0.11825192802056556,institutional_confidence
2002,P13U_2,Evaluation of the attention received in public institutions: Had to complete unnecessary procedures,evaluation of the attention received in public institutions had to complete unnecessary procedures,-4=Not asked | -3=Not applicable | -2=No answer/Refused | -1=Don´t know | 0=Not mentioned | 1=Mentioned,haven_labelled,2,0.11825192802056556,institutional_confidence
2002,P13U_1,Evaluation of the attention received in public institutions: Had to wait in a long line to be helped,evaluation of the attention received in public institutions had to wait in a long line to be helped,-4=Not asked | -3=Not applicable | -2=No answer/Refused | -1=Don´t know | 0=Not mentioned | 1=Mentioned,haven_labelled,2,0.11825192802056556,institutional_confidence
2002,P13U_6,Evaluation of the attention received in public institutions: Not applicable,evaluation of the attention received in public institutions not applicable,-4=Not asked | -3=Not applicable | -2=No answer/Refused | -1=Don´t know | 0=Not mentioned | 1=Mentioned,haven_labelled,2,0.11825192802056556,institutional_confidence
2002,P13U_4,Evaluation of the attention received in public institutions: Was asked directly or indirectly for a tip,evaluation of the attention received in public institutions was asked directly or indirectly for a tip,-4=Not asked | -3=Not applicable | -2=No answer/Refused | -1=Don´t know | 0=Not mentioned | 1=Mentioned,haven_labelled,2,0.11825192802056556,institutional_confidence
2002,P13U_3,Evaluation of the attention received in public institutions: Was denied information or charged a lot to obtain it,evaluation of the attention received in public institutions was denied information or charged a lot to obtain it,-4=Not asked | -3=Not applicable | -2=No answer/Refused | -1=Don´t know | 0=Not mentioned | 1=Mentioned,haven_labelled,2,0.11825192802056556,institutional_confidence
2002,p11u,Evaluation of the functioning of public institutions,evaluation of the functioning of public institutions,-4=Not asked | -3=Not applicable | -2=No answer/Refused | -1=Don´t know | 1=Very good | 2=Good | 3=Fair | 4=Bad | 5=Very bad,haven_labelled,5,0.040845472722079404,institutional_confidence
2005,p30st,Evaluation of the functioning of public institutions,evaluation of the functioning of public institutions,-4=Not asked | -3=Not applicable | -2=No answer/Refused | -1=Don´t know | 1=Very good | 2=Good | 3=About average | 4=Bad | 5=Very bad,haven_labelled,5,0.03303333003659381,institutional_confidence
2008,p55st,Evaluation of the functioning of public institutions,evaluation of the functioning of public institutions,-4=Not asked | -3=Not applicable | -2=No answer/Refused | -1=Don´t know | 1=Very good | 2=Good | 3=Fair | 4=Bad | 5=Very bad,haven_labelled,5,0.13054024255788313,institutional_confidence
2006,p34n.a,Evaluation: Parliament /congress,evaluation parliament congress,-4=Not asked | -3=Not applicable | -2=No answer/Refused | -1=Don´t know | 1=Very good | 2=Good | 3=Bad | 4=Very bad,haven_labelled,4,0.21657565615642063,institutional_confidence
2007,p30st.a,Evaluation: Parliament /congress,evaluation parliament congress,-4=Not asked | -3=Not applicable | -2=No answer/Refused | -1=Don´t know | 1=Very good | 2=Good | 3=Bad | 4=Very bad,haven_labelled,4,0.21851590728827003,institutional_confidence
2008,p62st.a,Evaluation: Parliament /congress,evaluation parliament congress,-4=Not asked | -3=Not applicable | -2=No answer/Refused | -1=Don´t know | 1=Very good | 2=Good | 3=Bad | 4=Very bad,haven_labelled,4,0.20427783902976845,institutional_confidence
2006,p34n.b,Evaluation: Political parties,evaluation political parties,-4=Not asked | -3=Not applicable | -2=No answer/Refused | -1=Don´t know | 1=Very good | 2=Good | 3=Bad | 4=Very bad,haven_labelled,4,0.19098995948564382,institutional_confidence
2007,p30st.b,Evaluation: Political parties,evaluation political parties,-4=Not asked | -3=Not applicable | -2=No answer/Refused | -1=Don´t know | 1=Very good | 2=Good | 3=Bad | 4=Very bad,haven_labelled,4,0.19000616903146206,institutional_confidence
2008,p62st.b,Evaluation: Political parties,evaluation political parties,-4=Not asked | -3=Not applicable | -2=No answer/Refused | -1=Don´t know | 1=Very good | 2=Good | 3=Bad | 4=Very bad,haven_labelled,4,0.18094818081587652,institutional_confidence
2003,p37nc,Evolution of moral standards within members of parliament,evolution of moral standards within members of parliament,-4=Not asked | -3=Not applicable | -2=No answer/Refused | -1=Don´t know | 1=Improved much | 2=Somewhat improved | 3=Have gotten somewhat worse | 4=Have gotten a much worse,haven_labelled,4,0.2541522736951687,institutional_confidence
2015,P33N.B,P33N.B Feels politically represented in the parlament/congress,feels politically represented in the parlament congress,-4=Not asked | -3=Not applicable | -2=No answer | -1=Don't know | 1=Yes | 2=No,haven_labelled,2,0.06567901234567901,institutional_confidence
2008,p93n.i,Funding of political parties should be mainly in State/Private hands,funding of political parties should be mainly in state private hands,-4=Not asked | -3=Not applicable | -2=No answer/Refused | -1=Don´t know | 1=State | 2=Private,haven_labelled,2,0.11545755237045204,institutional_confidence
2013,P28TGB.A,P28TGB.A Confidence: Armed forces,gb a confidence armed forces,-4=Not asked | -3=Not applicable | -2=No answer | -1=Don't know | 1=Lot | 2=Some | 3=Little | 4=Nothing,haven_labelled,4,0.10920884260689229,institutional_confidence
2015,P16TGB.A,P16TGB.A Confidence in groups-institutions-people: Armed forces,gb a confidence in groups institutions people armed forces,-4=Not asked | -3=Not applicable | -2=No answer | -1=Don't know | 1=Lot | 2=Some | 3=Little | 4=Nothing,haven_labelled,4,0.1205925925925926,institutional_confidence
2015,P16TGB.B,P16TGB.B Confidence in groups-institutions-people: Police,gb b confidence in groups institutions people police,-4=Not asked | -3=Not applicable | -2=No answer | -1=Don't know | 1=Lot | 2=Some | 3=Little | 4=Nothing,haven_labelled,4,0.010469135802469135,institutional_confidence
2013,P28TGB.B,P28TGB.B Confidence: Police,gb b confidence police,-4=Not asked | -3=Not applicable | -2=No answer | -1=Don't know | 1=Lot | 2=Some | 3=Little | 4=Nothing,haven_labelled,4,0.009045580902793098,institutional_confidence
2015,P16TGB.C,P16TGB.C Confidence in groups-institutions-people: Newspapers,gb c confidence in groups institutions people newspapers,-4=Not asked | -3=Not applicable | -2=No answer | -1=Don't know | 1=Lot | 2=Some | 3=Little | 4=Nothing,haven_labelled,4,0.028493827160493826,institutional_confidence
2013,P26TGB.C,P26TGB.C Trust: National Congress/Parliament,gb c trust national congress parliament,-4=Not asked | -3=Not applicable | -2=No answer | -1=Don't know | 1=Lot | 2=Some | 3=A little | 4=No trust,haven_labelled,4,0.1358160878965715,institutional_confidence
2015,P16TGB.D,P16TGB.D Confidence in groups-institutions-people: Television,gb d confidence in groups institutions people television,-4=Not asked | -3=Not applicable | -2=No answer | -1=Don't know | 1=Lot | 2=Some | 3=Little | 4=Nothing,haven_labelled,4,0.016592592592592593,institutional_confidence
2013,P36TGB.D,P36TGB.D In the past three 3 years: Contact officials of political parties or other political organizations,gb d in the past three 3 years contact officials of political parties or other political organizations,-4=Not asked | -3=Not applicable | -2=No answer | -1=Don't know | 1=Never | 2=Sometimes | 3=Often,haven_labelled,3,0.009575078321493184,institutional_confidence
2013,P43TGB.D,P43TGB.D Level of agreement: The armed forces should rule,gb d level of agreement the armed forces should rule,-4=Not asked | -3=Not applicable | -2=No answer | -1=Don't know | 1=Strongly agree | 2=Agree | 3=Disagree | 4=Strongly disagree,haven_labelled,4,0.2435246878171469,institutional_confidence
2013,P26TGB.E,P26TGB.E Trust: Judiciary,gb e trust judiciary,-4=Not asked | -3=Not applicable | -2=No answer | -1=Don't know | 1=Lot | 2=Some | 3=A little | 4=No trust,haven_labelled,4,0.14097868772889732,institutional_confidence
2020,P42N,P42N Give resources to the police for them to fight against crime or to give them to the general public so that each one can fight crime in their own way,give resources to the police for them to fight against crime or to give them to the general public so that each one can fight crime in their own way,1=Resources to the police are better than resources to the people | 2=It is the same to me | 3=Resources to the people are better than resources to the police | -1=Don´t know | -2=No answer | -3=Not applicable | -4=Not asked | -5=Don´t know / No answer,haven_labelled,3,0.0524648584438725,institutional_confidence
2020,P45N,P45N How probable you will complaint to the police if you are victim of a minor crime,how probable you will complaint to the police if you are victim of a minor crime,1=Very probable | 2=Somewhat probable | 3=Little probable | 4=Not at all probable | -1=Don´t know | -2=No answer | -3=Not applicable | -4=Not asked | -5=Don´t know / No answer,haven_labelled,4,0.01534349633735894,institutional_confidence
2002,p28ud,In case of difficulties: The president puts the Congress and parties to the side,in case of difficulties the president puts the congress and parties to the side,-4=Not asked | -3=Not applicable | -2=No answer/Refused | -1=Don´t know | 1=Strongly agree | 2=Agree | 3=Disagree | 4=Strongly disagree,haven_labelled,4,0.2049890507474055,institutional_confidence
2008,p17st.d,In case of difficulties: The president puts the Congress and parties to the side,in case of difficulties the president puts the congress and parties to the side,-4=Not asked | -3=Not applicable | -2=No answer/Refused | -1=Don´t know | 1=Strongly agree | 2=Agree | 3=Disagree | 4=Strongly disagree,haven_labelled,4,0.19263506063947078,institutional_confidence
1997,nsp42c,Indispensable institutions for the country: Courts,indispensable institutions for the country courts,-4=Not asked | -3=Not applicable | -2=No answer/Refused | -1=Don´t know | 0=Not mentioned | 1=Mentioned,haven_labelled,2,0,institutional_confidence
2003,p55stc,Indispensable institutions for the country: Courts,indispensable institutions for the country courts,-4=Not asked | -3=Not applicable | -2=No answer/Refused | -1=Don´t know | 0=Not mentioned | 1=Mentioned,haven_labelled,2,0,institutional_confidence
1997,nsp42e,Indispensable institutions for the country: Mayors,indispensable institutions for the country mayors,-4=Not asked | -3=Not applicable | -2=No answer/Refused | -1=Don´t know | 0=Not mentioned | 1=Mentioned,haven_labelled,2,0,institutional_confidence
2003,p55ste,Indispensable institutions for the country: Mayors,indispensable institutions for the country mayors,-4=Not asked | -3=Not applicable | -2=No answer/Refused | -1=Don´t know | 0=Not mentioned | 1=Mentioned,haven_labelled,2,0,institutional_confidence
1997,nsp42b,Indispensable institutions for the country: Members of Parliament,indispensable institutions for the country members of parliament,-4=Not asked | -3=Not applicable | -2=No answer/Refused | -1=Don´t know | 0=Not mentioned | 1=Mentioned,haven_labelled,2,0,institutional_confidence
2003,p55stb,Indispensable institutions for the country: Members of Parliament,indispensable institutions for the country members of parliament,-4=Not asked | -3=Not applicable | -2=No answer/Refused | -1=Don´t know | 0=Not mentioned | 1=Mentioned,haven_labelled,2,0,institutional_confidence
1997,nsp42g,Indispensable institutions for the country: Ministers,indispensable institutions for the country ministers,-4=Not asked | -3=Not applicable | -2=No answer/Refused | -1=Don´t know | 0=Not mentioned | 1=Mentioned,haven_labelled,2,0,institutional_confidence
1997,nsp42i,Indispensable institutions for the country: None,indispensable institutions for the country none,-4=Not asked | -3=Not applicable | -2=No answer/Refused | -1=Don´t know | 0=Not mentioned | 1=Mentioned,haven_labelled,2,0,institutional_confidence
2003,p55stg,Indispensable institutions for the country: None,indispensable institutions for the country none,-4=Not asked | -3=Not applicable | -2=No answer/Refused | -1=Don´t know | 0=Not mentioned | 1=Mentioned,haven_labelled,2,0,institutional_confidence
1997,nsp42h,Indispensable institutions for the country: Others,indispensable institutions for the country others,-4=Not asked | -3=Not applicable | -2=No answer/Refused | -1=Don´t know | 0=Not mentioned | 1=Mentioned,haven_labelled,2,0,institutional_confidence
1997,nsp42d,Indispensable institutions for the country: Police,indispensable institutions for the country police,-4=Not asked | -3=Not applicable | -2=No answer/Refused | -1=Don´t know | 0=Not mentioned | 1=Mentioned,haven_labelled,2,0,institutional_confidence
2003,p55std,Indispensable institutions for the country: Police,indispensable institutions for the country police,-4=Not asked | -3=Not applicable | -2=No answer/Refused | -1=Don´t know | 0=Not mentioned | 1=Mentioned,haven_labelled,2,0,institutional_confidence
1997,nsp42a,Indispensable institutions for the country: Political parties,indispensable institutions for the country political parties,-4=Not asked | -3=Not applicable | -2=No answer/Refused | -1=Don´t know | 0=Not mentioned | 1=Mentioned,haven_labelled,2,0,institutional_confidence
2003,p55sta,Indispensable institutions for the country: Political parties,indispensable institutions for the country political parties,-4=Not asked | -3=Not applicable | -2=No answer/Refused | -1=Don´t know | 0=Not mentioned | 1=Mentioned,haven_labelled,2,0,institutional_confidence
1997,nsp42f,Indispensable institutions for the country: President,indispensable institutions for the country president,-4=Not asked | -3=Not applicable | -2=No answer/Refused | -1=Don´t know | 0=Not mentioned | 1=Mentioned,haven_labelled,2,0,institutional_confidence
2003,p55stf,Indispensable institutions for the country: President,indispensable institutions for the country president,-4=Not asked | -3=Not applicable | -2=No answer/Refused | -1=Don´t know | 0=Not mentioned | 1=Mentioned,haven_labelled,2,0,institutional_confidence
2001,p49nasb,It is ok for the government to disregard the law parliament and / or the institutions in order to deal with a difficult,it is ok for the government to disregard the law parliament and or the institutions in order to deal with a difficult,-4=Not asked | -3=Not applicable | -2=No answer/Refused | -1=Don´t know | 1=Strongly agree | 2=Agree | 3=Disagree | 4=Strongly disagree,haven_labelled,4,0.061073142358586595,institutional_confidence
2002,p38sta,It is ok for the government to disregard the law parliament and / or the institutions in order to deal with a difficult,it is ok for the government to disregard the law parliament and or the institutions in order to deal with a difficult,-4=Not asked | -3=Not applicable | -2=No answer/Refused | -1=Don´t know | 1=Strongly agree | 2=Agree | 3=Disagree | 4=Strongly disagree,haven_labelled,4,0.1713796058269066,institutional_confidence
2009,p20st.d,It is ok for the government to disregard the law parliament and / or the institutions in order to deal with a difficult,it is ok for the government to disregard the law parliament and or the institutions in order to deal with a difficult,-4=Not asked | -3=Not applicable | -2=No answer/Refused | -1=Don´t know | 1=Strongly agree | 2=Agree | 3=Disagree | 4=Strongly disagree,haven_labelled,4,0.16892904363155575,institutional_confidence
2010,P14ST.B,It is ok for the government to disregard the law parliament and / or the institutions in order to deal with a difficult,it is ok for the government to disregard the law parliament and or the institutions in order to deal with a difficult,-4=Not asked | -3=Not applicable | -2=No answer/Refused | -1=Don´t know | 1=Strongly agree | 2=Agree | 3=Disagree | 4=Strongly disagree,haven_labelled,4,0.15766738660907129,institutional_confidence
2015,P63NJ.G,P63NJ.G Frequency in your neighborhood: Police arrests or  scolds violently to someone,j g frequency in your neighborhood police arrests or scolds violently to someone,-4=Not asked | -3=Not applicable | -2=No answer | -1=Don't know | 1=Almost every day | 2=Once or twice a week | 3=A few times per month | 4=A few times per year | 5=Never,haven_labelled,5,0.05758024691358025,institutional_confidence
2009,p56st.ha,Knowledge of international institutions: ALBA Alternativa Bolivariana para América Latina y el Caribe,knowledge of international institutions alba alternativa bolivariana para amacrica latina y el caribe,-4=Not asked | -3=Not applicable | -2=No answer/Refused | -1=Don´t know | 0=Not mentioned | 1=Mentioned,haven_labelled,2,0,institutional_confidence
2001,p67nad,Knowledge of international institutions: Andean Pact,knowledge of international institutions andean pact,-4=Not asked | -3=Not applicable | -2=No answer/Refused | -1=Don´t know | 0=Not mentioned | 1=Mentioned,haven_labelled,2,0.12098298676748583,institutional_confidence
2010,P46N.FA,"Knowledge of international institutions: CAF, Corporación Andina de Fomento",knowledge of international institutions caf corporacia3n andina de fomento,-4=Not asked | -3=Not applicable | -2=No answer/Refused | -1=Don´t know | 0=Not mentioned | 1=Mentioned,haven_labelled,2,0,institutional_confidence
2001,p67nac,Knowledge of international institutions: Common Market of Central America,knowledge of international institutions common market of central america,-4=Not asked | -3=Not applicable | -2=No answer/Refused | -1=Don´t know | 0=Not mentioned | 1=Mentioned,haven_labelled,2,0.12098298676748583,institutional_confidence
2009,p56st.ga,"Knowledge of international institutions: Comunidad Andina de Naciones, Can",knowledge of international institutions comunidad andina de naciones can,-4=Not asked | -3=Not applicable | -2=No answer/Refused | -1=Don´t know | 0=Not mentioned | 1=Mentioned,haven_labelled,2,0,institutional_confidence
2011,P50ST.FA,Knowledge of international institutions: Corporación Andina de Fomento (CAF),knowledge of international institutions corporacia3n andina de fomento caf,-4=Not asked | -3=Not applicable | -2=No answer | -1=Don't know | 0=Not known | 1=Known,haven_labelled,2,0,institutional_confidence
2001,p67nab,Knowledge of international institutions: FTAA,knowledge of international institutions ftaa,-4=Not asked | -3=Not applicable | -2=No answer/Refused | -1=Don´t know | 0=Not mentioned | 1=Mentioned,haven_labelled,2,0.12098298676748583,institutional_confidence
2001,p67nag,Knowledge of international institutions: IADB Interamerican Development Bank,knowledge of international institutions iadb interamerican development bank,-4=Not asked | -3=Not applicable | -2=No answer/Refused | -1=Don´t know | 0=Not mentioned | 1=Mentioned,haven_labelled,2,0.12098298676748583,institutional_confidence
2010,P46ST.EA,Knowledge of international institutions: IADB Interamerican Development Bank,knowledge of international institutions iadb interamerican development bank,-4=Not asked | -3=Not applicable | -2=No answer/Refused | -1=Don´t know | 0=Not mentioned | 1=Mentioned,haven_labelled,2,0,institutional_confidence
2001,p67nae,Knowledge of international institutions: IMF International Monetary Fund,knowledge of international institutions imf international monetary fund,-4=Not asked | -3=Not applicable | -2=No answer/Refused | -1=Don´t know | 0=Not mentioned | 1=Mentioned,haven_labelled,2,0.12098298676748583,institutional_confidence
2009,p56st.aa,Knowledge of international institutions: IMF International Monetary Fund,knowledge of international institutions imf international monetary fund,-4=Not asked | -3=Not applicable | -2=No answer/Refused | -1=Don´t know | 0=Not mentioned | 1=Mentioned,haven_labelled,2,0,institutional_confidence
2010,P46ST.AA,Knowledge of international institutions: IMF International Monetary Fund,knowledge of international institutions imf international monetary fund,-4=Not asked | -3=Not applicable | -2=No answer/Refused | -1=Don´t know | 0=Not mentioned | 1=Mentioned,haven_labelled,2,0,institutional_confidence
2011,P50ST.EA,Knowledge of international institutions: Inter-American Development Bank (IDB),knowledge of international institutions inter american development bank idb,-4=Not asked | -3=Not applicable | -2=No answer | -1=Don't know | 0=Not known | 1=Known,haven_labelled,2,0,institutional_confidence
2001,p67naa,Knowledge of international institutions: MERCOSUR,knowledge of international institutions mercosur,-4=Not asked | -3=Not applicable | -2=No answer/Refused | -1=Don´t know | 0=Not mentioned | 1=Mentioned,haven_labelled,2,0.12098298676748583,institutional_confidence
2009,p56st.ea,Knowledge of international institutions: MERCOSUR,knowledge of international institutions mercosur,-4=Not asked | -3=Not applicable | -2=No answer/Refused | -1=Don´t know | 0=Not mentioned | 1=Mentioned,haven_labelled,2,0,institutional_confidence
2001,p67nai,Knowledge of international institutions: OAS,knowledge of international institutions oas,-4=Not asked | -3=Not applicable | -2=No answer/Refused | -1=Don´t know | 0=Not mentioned | 1=Mentioned,haven_labelled,2,0.12098298676748583,institutional_confidence
2009,p56st.da,Knowledge of international institutions: OAS,knowledge of international institutions oas,-4=Not asked | -3=Not applicable | -2=No answer/Refused | -1=Don´t know | 0=Not mentioned | 1=Mentioned,haven_labelled,2,0,institutional_confidence
2010,P46ST.DA,Knowledge of international institutions: OAS,knowledge of international institutions oas,-4=Not asked | -3=Not applicable | -2=No answer/Refused | -1=Don´t know | 0=Not mentioned | 1=Mentioned,haven_labelled,2,0,institutional_confidence
2011,P50ST.CA,Knowledge of international institutions: ONU,knowledge of international institutions onu,-4=Not asked | -3=Not applicable | -2=No answer | -1=Don't know | 0=Not known | 1=Known,haven_labelled,2,0,institutional_confidence
2011,P50ST.DA,Knowledge of international institutions: Organization of American States (OAS),knowledge of international institutions organization of american states oas,-4=Not asked | -3=Not applicable | -2=No answer | -1=Don't know | 0=Not known | 1=Known,haven_labelled,2,0,institutional_confidence
2009,p56st.ia,"Knowledge of international institutions: SICA, Sistema de Integración Centroamericana",knowledge of international institutions sica sistema de integracia3n centroamericana,-4=Not asked | -3=Not applicable | -2=No answer/Refused | -1=Don´t know | 0=Not mentioned | 1=Mentioned,haven_labelled,2,0,institutional_confidence
2001,p67nah,Knowledge of international institutions: UN United Nations,knowledge of international institutions un united nations,-4=Not asked | -3=Not applicable | -2=No answer/Refused | -1=Don´t know | 0=Not mentioned | 1=Mentioned,haven_labelled,2,0.12098298676748583,institutional_confidence
2009,p56st.ca,Knowledge of international institutions: UN United Nations,knowledge of international institutions un united nations,-4=Not asked | -3=Not applicable | -2=No answer/Refused | -1=Don´t know | 0=Not mentioned | 1=Mentioned,haven_labelled,2,0,institutional_confidence
2010,P46ST.CA,Knowledge of international institutions: UN United Nations,knowledge of international institutions un united nations,-4=Not asked | -3=Not applicable | -2=No answer/Refused | -1=Don´t know | 0=Not mentioned | 1=Mentioned,haven_labelled,2,0,institutional_confidence
2009,p56st.fa,Knowledge of international institutions: UNASUR,knowledge of international institutions unasur,-4=Not asked | -3=Not applicable | -2=No answer/Refused | -1=Don´t know | 0=Not mentioned | 1=Mentioned,haven_labelled,2,0,institutional_confidence
2010,P46ST.GA,Knowledge of international institutions: UNASUR,knowledge of international institutions unasur,-4=Not asked | -3=Not applicable | -2=No answer/Refused | -1=Don´t know | 0=Not mentioned | 1=Mentioned,haven_labelled,2,0,institutional_confidence
2001,p67naf,Knowledge of international institutions: WB World Bank,knowledge of international institutions wb world bank,-4=Not asked | -3=Not applicable | -2=No answer/Refused | -1=Don´t know | 0=Not mentioned | 1=Mentioned,haven_labelled,2,0.12098298676748583,institutional_confidence
2009,p56st.ba,Knowledge of international institutions: WB World Bank,knowledge of international institutions wb world bank,-4=Not asked | -3=Not applicable | -2=No answer/Refused | -1=Don´t know | 0=Not mentioned | 1=Mentioned,haven_labelled,2,0,institutional_confidence
2010,P46ST.BA,Knowledge of international institutions: WB World Bank,knowledge of international institutions wb world bank,-4=Not asked | -3=Not applicable | -2=No answer/Refused | -1=Don´t know | 0=Not mentioned | 1=Mentioned,haven_labelled,2,0,institutional_confidence
1997,nsp68a,Marriage is an out of date institution,marriage is an out of date institution,-4=Not asked | -3=Not applicable | -2=No answer/Refused | -1=Don´t know | 1=Strongly agree | 2=Agree | 3=Disagree | 4=Strongly disagree,haven_labelled,4,0.021044311613891222,institutional_confidence
1997,bup27b,Military should cooperate with other armed forces against drug trafficking,military should cooperate with other armed forces against drug trafficking,-4=Not asked | -3=Not applicable | -2=No answer/Refused | -1=Don´t know | 1=Strongly agree | 2=Somewhat agree | 3=Somewhat disagree | 4=Strongly disagree,haven_labelled,4,0.16568690411500273,institutional_confidence
2002,p26u,Most important issue for improving the functioning of public institutions,most important issue for improving the functioning of public institutions,-4=Not asked | -3=Not applicable | -2=No answer/Refused | -1=Don´t know | 1=Diminish expenditures | 2=Modernize services | 3=Attack corruption | 4=Create new opportunities to participate in decision making | 5=Privatization | 6=Simplify bureaucratic procedures | 7=Better control and accountability | 8=Increasing the number of employees | 9=Public institutions cannot be fixed | 10=Other,haven_labelled,10,0.16904693896981815,institutional_confidence
2015,P10N_C,P10N_C Most important things for the development of your country: Institutions,most important things for the development of your country institutions,-4=Not asked | -3=Not applicable | 0=Not mentioned | 1=Mentioned,haven_labelled,2,0,institutional_confidence
2015,P38N,P38N Multilateral Institution which contributes most to the development of the (country),multilateral institution which contributes most to the development of the country,-4=Not asked | -3=Not applicable | -2=No answer | -1=Don't know | 1=MERCOSUR | 2=Inter-American Development Bank (IDB) | 3=CAF (Corporación andina de fomento) | 4=Organization of American States (OAS) | 5=UNDP (United Nations Development Program) | 6=UNASUR | 7=ONU | 8=CELAC | 9=Pacific Alliance | 10=World Bank | 96=Others | 97=None,haven_labelled,12,0.3432098765432099,institutional_confidence
2001,p58n,Number of institutions in which you participate,number of institutions in which you participate,-4=Not asked | -3=Not applicable | -2=No answer/Refused | -1=Don´t know | 1=None | 2=1-3 | 3=4-5 | 4=More than 5,haven_labelled,4,0.12868983568416462,institutional_confidence
2011,P22ST.A,"Please look at this card and tell me how much confidence you have in each of the following groups, institutions or perso",please look at this card and tell me how much confidence you have in each of the following groups institutions or perso,-2=No answer | -1=Don´t know | 1=A lot of confidence | 2=Some confidence | 3=Little confidence | 4=No confidence at all,haven_labelled,4,0.03529004157592556,institutional_confidence
2011,P22ST.B,"Please look at this card and tell me how much confidence you have in each of the following groups, institutions or perso",please look at this card and tell me how much confidence you have in each of the following groups institutions or perso,-2=No answer | -1=Don´t know | 1=A lot of confidence | 2=Some confidence | 3=Little confidence | 4=No confidence at all,haven_labelled,4,0.032666798653731934,institutional_confidence
2011,P22ST.C,"Please look at this card and tell me how much confidence you have in each of the following groups, institutions or perso",please look at this card and tell me how much confidence you have in each of the following groups institutions or perso,-2=No answer | -1=Don´t know | 1=A lot of confidence | 2=Some confidence | 3=Little confidence | 4=No confidence at all,haven_labelled,4,0.027420312809344684,institutional_confidence
2011,P22ST.D,"Please look at this card and tell me how much confidence you have in each of the following groups, institutions or perso",please look at this card and tell me how much confidence you have in each of the following groups institutions or perso,-4=Not asked | -3=Not applicable | -2=No answer | -1=Don't know | 1=A lot of confidence | 2=Some confidence | 3=Little confidence | 4=No confidence at all,haven_labelled,4,0.12586616511581866,institutional_confidence
2011,P22ST.E,"Please look at this card and tell me how much confidence you have in each of the following groups, institutions or perso",please look at this card and tell me how much confidence you have in each of the following groups institutions or perso,-2=No answer | -1=Don´t know | 1=A lot of confidence | 2=Some confidence | 3=Little confidence | 4=No confidence at all,haven_labelled,4,0.040338546822411406,institutional_confidence
2011,P22ST.F,"Please look at this card and tell me how much confidence you have in each of the following groups, institutions or perso",please look at this card and tell me how much confidence you have in each of the following groups institutions or perso,-2=No answer | -1=Don´t know | 1=A lot of confidence | 2=Some confidence | 3=Little confidence | 4=No confidence at all,haven_labelled,4,0.0245495941397743,institutional_confidence
2011,P22ST.G,"Please look at this card and tell me how much confidence you have in each of the following groups, institutions or perso",please look at this card and tell me how much confidence you have in each of the following groups institutions or perso,-2=No answer | -1=Don´t know | 1=A lot of confidence | 2=Some confidence | 3=Little confidence | 4=No confidence at all,haven_labelled,4,0.01955058404276381,institutional_confidence
2011,P22ST.H,"Please look at this card and tell me how much confidence you have in each of the following groups, institutions or perso",please look at this card and tell me how much confidence you have in each of the following groups institutions or perso,-2=No answer | -1=Don´t know | 1=A lot of confidence | 2=Some confidence | 3=Little confidence | 4=No confidence at all,haven_labelled,4,0.029647594535735497,institutional_confidence
2011,P20ST.A,Please look at this card and tell me how much trust you have in each of the following roups/institutions. Would you say,please look at this card and tell me how much trust you have in each of the following roups institutions would you say,-2=No answer | -1=Don´t know | 1=A lot of confidence | 2=Some confidence | 3=Little confidence | 4=No confidence at all,haven_labelled,4,0.0104929716887745,institutional_confidence
2011,P20ST.B,Please look at this card and tell me how much trust you have in each of the following roups/institutions. Would you say,please look at this card and tell me how much trust you have in each of the following roups institutions would you say,-2=No answer | -1=Don´t know | 1=A lot of confidence | 2=Some confidence | 3=Little confidence | 4=No confidence at all,haven_labelled,4,0.027915264304098197,institutional_confidence
2011,P20ST.C,Please look at this card and tell me how much trust you have in each of the following roups/institutions. Would you say,please look at this card and tell me how much trust you have in each of the following roups institutions would you say,-2=No answer | -1=Don´t know | 1=A lot of confidence | 2=Some confidence | 3=Little confidence | 4=No confidence at all,haven_labelled,4,0.0104929716887745,institutional_confidence
2011,P20ST.D,Please look at this card and tell me how much trust you have in each of the following roups/institutions. Would you say,please look at this card and tell me how much trust you have in each of the following roups institutions would you say,-2=No answer | -1=Don´t know | 1=A lot of confidence | 2=Some confidence | 3=Little confidence | 4=No confidence at all,haven_labelled,4,0.029301128489408038,institutional_confidence
2011,P20ST.E,Please look at this card and tell me how much trust you have in each of the following roups/institutions. Would you say,please look at this card and tell me how much trust you have in each of the following roups institutions would you say,-2=No answer | -1=Don´t know | 1=A lot of confidence | 2=Some confidence | 3=Little confidence | 4=No confidence at all,haven_labelled,4,0.020045535537517322,institutional_confidence
2011,P20ST.F,Please look at this card and tell me how much trust you have in each of the following roups/institutions. Would you say,please look at this card and tell me how much trust you have in each of the following roups institutions would you say,-2=No answer | -1=Don´t know | 1=A lot of confidence | 2=Some confidence | 3=Little confidence | 4=No confidence at all,haven_labelled,4,0.023609186299742624,institutional_confidence
2011,P20ST.G,Please look at this card and tell me how much trust you have in each of the following roups/institutions. Would you say,please look at this card and tell me how much trust you have in each of the following roups institutions would you say,-2=No answer | -1=Don´t know | 1=A lot of confidence | 2=Some confidence | 3=Little confidence | 4=No confidence at all,haven_labelled,4,0.07191645218768561,institutional_confidence
2011,P20ST.H,Please look at this card and tell me how much trust you have in each of the following roups/institutions. Would you say,please look at this card and tell me how much trust you have in each of the following roups institutions would you say,-2=No answer | -1=Don´t know | 1=A lot of confidence | 2=Some confidence | 3=Little confidence | 4=No confidence at all,haven_labelled,4,0.059691150267273806,institutional_confidence
2000,P22N,Police are efficient in the fight against crime,police are efficient in the fight against crime,-4=Not asked | -3=Not applicable | -2=No answer/Refused | -1=Don´t know | 1=Strongly agree | 2=Agree | 3=Disagree | 4=Strongly disagree,haven_labelled,4,0.017740325978489856,institutional_confidence
2015,P54N_G,P54N_G Police's characteristics: Don't know,police s characteristics don t know,-4=Not asked | -3=Not applicable | 0=Not mentioned | 1=Mentioned,haven_labelled,2,0,institutional_confidence
2015,P54N_C,P54N_C Police's characteristics: Each day more clear,police s characteristics each day more clear,-4=Not asked | -3=Not applicable | 0=Not mentioned | 1=Mentioned,haven_labelled,2,0,institutional_confidence
2015,P54N_B,P54N_B Police's characteristics: Each day more efficient,police s characteristics each day more efficient,-4=Not asked | -3=Not applicable | 0=Not mentioned | 1=Mentioned,haven_labelled,2,0,institutional_confidence
2015,P54N_A,P54N_A Police's characteristics: Every day more respectful of Human Rights,police s characteristics every day more respectful of human rights,-4=Not asked | -3=Not applicable | 0=Not mentioned | 1=Mentioned,haven_labelled,2,0,institutional_confidence
2015,P54N_E,P54N_E Police's characteristics: Has the resources they need,police s characteristics has the resources they need,-4=Not asked | -3=Not applicable | 0=Not mentioned | 1=Mentioned,haven_labelled,2,0,institutional_confidence
2015,P54N_F,P54N_F Police's characteristics: None of the above,police s characteristics none of the above,-4=Not asked | -3=Not applicable | 0=Not mentioned | 1=Mentioned,haven_labelled,2,0,institutional_confidence
2015,P54N_D,P54N_D Police's characteristics: Well trained,police s characteristics well trained,-4=Not asked | -3=Not applicable | 0=Not mentioned | 1=Mentioned,haven_labelled,2,0,institutional_confidence
2001,p52nusa,Political parties are necessary,political parties are necessary,-4=Not asked | -3=Not applicable | -2=No answer/Refused | -1=Don´t know | 1=Strongly agree | 2=Agree | 3=Disagree | 4=Strongly disagree,haven_labelled,4,0.07672919393146237,institutional_confidence
2004,p31nc,Political Parties functions: Defend my interests,political parties functions defend my interests,-4=Not asked | -3=Not applicable | -2=No answer/Refused | -1=Don´t know | 0=Not mentioned | 1=Mentioned,haven_labelled,2,0.11273533671252715,institutional_confidence
2004,p31ng,Political Parties functions: Don´t know/No answer,political parties functions dona t know no answer,-4=Not asked | -3=Not applicable | -2=No answer/Refused | -1=Don´t know | 0=Not mentioned | 1=Mentioned,haven_labelled,2,0.11273533671252715,institutional_confidence
2004,p31nb,Political Parties functions: Interpret what the people want,political parties functions interpret what the people want,-4=Not asked | -3=Not applicable | -2=No answer/Refused | -1=Don´t know | 0=Not mentioned | 1=Mentioned,haven_labelled,2,0.11273533671252715,institutional_confidence
2004,p31ne,Political Parties functions: Listen to what I need to say,political parties functions listen to what i need to say,-4=Not asked | -3=Not applicable | -2=No answer/Refused | -1=Don´t know | 0=Not mentioned | 1=Mentioned,haven_labelled,2,0.11273533671252715,institutional_confidence
2004,p31nf,Political Parties functions: None of these,political parties functions none of these,-4=Not asked | -3=Not applicable | -2=No answer/Refused | -1=Don´t know | 0=Not mentioned | 1=Mentioned,haven_labelled,2,0.11273533671252715,institutional_confidence
2004,p31na,Political Parties functions: Propose the best solutions to problems,political parties functions propose the best solutions to problems,-4=Not asked | -3=Not applicable | -2=No answer/Refused | -1=Don´t know | 0=Not mentioned | 1=Mentioned,haven_labelled,2,0.11273533671252715,institutional_confidence
2004,p31nd,Political Parties functions: Recruit the best candidates for elections,political parties functions recruit the best candidates for elections,-4=Not asked | -3=Not applicable | -2=No answer/Refused | -1=Don´t know | 0=Not mentioned | 1=Mentioned,haven_labelled,2,0.11273533671252715,institutional_confidence
2001,p52nusb,Political parties help to inform the government,political parties help to inform the government,-4=Not asked | -3=Not applicable | -2=No answer/Refused | -1=Don´t know | 1=Strongly agree | 2=Agree | 3=Disagree | 4=Strongly disagree,haven_labelled,4,0.07251223886384567,institutional_confidence
2004,p52n.9,Principal causes of crime in the country: Poor functioning of judiciary,principal causes of crime in the country poor functioning of judiciary,-4=Not asked | -3=Not applicable | -2=No answer/Refused | -1=Don´t know | 0=Not mentioned | 1=Mentioned,haven_labelled,2,0.11273533671252715,institutional_confidence
2004,p52n.5,Principal causes of crime in the country: Scarcity of police,principal causes of crime in the country scarcity of police,-4=Not asked | -3=Not applicable | -2=No answer/Refused | -1=Don´t know | 0=Not mentioned | 1=Mentioned,haven_labelled,2,0.11273533671252715,institutional_confidence
1998,np13e,Public Expenditure: Spend more or less on defense and Armed Forces,public expenditure spend more or less on defense and armed forces,-4=Not asked | -3=Not applicable | -2=No answer/Refused | -1=Don´t know | 1=Spend more | 2=Spend less,haven_labelled,4,0,institutional_confidence
2017,P74NR,P74NR Give resources to the police for them to fight crime vs give the resources to people so that everyone can fight cr,r give resources to the police for them to fight crime vs give the resources to people so that everyone can fight cr,-1=Don´t know/No answer | 1=Resources for the police is much better than direct resource | 2=Resources for the police is better than direct resources to | 3=I don't Care | 4=Direct resources to people are better than resources to the | 5=Direct resources to people is much better than resources to,haven_labelled,5,0.055445544554455446,institutional_confidence
2017,P75NR,"P75NR Hiring more cops vs Improve the quality of the police, with more training and better salaries",r hiring more cops vs improve the quality of the police with more training and better salaries,-1=Don´t know/No answer | 1=It's much better to hire more cops than to improve the quali | 2=It's better to hire more cops than to improve the quality of | 3=The two policies are the same | 4=Improving quality is better than a larger number of police | 5=Improving quality is much better than a larger number of pol,haven_labelled,5,0.03811881188118812,institutional_confidence
2013,P70NR,P70NR Problem of drug trafficking - more resources: Others-involve the armed forces (only UY),r problem of drug trafficking more resources others involve the armed forces only uy,-4=Not asked | 0=Not mentioned | 1=Mentioned,haven_labelled,2,0.9470502581299917,institutional_confidence
2002,P12U_6,Reasons for contacting public institutions: Don´t know / No answer,reasons for contacting public institutions dona t know no answer,-4=Not asked | -3=Not applicable | -2=No answer/Refused | -1=Don´t know | 0=Not mentioned | 1=Mentioned,haven_labelled,2,0.11825192802056556,institutional_confidence
2002,P12U_4,Reasons for contacting public institutions: Have not turn to,reasons for contacting public institutions have not turn to,-4=Not asked | -3=Not applicable | -2=No answer/Refused | -1=Don´t know | 0=Not mentioned | 1=Mentioned,haven_labelled,2,0.11825192802056556,institutional_confidence
2002,P12U_3,Reasons for contacting public institutions: Make a complain,reasons for contacting public institutions make a complain,-4=Not asked | -3=Not applicable | -2=No answer/Refused | -1=Don´t know | 0=Not mentioned | 1=Mentioned,haven_labelled,2,0.11825192802056556,institutional_confidence
2002,P12U_5,Reasons for contacting public institutions: Other,reasons for contacting public institutions other,-4=Not asked | -3=Not applicable | -2=No answer/Refused | -1=Don´t know | 0=Not mentioned | 1=Mentioned,haven_labelled,2,0.11825192802056556,institutional_confidence
2002,P12U_2,Reasons for contacting public institutions: Request information,reasons for contacting public institutions request information,-4=Not asked | -3=Not applicable | -2=No answer/Refused | -1=Don´t know | 0=Not mentioned | 1=Mentioned,haven_labelled,2,0.11825192802056556,institutional_confidence
2002,P12U_1,Reasons for contacting public institutions: Start a procedure,reasons for contacting public institutions start a procedure,-4=Not asked | -3=Not applicable | -2=No answer/Refused | -1=Don´t know | 0=Not mentioned | 1=Mentioned,haven_labelled,2,0.11825192802056556,institutional_confidence
2009,p71n.c,Satisfaction with the way it works: police,satisfaction with the way it works police,-4=Not asked | -3=Not applicable | -2=No answer/Refused | -1=Don´t know | 1=Very satisfied | 2=Rather satisfied | 3=Not very satisfied | 4=Not at all satisfied,haven_labelled,4,0.015116791538122521,institutional_confidence
2010,P65ST.C,Satisfaction with the way it works: police,satisfaction with the way it works police,-4=Not asked | -3=Not applicable | -2=No answer/Refused | -1=Don´t know | 1=Very satisfied | 2=Rather satisfied | 3=Not very satisfied | 4=Not at all satisfied,haven_labelled,4,0.018777273328337816,institutional_confidence
2011,P66ST.C,Satisfaction with the way it works: police,satisfaction with the way it works police,-1=Doesn´t know / No answer | 1=Very satisfied | 2=Rather satisfied | 3=Not very satisfied | 4=Not at all satisfied,haven_labelled,4,0.013462680657295585,institutional_confidence
1998,np60a,Scale how much are you affected by the decisions made in Parliament I,scale how much are you affected by the decisions made in parliament i,-6=None | -4=Not asked | -3=Not applicable | -2=No answer/Refused | -1=Don´t know | 1=1.Is having no effect | 2=2 | 3=3 | 4=4 | 5=5 | 6=6 | 7=7 | 8=8 | 9=9 | 10=10.It is affecting everything,haven_labelled,13,0,institutional_confidence
2001,p39b3,Scale of the discrimination against black people in Political parties,scale of the discrimination against black people in political parties,-4=Not asked | -3=Not applicable | -2=No answer/Refused | -1=Don´t know | 1=There is no discrimination | 2=2 | 3=3 | 4=4 | 5=5 | 6=6 | 7=7 | 8=8 | 9=9 | 10=There is a lot of discrimination,haven_labelled,10,0.2688672386214919,institutional_confidence
2001,p39b5,Scale of the discrimination against black people: Judiciary,scale of the discrimination against black people judiciary,-4=Not asked | -3=Not applicable | -2=No answer/Refused | -1=Don´t know | 1=There is no discrimination | 2=2 | 3=3 | 4=4 | 5=5 | 6=6 | 7=7 | 8=8 | 9=9 | 10=There is a lot of discrimination,haven_labelled,10,0.27754350249624354,institutional_confidence
2001,p39b4,Scale of the discrimination against black people: Police,scale of the discrimination against black people police,-4=Not asked | -3=Not applicable | -2=No answer/Refused | -1=Don´t know | 1=There is no discrimination | 2=2 | 3=3 | 4=4 | 5=5 | 6=6 | 7=7 | 8=8 | 9=9 | 10=There is a lot of discrimination,haven_labelled,10,0.25946391352818576,institutional_confidence
2001,p38b3,Scale of the discrimination against indigenous in political parties,scale of the discrimination against indigenous in political parties,-4=Not asked | -3=Not applicable | -2=No answer/Refused | -1=Don´t know | 1=There is no discrimination | 2=2 | 3=3 | 4=4 | 5=5 | 6=6 | 7=7 | 8=8 | 9=9 | 10=There is a lot of discrimination,haven_labelled,10,0.2490427027289031,institutional_confidence
2001,p38b5,Scale of the discrimination against indigenous: Judiciary,scale of the discrimination against indigenous judiciary,-4=Not asked | -3=Not applicable | -2=No answer/Refused | -1=Don´t know | 1=There is no discrimination | 2=2 | 3=3 | 4=4 | 5=5 | 6=6 | 7=7 | 8=8 | 9=9 | 10=There is a lot of discrimination,haven_labelled,10,0.2575735543599438,institutional_confidence
2001,p38b4,Scale of the discrimination against indigenous: Police,scale of the discrimination against indigenous police,-4=Not asked | -3=Not applicable | -2=No answer/Refused | -1=Don´t know | 1=There is no discrimination | 2=2 | 3=3 | 4=4 | 5=5 | 6=6 | 7=7 | 8=8 | 9=9 | 10=There is a lot of discrimination,haven_labelled,10,0.24405021569482818,institutional_confidence
2017,P29NSPA,P29NSPA Which of the follwing is more important for you to trust a public institution: If all are treated equally,spa which of the follwing is more important for you to trust a public institution if all are treated equally,0=Does not mention | 1=Mentioned,haven_labelled,2,0,institutional_confidence
2017,P29NSPB,P29NSPB Which of the follwing is more important for you to trust a public institution: If they are accountable,spb which of the follwing is more important for you to trust a public institution if they are accountable,0=Does not mention | 1=Mentioned,haven_labelled,2,0,institutional_confidence
2017,P29NSPC,P29NSPC Which of the follwing is more important for you to trust a public institution: If they give the needed informati,spc which of the follwing is more important for you to trust a public institution if they give the needed informati,0=Does not mention | 1=Mentioned,haven_labelled,2,0,institutional_confidence
2017,P29NSPD,P29NSPD Which of the follwing is more important for you to trust a public institution: If they admit responsablity when,spd which of the follwing is more important for you to trust a public institution if they admit responsablity when,0=Does not mention | 1=Mentioned,haven_labelled,2,0,institutional_confidence
2017,P29NSPE,P29NSPE Which of the follwing is more important for you to trust a public institution: Quality anf type of their leasers,spe which of the follwing is more important for you to trust a public institution quality anf type of their leasers,0=Does not mention | 1=Mentioned,haven_labelled,2,0,institutional_confidence
2017,P29NSPF,P29NSPF Which of the follwing is more important for you to trust a public institution: What family and friedns say of th,spf which of the follwing is more important for you to trust a public institution what family and friedns say of th,0=Does not mention | 1=Mentioned,haven_labelled,2,0,institutional_confidence
2017,P29NSPG,P29NSPG Which of the follwing is more important for you to trust a public institution: What media says of them,spg which of the follwing is more important for you to trust a public institution what media says of them,0=Does not mention | 1=Mentioned,haven_labelled,2,0,institutional_confidence
2017,P29NSPH,P29NSPH Which of the follwing is more important for you to trust a public institution: If they keep their promises,sph which of the follwing is more important for you to trust a public institution if they keep their promises,0=Does not mention | 1=Mentioned,haven_labelled,2,0,institutional_confidence
2017,P29NSPI,P29NSPI Which of the follwing is more important for you to trust a public institution: If their service is according to,spi which of the follwing is more important for you to trust a public institution if their service is according to,0=Does not mention | 1=Mentioned,haven_labelled,2,0,institutional_confidence
2017,P29NSPJ,P29NSPJ Which of the follwing is more important for you to trust a public institution: If they are interested in what on,spj which of the follwing is more important for you to trust a public institution if they are interested in what on,0=Does not mention | 1=Mentioned,haven_labelled,2,0,institutional_confidence
2017,P29NSPX,P29NSPX Which of the follwing is more important for you to trust a public institution: No answer,spx which of the follwing is more important for you to trust a public institution no answer,0=Does not mention | 1=Mentioned,haven_labelled,2,0,institutional_confidence
2017,P29NSPZ,P29NSPZ Which of the follwing is more important for you to trust a public institution: Don't know,spz which of the follwing is more important for you to trust a public institution don t know,0=Does not mention | 1=Mentioned,haven_labelled,2,0,institutional_confidence
1995,p33b,Summary of Political Parties,summary of political parties,-4=Not asked | -3=Not applicable | -2=No answer/Refused | -1=Don´t know | 1=Main Government | 2=Government 2 | 3=Government 3 | 4=Government 4 | 5=Government 5 | 6=Main Opposition | 7=Opposition 2 | 8=Opposition 3 | 9=Opposition 4 | 10=Opposition 5 | 11=Other government | 12=Other opposition | 88=88 | 95=Other | 98=Don´t know | 99=None,haven_labelled,16,0.07729628404454736,institutional_confidence
2015,P19ST.A,P19ST.A Confidence in groups-institutions-people: Labor Unions,t a confidence in groups institutions people labor unions,-4=Not asked | -3=Not applicable | -2=No answer | -1=Don't know | 1=Lot | 2=Some | 3=Little | 4=Nothing,haven_labelled,4,0.0602962962962963,institutional_confidence
2015,P49ST.A,P49ST.A Rating of the work which the parliament/national congress are doing,t a rating of the work which the parliament national congress are doing,-4=Not asked | -3=Not applicable | -2=No answer | -1=Don't know enough | 1=Very good | 2=Good | 3=Bad | 4=Very bad,haven_labelled,4,0.09837037037037037,institutional_confidence
2023,P14ST.A,P14ST.A Trust that institutions operate to improve our quality of life: Firefighters,t a trust that institutions operate to improve our quality of life firefighters,1=A lot | 2=Some | 3=Little | 4=No trust | -1=Don't know | -2=Does not answer | -3=Not applicable | -4=Not asked | -5=Does not know / Does not answer,haven_labelled,4,0.01181983858370216,institutional_confidence
2013,P51ST.AA,P51ST.AA Institutions you know: MERCOSUR,t aa institutions you know mercosur,-4=Not asked | -3=Not applicable | -2=No answer | -1=Don't know | 0=Do not Know | 1=Know,haven_labelled,2,0,institutional_confidence
2015,P37ST.AA,P37ST.AA Institutions you know: MERCOSUR,t aa institutions you know mercosur,-4=Not asked | -3=Not applicable | -2=No answer | -1=Don't know | 0=Don't know | 1=Know,haven_labelled,2,0.05925925925925926,institutional_confidence
2015,P37ST.AA_MX,P37ST.AA_MX Institutions you know: TLC,t aa mx institutions you know tlc,-4=Not asked | -3=Not applicable | -2=No answer | -1=Don't know | 0=Don't know | 1=Know,haven_labelled,2,0.9407407407407408,institutional_confidence
2015,P19ST.B,P19ST.B Confidence in groups-institutions-people: Students,t b confidence in groups institutions people students,-4=Not asked | -3=Not applicable | -2=No answer | -1=Don't know | 1=Lot | 2=Some | 3=Little | 4=Nothing,haven_labelled,4,0.02271604938271605,institutional_confidence
2015,P49ST.B,P49ST.B Rating of the work is doing by political parties,t b rating of the work is doing by political parties,-4=Not asked | -3=Not applicable | -2=No answer | -1=Don't know enough | 1=Very good | 2=Good | 3=Bad | 4=Very bad,haven_labelled,4,0.08854320987654321,institutional_confidence
2023,P14ST.B,P14ST.B Trust that institutions operate to improve our quality of life: National companies,t b trust that institutions operate to improve our quality of life national companies,1=A lot | 2=Some | 3=Little | 4=No trust | -1=Don't know | -2=Does not answer | -3=Not applicable | -4=Not asked | -5=Does not know / Does not answer,haven_labelled,4,0.04571726112991408,institutional_confidence
2015,P37ST.BA,P37ST.BA Institutions you know: IADB (Inter-American Development Bank),t ba institutions you know iadb inter american development bank,-4=Not asked | -3=Not applicable | -2=No answer | -1=Don't know | 0=Don't know | 1=Know,haven_labelled,2,0,institutional_confidence
2013,P51ST.BA,P51ST.BA Institutions you know: Inter-American Development Bank (IDB),t ba institutions you know inter american development bank idb,-4=Not asked | -3=Not applicable | -2=No answer | -1=Don't know | 0=Do not Know | 1=Know,haven_labelled,2,0.1085028460486255,institutional_confidence
2017,P14ST.C,P14ST.C Confidence in church,t c confidence in church,-4=Not asked | -3=Not applicable | -2=No answer/Refused | -1=Don´t know | 1=A lot of confidence | 2=Some confidence | 3=Little confidence | 4=No confidence at all,haven_labelled,4,0.012277227722772278,institutional_confidence
2015,P19ST.C,P19ST.C Confidence in groups-institutions-people: Political parties,t c confidence in groups institutions people political parties,-4=Not asked | -3=Not applicable | -2=No answer | -1=Don't know | 1=Lot | 2=Some | 3=Little | 4=Nothing,haven_labelled,4,0.018271604938271607,institutional_confidence
2020,P13ST.C,P13ST.C Confidence in the Church,t c confidence in the church,1=A lot | 2=Some | 3=Little | 4=No trust | -1=Don´t know | -2=No answer | -3=Not applicable | -4=Not asked | -5=Don´t know / No answer,haven_labelled,4,0.02093644822807365,institutional_confidence
2023,P13ST.C,P13ST.C Confidence in the Church,t c confidence in the church,1=A lot | 2=Some | 3=Little | 4=No trust | -1=Don't know | -2=Does not answer | -3=Not applicable | -4=Not asked | -5=Does not know / Does not answer,haven_labelled,4,0.014110908617547513,institutional_confidence
2015,P49ST.C,P49ST.C Rating of work which Judiciary is doing,t c rating of work which judiciary is doing,-4=Not asked | -3=Not applicable | -2=No answer | -1=Don't know enough | 1=Very good | 2=Good | 3=Bad | 4=Very bad,haven_labelled,4,0.1019753086419753,institutional_confidence
2015,P53ST.C,P53ST.C Satisfaction with how works: The police,t c satisfaction with how works the police,"-4=Not asked | -1=Don't know, no answer | 1=Very satisfied | 2=Some satisfied | 3=Not very satisfied | 4=Not at all satisfied",haven_labelled,4,0.012,institutional_confidence
2023,P14ST.C,P14ST.C Trust that institutions operate to improve our quality of life: Trade unions,t c trust that institutions operate to improve our quality of life trade unions,1=A lot | 2=Some | 3=Little | 4=No trust | -1=Don't know | -2=Does not answer | -3=Not applicable | -4=Not asked | -5=Does not know / Does not answer,haven_labelled,4,0.04738349388180162,institutional_confidence
2013,P51ST.CA,P51ST.CA Institutions you know: CAF (Corporación andina de fomento),t ca institutions you know caf corporacia3n andina de fomento,-4=Not asked | -3=Not applicable | -2=No answer | -1=Don't know | 0=Do not Know | 1=Know,haven_labelled,2,0.1085028460486255,institutional_confidence
2015,P37ST.CA,P37ST.CA Institutions you know: CAF (Development Bank of Latin America),t ca institutions you know caf development bank of latin america,-4=Not asked | -3=Not applicable | -2=No answer | -1=Don't know | 0=Don't know | 1=Know,haven_labelled,2,0,institutional_confidence
2015,P19ST.D,P19ST.D Confidence in groups-institutions-people: Media,t d confidence in groups institutions people media,-4=Not asked | -3=Not applicable | -2=No answer | -1=Don't know | 1=Lot | 2=Some | 3=Little | 4=Nothing,haven_labelled,4,0.016691358024691356,institutional_confidence
2017,P14ST.D,P14ST.D Confidence in National Congress / Parliament,t d confidence in national congress parliament,-4=Not asked | -3=Not applicable | -2=No answer/Refused | -1=Don´t know | 1=A lot of confidence | 2=Some confidence | 3=Little confidence | 4=No confidence at all,haven_labelled,4,0.03336633663366337,institutional_confidence
2020,P13ST.D,P13ST.D Confidence in National Congress / Parliament,t d confidence in national congress parliament,1=A lot | 2=Some | 3=Little | 4=No trust | -1=Don´t know | -2=No answer | -3=Not applicable | -4=Not asked | -5=Don´t know / No answer,haven_labelled,4,0.040685012868738865,institutional_confidence
2023,P13ST.D,P13ST.D Confidence in the National Congress / Parliament,t d confidence in the national congress parliament,1=A lot | 2=Some | 3=Little | 4=No trust | -1=Don't know | -2=Does not answer | -3=Not applicable | -4=Not asked | -5=Does not know / Does not answer,haven_labelled,4,0.027544910179640718,institutional_confidence
2018,P45ST.D,P45ST.D Rating of institutions: CABEI (Central American Bank for Economic Integration),t d rating of institutions cabei central american bank for economic integration,-5=Missing | -4=Not asked | -3=Not applicable | -1=Don't know/No answer | 1=Very bad  1 | 2=2 | 3=3 | 4=4 | 5=5 | 6=6 | 7=7 | 8=8 | 9=9 | 10=Very well  10,haven_labelled,10,0.4519897050089091,institutional_confidence
2023,P14ST.D,P14ST.D Trust that institutions operate to improve our quality of life: Television,t d trust that institutions operate to improve our quality of life television,1=A lot | 2=Some | 3=Little | 4=No trust | -1=Don't know | -2=Does not answer | -3=Not applicable | -4=Not asked | -5=Does not know / Does not answer,haven_labelled,4,0.013798489976568603,institutional_confidence
2015,P37ST.DA,P37ST.DA Institutions you know: OAS (Organization of American States),t da institutions you know oas organization of american states,-4=Not asked | -3=Not applicable | -2=No answer | -1=Don't know | 0=Don't know | 1=Know,haven_labelled,2,0,institutional_confidence
2013,P51ST.DA,P51ST.DA Institutions you know: Organization of American States (OAS),t da institutions you know organization of american states oas,-4=Not asked | -3=Not applicable | -2=No answer | -1=Don't know | 0=Do not Know | 1=Know,haven_labelled,2,0,institutional_confidence
2015,P19ST.E,P19ST.E Confidence in groups-institutions-people: Private firms,t e confidence in groups institutions people private firms,-4=Not asked | -3=Not applicable | -2=No answer | -1=Don't know | 1=Lot | 2=Some | 3=Little | 4=Nothing,haven_labelled,4,0.039703703703703706,institutional_confidence
2015,P16ST.E,P16ST.E Confidence in groups-institutions-people: The church,t e confidence in groups institutions people the church,-4=Not asked | -3=Not applicable | -2=No answer | -1=Don't know | 1=Lot | 2=Some | 3=Little | 4=Nothing,haven_labelled,4,0.014666666666666666,institutional_confidence
2017,P14ST.E,P14ST.E Confidence in the government,t e confidence in the government,-4=Not asked | -3=Not applicable | -2=No answer/Refused | -1=Don´t know | 1=A lot of confidence | 2=Some confidence | 3=Little confidence | 4=No confidence at all,haven_labelled,4,0.014752475247524752,institutional_confidence
2020,P13ST.E,P13ST.E Confidence in the National Government,t e confidence in the national government,1=A lot | 2=Some | 3=Little | 4=No trust | -1=Don´t know | -2=No answer | -3=Not applicable | -4=Not asked | -5=Don´t know / No answer,haven_labelled,4,0.022569788160760246,institutional_confidence
2023,P13ST.E,P13ST.E Confidence in the National  Government,t e confidence in the national government,1=A lot | 2=Some | 3=Little | 4=No trust | -1=Don't know | -2=Does not answer | -3=Not applicable | -4=Not asked | -5=Does not know / Does not answer,haven_labelled,4,0.010257745378807602,institutional_confidence
2015,P49ST.E,P49ST.E Rating of work which the Electoral Institution is doing,t e rating of work which the electoral institution is doing,-4=Not asked | -3=Not applicable | -2=No answer | -1=Don't know enough | 1=Very good | 2=Good | 3=Bad | 4=Very bad,haven_labelled,4,0.11555555555555555,institutional_confidence
2023,P14ST.E,P14ST.E Trust that institutions operate to improve our quality of life: International companies,t e trust that institutions operate to improve our quality of life international companies,1=A lot | 2=Some | 3=Little | 4=No trust | -1=Don't know | -2=Does not answer | -3=Not applicable | -4=Not asked | -5=Does not know / Does not answer,haven_labelled,4,0.05623535537620411,institutional_confidence
2013,P51ST.EA,P51ST.EA Institutions you know: UNDP (United Nations Development Program),t ea institutions you know undp united nations development program,-4=Not asked | -3=Not applicable | -2=No answer | -1=Don't know | 0=Do not Know | 1=Know,haven_labelled,2,0,institutional_confidence
2015,P37ST.EA,P37ST.EA Institutions you know: UNDP (United Nations Development Program),t ea institutions you know undp united nations development program,-4=Not asked | -3=Not applicable | -2=No answer | -1=Don't know | 0=Don't know | 1=Know,haven_labelled,2,0,institutional_confidence
2015,P16ST.F,P16ST.F Confidence in groups-institutions-people: National Congress/Parliament,t f confidence in groups institutions people national congress parliament,-4=Not asked | -3=Not applicable | -2=No answer | -1=Don't know | 1=Lot | 2=Some | 3=A little | 4=No trust,haven_labelled,4,0.03387654320987654,institutional_confidence
2015,P19ST.F,P19ST.F Confidence in groups-institutions-people: The state,t f confidence in groups institutions people the state,-4=Not asked | -3=Not applicable | -2=No answer | -1=Don't know | 1=Lot | 2=Some | 3=Little | 4=Nothing,haven_labelled,4,0.026617283950617285,institutional_confidence
2017,P14ST.F,P14ST.F Confidence in the judiciary,t f confidence in the judiciary,-4=Not asked | -3=Not applicable | -2=No answer/Refused | -1=Don´t know | 1=A lot of confidence | 2=Some confidence | 3=Little confidence | 4=No confidence at all,haven_labelled,4,0.029455445544554454,institutional_confidence
2020,P13ST.F,P13ST.F Confidence in the Judiciary,t f confidence in the judiciary,1=A lot | 2=Some | 3=Little | 4=No trust | -1=Don´t know | -2=No answer | -3=Not applicable | -4=Not asked | -5=Don´t know / No answer,haven_labelled,4,0.036477925163333993,institutional_confidence
2023,P13ST.F,P13ST.F Confidence in the Judiciary,t f confidence in the judiciary,1=A lot | 2=Some | 3=Little | 4=No trust | -1=Don't know | -2=Does not answer | -3=Not applicable | -4=Not asked | -5=Does not know / Does not answer,haven_labelled,4,0.025149700598802394,institutional_confidence
2013,P43ST.F,P43ST.F Level of agreement: Countries of Latin America need institution representing them without no USA participation,t f level of agreement countries of latin america need institution representing them without no usa participation,-4=Not asked | -3=Not applicable | -2=No answer | -1=Don't know | 1=Strongly agree | 2=Agree | 3=Disagree | 4=Strongly disagree,haven_labelled,4,0.21515245113180073,institutional_confidence
2023,P14ST.F,P14ST.F Trust that institutions operate to improve our quality of life: Banks,t f trust that institutions operate to improve our quality of life banks,1=A lot | 2=Some | 3=Little | 4=No trust | -1=Don't know | -2=Does not answer | -3=Not applicable | -4=Not asked | -5=Does not know / Does not answer,haven_labelled,4,0.02067170007810466,institutional_confidence
2013,P51ST.FA,P51ST.FA Institutions you know: UNASUR,t fa institutions you know unasur,-4=Not asked | -3=Not applicable | -2=No answer | -1=Don't know | 0=Do not Know | 1=Know,haven_labelled,2,0.1085028460486255,institutional_confidence
2015,P37ST.FA,P37ST.FA Institutions you know: UNASUR,t fa institutions you know unasur,-4=Not asked | -3=Not applicable | -2=No answer | -1=Don't know | 0=Don't know | 1=Know,haven_labelled,2,0,institutional_confidence
2015,P19ST.G,P19ST.G Confidence in groups-institutions-people: Banks,t g confidence in groups institutions people banks,-4=Not asked | -3=Not applicable | -2=No answer | -1=Don't know | 1=Lot | 2=Some | 3=Little | 4=Nothing,haven_labelled,4,0.033135802469135806,institutional_confidence
2015,P16ST.G,P16ST.G Confidence in groups-institutions-people: The National Government,t g confidence in groups institutions people the national government,-4=Not asked | -3=Not applicable | -2=No answer | -1=Don't know | 1=Lot | 2=Some | 3=A little | 4=No trust,haven_labelled,4,0.019012345679012346,institutional_confidence
2017,P14ST.G,P14ST.G Confidence in political parties,t g confidence in political parties,-4=Not asked | -3=Not applicable | -2=No answer/Refused | -1=Don´t know | 1=A lot of confidence | 2=Some confidence | 3=Little confidence | 4=No confidence at all,haven_labelled,4,0.02193069306930693,institutional_confidence
2020,P13ST.G,P13ST.G Confidence in the Political Parties,t g confidence in the political parties,1=A lot | 2=Some | 3=Little | 4=No trust | -1=Don´t know | -2=No answer | -3=Not applicable | -4=Not asked | -5=Don´t know / No answer,haven_labelled,4,0.02727182736091863,institutional_confidence
2023,P13ST.G,P13ST.G Confidence in the Political Parties,t g confidence in the political parties,1=A lot | 2=Some | 3=Little | 4=No trust | -1=Don't know | -2=Does not answer | -3=Not applicable | -4=Not asked | -5=Does not know / Does not answer,haven_labelled,4,0.01681853683936475,institutional_confidence
2023,P14ST.G,P14ST.G Trust that institutions operate to improve our quality of life: Radio,t g trust that institutions operate to improve our quality of life radio,1=A lot | 2=Some | 3=Little | 4=No trust | -1=Don't know | -2=Does not answer | -3=Not applicable | -4=Not asked | -5=Does not know / Does not answer,haven_labelled,4,0.02186930486852382,institutional_confidence
2015,P37ST.GA,P37ST.GA Institutions you know: UN (United Nations),t ga institutions you know un united nations,-4=Not asked | -3=Not applicable | -2=No answer | -1=Don't know | 0=Don't know | 1=Know,haven_labelled,2,0,institutional_confidence
2017,P14ST.H,P14ST.H Confidence: Electoral Institution,t h confidence electoral institution,-4=Not asked | -3=Not applicable | -2=No answer/Refused | -1=Don´t know | 1=A lot of confidence | 2=Some confidence | 3=Little confidence | 4=No confidence at all,haven_labelled,4,0.03574257425742574,institutional_confidence
2023,P13ST.H,P13ST.H Confidence in Electoral institution,t h confidence in electoral institution,1=A lot | 2=Some | 3=Little | 4=No trust | -1=Don't know | -2=Does not answer | -3=Not applicable | -4=Not asked | -5=Does not know / Does not answer,haven_labelled,4,0.031866701379849,institutional_confidence
2015,P16ST.H,P16ST.H Confidence in groups-institutions-people: Judiciary,t h confidence in groups institutions people judiciary,-4=Not asked | -3=Not applicable | -2=No answer | -1=Don't know | 1=Lot | 2=Some | 3=A little | 4=No trust,haven_labelled,4,0.032790123456790124,institutional_confidence
2020,P13ST.H,P13ST.H Confidence in the National Electoral Institution,t h confidence in the national electoral institution,1=A lot | 2=Some | 3=Little | 4=No trust | -1=Don´t know | -2=No answer | -3=Not applicable | -4=Not asked | -5=Don´t know / No answer,haven_labelled,4,0.041922391605622646,institutional_confidence
2023,P14ST.H,P14ST.H Trust that institutions operate to improve our quality of life: Printed press,t h trust that institutions operate to improve our quality of life printed press,1=A lot | 2=Some | 3=Little | 4=No trust | -1=Don't know | -2=Does not answer | -3=Not applicable | -4=Not asked | -5=Does not know / Does not answer,haven_labelled,4,0.03488674824264514,institutional_confidence
2015,P37ST.HA,P37ST.HA Institutions you know: CELAC,t ha institutions you know celac,-4=Not asked | -3=Not applicable | -2=No answer | -1=Don't know | 0=Don't know | 1=Know,haven_labelled,2,0,institutional_confidence
2015,P16ST.I,P16ST.I Confidence in groups-institutions-people: The radio,t i confidence in groups institutions people the radio,-4=Not asked | -3=Not applicable | -2=No answer | -1=Don't know | 1=Lot | 2=Some | 3=Little | 4=Nothing,haven_labelled,4,0.027901234567901233,institutional_confidence
2020,P13ST.I,P13ST.I Confidence in president,t i confidence in president,1=A lot | 2=Some | 3=Little | 4=No trust | -1=Don´t know | -2=No answer | -3=Not applicable | -4=Not asked | -5=Don´t know / No answer,haven_labelled,4,0.022619283310235598,institutional_confidence
2023,P13ST.I,P13ST.I Confidence in The President,t i confidence in the president,1=A lot | 2=Some | 3=Little | 4=No trust | -1=Don't know | -2=Does not answer | -3=Not applicable | -4=Not asked | -5=Does not know / Does not answer,haven_labelled,4,0.010518094246290029,institutional_confidence
2015,P37ST.IA,P37ST.IA Institutions you know: The Pacific Alliance,t ia institutions you know the pacific alliance,-4=Not asked | -3=Not applicable | -2=No answer | -1=Don't know | 0=Don't know | 1=Know,haven_labelled,2,0.05925925925925926,institutional_confidence
2015,P37ST.JA,P37ST.JA Institutions you know: World Bank,t ja institutions you know world bank,-4=Not asked | -3=Not applicable | -2=No answer | -1=Don't know | 0=Don't know | 1=Know,haven_labelled,2,0.05925925925925926,institutional_confidence
2015,P45ST_MX,P45ST_MX Strategies of integration with others countries of Latin America: Create a Latin American Parliament,t mx strategies of integration with others countries of latin america create a latin american parliament,-4=Not asked | -3=Not applicable | -2=No answer | -1=Don't know | 1=Strongly agree | 2=Agree | 3=Disagree | 4=Strongly disagree,haven_labelled,4,0.9477037037037037,institutional_confidence
2017,P49STA.1,P49STA.1 Knowledge of international institutions: UN United Nations,ta 1 knowledge of international institutions un united nations,1=Knows | 2=Not known,haven_labelled,2,0,institutional_confidence
2017,P49STA.2,P49STA.2 Knowledge of international institutions: IADB (Interamerican Development Bank),ta 2 knowledge of international institutions iadb interamerican development bank,1=Knows | 2=Not known,haven_labelled,2,0,institutional_confidence
2017,P49STA.3,P49STA.3 Knowledge of international institutions: CAF (Corporación Andina de Fomento),ta 3 knowledge of international institutions caf corporacia3n andina de fomento,1=Knows | 2=Not known,haven_labelled,2,0,institutional_confidence
2017,P49STA.4,P49STA.4 Knowledge of international institutions: OAS (Organization of American States),ta 4 knowledge of international institutions oas organization of american states,1=Knows | 2=Not known,haven_labelled,2,0,institutional_confidence
2017,P49STA.5,P49STA.5 Institutions you know: UNDP (United Nations Development Program),ta 5 institutions you know undp united nations development program,1=Knows | 2=Not known,haven_labelled,2,0,institutional_confidence
2017,P49STA.6,P49STA.6 Knowledge of international institutions: CABEI (Central American Bank for Economic Integration),ta 6 knowledge of international institutions cabei central american bank for economic integration,1=Knows | 2=Not known,haven_labelled,2,0,institutional_confidence
2017,P49STA.7,P49STA.7 Knowledge of international institutions: IMF (International Monetary Fund),ta 7 knowledge of international institutions imf international monetary fund,1=Knows | 2=Not known,haven_labelled,2,0,institutional_confidence
2017,P49STA.8,P49STA.8 Institutions you know: World Bank,ta 8 institutions you know world bank,1=Knows | 2=Not known,haven_labelled,2,0,institutional_confidence
2016,P49STAA,P49STAA Knowledge of international institutions: UN United Nations,taa knowledge of international institutions un united nations,1=Knows | 2=Not known,haven_labelled,2,0,institutional_confidence
2016,P49STAB,P49STAB Knowledge of international institutions: IADB (Interamerican Development Bank),tab knowledge of international institutions iadb interamerican development bank,1=Knows | 2=Not known,haven_labelled,2,0,institutional_confidence
2016,P49STAC,P49STAC Knowledge of international institutions: CAF (Corporación Andina de Fomento),tac knowledge of international institutions caf corporacia3n andina de fomento,1=Knows | 2=Not known,haven_labelled,2,0,institutional_confidence
2016,P49STAD,P49STAD Knowledge of international institutions: OAS (Organization of American States),tad knowledge of international institutions oas organization of american states,1=Knows | 2=Not known,haven_labelled,2,0,institutional_confidence
2016,P49STAE,P49STAE Institutions you know: UNDP (United Nations Development Program),tae institutions you know undp united nations development program,1=Knows | 2=Not known,haven_labelled,2,0,institutional_confidence
2016,P49STAF,P49STAF Knowledge of international institutions: (CABEI) Central American Bank for Economic Integration,taf knowledge of international institutions cabei central american bank for economic integration,1=Knows | 2=Not known,haven_labelled,2,0,institutional_confidence
2016,P49STAG,P49STAG Knowledge of international institutions: IMF (International Monetary Fund),tag knowledge of international institutions imf international monetary fund,1=Knows | 2=Not known,haven_labelled,2,0,institutional_confidence
2016,P49STAH,P49STAH Institutions you know: World Bank,tah institutions you know world bank,1=Knows | 2=Not known,haven_labelled,2,0,institutional_confidence
2017,P49STB.1,P49STB.1 Trust in UN United Nations,tb 1 trust in un united nations,-4=Not asked | -3=Not applicable | -1=Don't know | 1=A lot | 2=Some | 3=A bit | 4=No trust,haven_labelled,4,0.36445544554455445,institutional_confidence
2017,P49STB.2,P49STB.2 Trust in: IADB (Inter-American Development Bank),tb 2 trust in iadb inter american development bank,-4=Not asked | -3=Not applicable | -1=Don't know/No answer | 1=A lot | 2=Some | 3=A bit | 4=No trust,haven_labelled,4,0.6834158415841585,institutional_confidence
2017,P49STB.3,P49STB.3 Trust in: CAF (Development Bank of Latin America),tb 3 trust in caf development bank of latin america,-4=Not asked | -3=Not applicable | -1=Don't know | 1=A lot | 2=Some | 3=A bit | 4=No trust,haven_labelled,4,0.8077722772277228,institutional_confidence
2017,P49STB.4,P49STB.4 Trust in: OAS (Organization of American States),tb 4 trust in oas organization of american states,-4=Not asked | -3=Not applicable | -1=Don't know/No answer | 1=A lot | 2=Some | 3=A bit | 4=No trust,haven_labelled,4,0.5272772277227723,institutional_confidence
2017,P49STB.5,P49STB.5 Trust in: UNDP (United Nations Development Programme),tb 5 trust in undp united nations development programme,-4=Not asked | -3=Not applicable | -1=Don't know/No answer | 1=A lot | 2=Some | 3=A bit | 4=No trust,haven_labelled,4,0.7538118811881188,institutional_confidence
2017,P49STB.6,P49STB.6 Trust in: CABEI (Central American Bank for Economic Integration),tb 6 trust in cabei central american bank for economic integration,-4=Not asked | -3=Not applicable | -1=Don't know/No answer | 1=A lot | 2=Some | 3=A bit | 4=No trust,haven_labelled,4,0.8225247524752475,institutional_confidence
2017,P49STB.7,P49STB.7 Trust in: IMF (International Monetary Fund),tb 7 trust in imf international monetary fund,-4=Not asked | -3=Not applicable | -1=Don´t know/No answer | 1=A lot | 2=Some | 3=A bit | 4=No trust,haven_labelled,4,0.5849504950495049,institutional_confidence
2017,P49STB.8,P49STB.8 Trust in: WB (World Bank),tb 8 trust in wb world bank,-4=Not asked | -3=Not applicable | -1=Don´t know/No answer | 1=A lot | 2=Some | 3=A bit | 4=No trust,haven_labelled,4,0.5907425742574257,institutional_confidence
2018,P44STB.A,P44STB.A Confidence in international organizations: UN United Nations,tb a confidence in international organizations un united nations,-4=Not asked | -3=Not applicable | -1=Don't know/No answer | 1=A lot | 2=Some | 3=A bit | 4=No trust,haven_labelled,4,0.21510591961987724,institutional_confidence
2018,P44STB.B,P44STB.B Confidence in international organizations: IADB (Interamerican Development Bank),tb b confidence in international organizations iadb interamerican development bank,-4=Not asked | -3=Not applicable | -1=Don't know/No answer | 1=A lot | 2=Some | 3=A bit | 4=No trust,haven_labelled,4,0.3947238170659275,institutional_confidence
2018,P44STB.C,P44STB.C Confidence in international organizations: CAF (Banco de Desarrollo de América Latina),tb c confidence in international organizations caf banco de desarrollo de amacrica latina,-4=Not asked | -3=Not applicable | -1=Don't know/No answer | 1=A lot | 2=Some | 3=A bit | 4=No trust,haven_labelled,4,0.4736190853296377,institutional_confidence
2018,P44STB.D,P44STB.D Confidence in international organizations: OAS (Organization of American States),tb d confidence in international organizations oas organization of american states,-4=Not asked | -3=Not applicable | -1=Don't know/No answer | 1=A lot | 2=Some | 3=A bit | 4=No trust,haven_labelled,4,0.3053850722629182,institutional_confidence
2018,P44STB.E,P44STB.E Confidence in international organizations: UNDP (United Nations Development Program),tb e confidence in international organizations undp united nations development program,-4=Not asked | -3=Not applicable | -1=Don't know/No answer | 1=A lot | 2=Some | 3=A bit | 4=No trust,haven_labelled,4,0.4655513759651554,institutional_confidence
2018,P44STB.F,P44STB.F Confidence in international organizations: CABEI (Central American Bank for Economic Integration),tb f confidence in international organizations cabei central american bank for economic integration,-4=Not asked | -3=Not applicable | -1=Don't know/No answer | 1=A lot | 2=Some | 3=A bit | 4=No trust,haven_labelled,4,0.501831320530588,institutional_confidence
2018,P44STB.G,P44STB.G Confidence in international organizations: IMF (International Monetary Fund),tb g confidence in international organizations imf international monetary fund,-4=Not asked | -3=Not applicable | -1=Don't know/No answer | 1=A lot | 2=Some | 3=A bit | 4=No trust,haven_labelled,4,0.36527420312809344,institutional_confidence
2018,P44STB.H,P44STB.H Confidence in international organizations: World Bank,tb h confidence in international organizations world bank,-4=Not asked | -3=Not applicable | -1=Don't know/No answer | 1=A lot | 2=Some | 3=A bit | 4=No trust,haven_labelled,4,0.35007919223916056,institutional_confidence
2016,P49STBA,P49STBA Trust in United Nations (UN),tba trust in united nations un,-4=Not asked | -3=Not applicable | -2=No answer/Refused | -1=Don´t know | 1=A lot | 2=Some | 3=A bit | 4=No trust,haven_labelled,4,0.2884082359928727,institutional_confidence
2016,P49STBB,P49STBB Trust in: IADB (Inter-American Development Bank),tbb trust in iadb inter american development bank,"-4=Not asked | -3=Not applicable | -1=Don´t know, no answer | 1=A lot | 2=Some | 3=A bit | 4=No trust",haven_labelled,4,0.5620174222926153,institutional_confidence
2016,P49STBC,P49STBC Trust in: CAF (Development Bank of Latin America),tbc trust in caf development bank of latin america,-4=Not asked | -3=Not applicable | -2=No answer/Refused | -1=Don´t know | 1=A lot | 2=Some | 3=A bit | 4=No trust,haven_labelled,4,0.6719956444268461,institutional_confidence
2016,P49STBD,P49STBD Trust in: OAS (Organization of American States),tbd trust in oas organization of american states,"-4=Not asked | -3=Not applicable | -1=Don´t know, no answer | 1=A lot | 2=Some | 3=A bit | 4=No trust",haven_labelled,4,0.4403088497327262,institutional_confidence
2016,P49STBE,P49STBE Trust in: UNDP (United Nations Development Programme),tbe trust in undp united nations development programme,"-4=Not asked | -3=Not applicable | -1=Don´t know, no answer | 1=A lot | 2=Some | 3=A bit | 4=No trust",haven_labelled,4,0.6308651752128291,institutional_confidence
2016,P49STBF,P49STBF Trust in: CABEI (Central American Bank for Economic Integration),tbf trust in cabei central american bank for economic integration,"-4=Not asked | -3=Not applicable | -1=Don´t know, no answer | 1=A lot | 2=Some | 3=A bit | 4=No trust",haven_labelled,4,0.6962482676697683,institutional_confidence
2016,P49STBG,P49STBG Trust in: IMF (International Monetary Fund),tbg trust in imf international monetary fund,"-4=Not asked | -3=Not applicable | -1=Don´t know, no answer | 1=A lot | 2=Some | 3=A bit | 4=No trust",haven_labelled,4,0.4897050089091269,institutional_confidence
2016,P49STBH,P49STBH Trust in: WB (World Bank),tbh trust in wb world bank,"-4=Not asked | -3=Not applicable | -1=Don´t know, no answer | 1=A lot | 2=Some | 3=A bit | 4=No trust",haven_labelled,4,0.4519402098594338,institutional_confidence
2016,P13STC,P13STC Confidence in church,tc confidence in church,-4=Not asked | -3=Not applicable | -2=No answer/Refused | -1=Don´t know | 1=A lot of confidence | 2=Some confidence | 3=Little confidence | 4=No confidence at all,haven_labelled,4,0.016184913878439913,institutional_confidence
2016,P13STD,P13STD Confidence in National Congress / Parliament,td confidence in national congress parliament,-4=Not asked | -3=Not applicable | -2=No answer/Refused | -1=Don´t know | 1=A lot of confidence | 2=Some confidence | 3=Little confidence | 4=No confidence at all,haven_labelled,4,0.03370619679271431,institutional_confidence
2016,P13STE,P13STE Confidence in the government,te confidence in the government,-4=Not asked | -3=Not applicable | -2=No answer/Refused | -1=Don´t know | 1=A lot of confidence | 2=Some confidence | 3=Little confidence | 4=No confidence at all,haven_labelled,4,0.017719263512175808,institutional_confidence
2016,P13STF,P13STF Confidence in the judiciary,tf confidence in the judiciary,-4=Not asked | -3=Not applicable | -2=No answer/Refused | -1=Don´t know | 1=A lot of confidence | 2=Some confidence | 3=Little confidence | 4=No confidence at all,haven_labelled,4,0.03430013858641853,institutional_confidence
2016,P13STG,P13STG Confidence in political parties,tg confidence in political parties,-4=Not asked | -3=Not applicable | -2=No answer/Refused | -1=Don´t know | 1=A lot of confidence | 2=Some confidence | 3=Little confidence | 4=No confidence at all,haven_labelled,4,0.026776875866165117,institutional_confidence
2017,P14STGBS.A,P14STGBS.A Confidence in the armed forces,tgbs a confidence in the armed forces,-4=Not asked | -3=Not applicable | -2=No answer/Refused | -1=Don´t know | 1=A lot of confidence | 2=Some confidence | 3=Little confidence | 4=No confidence at all,haven_labelled,4,0.11564356435643565,institutional_confidence
2020,P13STGBS.A,P13STGBS.A Confidence in the Armed Forces,tgbs a confidence in the armed forces,1=A lot | 2=Some | 3=Little | 4=No trust | -1=Don´t know | -2=No answer | -3=Not applicable | -4=Not asked | -5=Don´t know / No answer,haven_labelled,4,0.12210453375569194,institutional_confidence
2023,P13STGBS.A,P13STGBS.A Confidence in the Armed Forces,tgbs a confidence in the armed forces,1=A lot | 2=Some | 3=Little | 4=No trust | -1=Don't know | -2=Does not answer | -3=Not applicable | -4=Not asked | -5=Does not know / Does not answer,haven_labelled,4,0.11549075761520437,institutional_confidence
2017,P14STGBS.B,P14STGBS.B Confidence in police,tgbs b confidence in police,-4=Not asked | -3=Not applicable | -2=No answer/Refused | -1=Don´t know | 1=A lot of confidence | 2=Some confidence | 3=Little confidence | 4=No confidence at all,haven_labelled,4,0.007920792079207921,institutional_confidence
2020,P13STGBS.B,P13STGBS.B Confidence in the Police,tgbs b confidence in the police,1=A lot | 2=Some | 3=Little | 4=No trust | -1=Don´t know | -2=No answer | -3=Not applicable | -4=Not asked | -5=Don´t know / No answer,haven_labelled,4,0.014947535141556128,institutional_confidence
2023,P13STGBS.B,P13STGBS.B Confidence in the Police,tgbs b confidence in the police,1=A lot | 2=Some | 3=Little | 4=No trust | -1=Don't know | -2=Does not answer | -3=Not applicable | -4=Not asked | -5=Does not know / Does not answer,haven_labelled,4,0.006925279875032543,institutional_confidence
2013,P29STGBS,P29STGBS Trust in people,tgbs trust in people,-4=Not asked | -3=Not applicable | -2=No answer | -1=Don't know | 1=Most people can be trusted | 2=One can never be too careful when dealing with others,haven_labelled,2,0.03260821603494683,institutional_confidence
2015,P15STGBS,P15STGBS Trust in people,tgbs trust in people,"-4=Not asked | -3=Not applicable | -1=Don't know, no answer | 1=Most people can be trusted | 2=One can never be too careful when dealing with others",haven_labelled,2,0.022765432098765432,institutional_confidence
2016,P12STGBS,P12STGBS Trust in people,tgbs trust in people,"-4=Not asked | -3=Not applicable | -1=Don't know, no answer | 1=Most people can be trusted | 2=One can never be too careful when dealing with others",haven_labelled,2,0.019996040388041973,institutional_confidence
2017,P13STGBS,P13STGBS Trust in people,tgbs trust in people,-4=Not asked | -3=Not applicable | -1=Don´t know | 1=Most people can be trusted | 2=One can never be too careful when dealing with others,haven_labelled,2,0.022376237623762375,institutional_confidence
2018,P11STGBS,P11STGBS Trust in people,tgbs trust in people,-4=Not asked | -3=Not applicable | -2=No responde | -1=Don´t know | 1=Most people can be trusted | 2=One can never be too careful when dealing with others,haven_labelled,2,0.028509206097802414,institutional_confidence
2016,P13STGBSA,P13STGBSA Confidence in the armed forces,tgbsa confidence in the armed forces,-4=Not asked | -3=Not applicable | -2=No answer/Refused | -1=Don´t know | 1=A lot of confidence | 2=Some confidence | 3=Little confidence | 4=No confidence at all,haven_labelled,4,0.11725400910710751,institutional_confidence
2016,P13STGBSB,P13STGBSB Confidence in police,tgbsb confidence in police,-4=Not asked | -3=Not applicable | -2=No answer/Refused | -1=Don´t know | 1=A lot of confidence | 2=Some confidence | 3=Little confidence | 4=No confidence at all,haven_labelled,4,0.010344486240348446,institutional_confidence
2018,P15STGBSC.A,P15STGBSC.A Confidence in the armed forces,tgbsc a confidence in the armed forces,-4=Not asked | -3=Not applicable | -2=No answer/Refused | -1=Don´t know | 1=A lot of confidence | 2=Some confidence | 3=Little confidence | 4=No confidence at all,haven_labelled,4,0.11938230053454761,institutional_confidence
2018,P15STGBSC.B,P15STGBSC.B Confidence in Police,tgbsc b confidence in police,-4=Not asked | -3=Not applicable | -2=No answer/Refused | -1=Don´t know | 1=A lot of confidence | 2=Some confidence | 3=Little confidence | 4=No confidence at all,haven_labelled,4,0.012126311621461097,institutional_confidence
2018,P15STGBSC.C,P15STGBSC.C Confidence in The Church,tgbsc c confidence in the church,-4=Not asked | -3=Not applicable | -2=No answer/Refused | -1=Don´t know | 1=A lot of confidence | 2=Some confidence | 3=Little confidence | 4=No confidence at all,haven_labelled,4,0.017966739259552562,institutional_confidence
2018,P15STGBSC.D,P15STGBSC.D Confidence in National Congress/Parliament,tgbsc d confidence in national congress parliament,-4=Not asked | -3=Not applicable | -2=No answer/Refused | -1=Don´t know | 1=A lot of confidence | 2=Some confidence | 3=Little confidence | 4=No confidence at all,haven_labelled,4,0.03969510987923183,institutional_confidence
2018,P15STGBSC.E,P15STGBSC.E Confidence in The National Government,tgbsc e confidence in the national government,-4=Not asked | -3=Not applicable | -2=No answer/Refused | -1=Don´t know | 1=A lot of confidence | 2=Some confidence | 3=Little confidence | 4=No confidence at all,haven_labelled,4,0.022520293011284893,institutional_confidence
2018,P15STGBSC.F,P15STGBSC.F Confidence in Judicial Branch,tgbsc f confidence in judicial branch,-4=Not asked | -3=Not applicable | -2=No answer/Refused | -1=Don´t know | 1=A lot of confidence | 2=Some confidence | 3=Little confidence | 4=No confidence at all,haven_labelled,4,0.03746782815284102,institutional_confidence
2018,P15STGBSC.G,P15STGBSC.G Confidence in Political parties,tgbsc g confidence in political parties,-4=Not asked | -3=Not applicable | -2=No answer/Refused | -1=Don´t know | 1=A lot of confidence | 2=Some confidence | 3=Little confidence | 4=No confidence at all,haven_labelled,4,0.028509206097802414,institutional_confidence
2018,P15STGBSC.H,P15STGBSC.H Confidence in Electoral institution,tgbsc h confidence in electoral institution,-4=Not asked | -3=Not applicable | -2=No answer/Refused | -1=Don´t know | 1=A lot of confidence | 2=Some confidence | 3=Little confidence | 4=No confidence at all,haven_labelled,4,0.0436052266877846,institutional_confidence
2016,P13STH,P13STH Confidence: Electoral Institution,th confidence electoral institution,-4=Not asked | -3=Not applicable | -2=No answer/Refused | -1=Don´t know | 1=A lot of confidence | 2=Some confidence | 3=Little confidence | 4=No confidence at all,haven_labelled,4,0.04439714907939022,institutional_confidence
2007,p48ncc,The creation of one parliament to make common laws,the creation of one parliament to make common laws,-4=Not asked | -3=Not applicable | -2=No answer/Refused | -1=Don´t know | 1=Strongly agree | 2=Somewhat agree | 3=Somewhat disagree | 4=Strongly disagree,haven_labelled,4,0.2543844187891073,institutional_confidence
2008,p57n.c,The police is more inclined to detain a young man than an adult,the police is more inclined to detain a young man than an adult,-4=Not asked | -3=Not applicable | -2=No answer/Refused | -1=Don´t know | 1=Strongly agree | 2=Agree | 3=Disagree | 4=Disagree strongly,haven_labelled,4,0.08269018743109151,institutional_confidence
2009,p84n.b,This economic crisis will change: Financial institutions,this economic crisis will change financial institutions,-4=Not asked | -3=Not applicable | -2=No answer/Refused | -1=Don´t know | 1=Much | 2=Some | 3=A little | 4=Nothing,haven_labelled,4,0.28483913618334067,institutional_confidence
2020,P36STM.A,P36STM.A Knowledge of international institutions: IMF International Monetary Fund,tm a knowledge of international institutions imf international monetary fund,1=Know | 2=Not know | -1=Don´t know | -2=No answer | -3=Not applicable | -4=Not asked | -5=Don´t know / No answer,haven_labelled,2,0,institutional_confidence
2020,P36STM.B,P36STM.B Knowledge of international institutions: IADB (Interamerican Development Bank),tm b knowledge of international institutions iadb interamerican development bank,1=Know | 2=Not know | -1=Don´t know | -2=No answer | -3=Not applicable | -4=Not asked | -5=Don´t know / No answer,haven_labelled,2,0,institutional_confidence
2020,P36STM.C,P36STM.C Knowledge of international institutions: CAF (Latin American Development Bank),tm c knowledge of international institutions caf latin american development bank,1=Know | 2=Not know | -1=Don´t know | -2=No answer | -3=Not applicable | -4=Not asked | -5=Don´t know / No answer,haven_labelled,2,0,institutional_confidence
2020,P36STM.D,P36STM.D Knowledge of international institutions: World Bank,tm d knowledge of international institutions world bank,1=Know | 2=Not know | -1=Don´t know | -2=No answer | -3=Not applicable | -4=Not asked | -5=Don´t know / No answer,haven_labelled,2,0,institutional_confidence
2016,P51STM_D,P51STM_D Subjects most important for the development of your country: Quality of public institutions,tm d subjects most important for the development of your country quality of public institutions,0=Not mentioned | 1=Mentioned,haven_labelled,2,0,institutional_confidence
2016,P32STM,P32STM Funding of political parties should be mainly in State/Private hands,tm funding of political parties should be mainly in state private hands,-4=Not asked | -3=Not applicable | -2=No answer/Refused | -1=Don´t know | 1=State | 2=Private | 3=Both,haven_labelled,3,0.08592357948921006,institutional_confidence
2016,P50STM,P50STM Multilateral Institution which contributes most to the development of the (country),tm multilateral institution which contributes most to the development of the country,-4=Not asked | -3=Not applicable | -2=No answer | -1=Don't know | 1=ONU United Nations | 2=World Bank | 3=Inter-American Development Bank (IDB) | 4=Organization of American States (OAS) | 5=UNDP (United Nations Development Program) | 6=Banco de Desarrollo en America Latina CAF | 7=FMI Fondo Monetario Internacional | 8=Banco Centro Americano de Integracion Economica BCIE | 96=Other | 97=None,haven_labelled,10,0.33166699663432986,institutional_confidence
2017,P50STM,P50STM Multilateral Institution which contributes most to the development of the (country),tm multilateral institution which contributes most to the development of the country,-4=Not asked | -3=Not applicable | -2=No answer | -1=Don't know | 1=ONU United Nations | 2=World Bank | 3=Inter-American Development Bank (IDB) | 4=Organization of American States (OAS) | 5=UNDP (United Nations Development Program) | 6=Banco de Desarrollo en America Latina CAF | 7=FMI Fondo Monetario Internacional | 8=Banco Centro Americano de Integracion Economica BCIE | 96=Other | 97=None,haven_labelled,10,0.2800495049504951,institutional_confidence
2020,P36STMB.A,P36STMB.A Confidence in international institutions: IMF International Monetary Fund,tmb a confidence in international institutions imf international monetary fund,1=A lot | 2=Some | 3=A little | 4=No trust in | -1=Don´t know | -2=No answer | -3=Not applicable | -4=Not asked,haven_labelled,4,0.5898831914472382,institutional_confidence
2020,P36STMB.B,P36STMB.B Confidence in international institutions: BID (Interamerican Development Bank),tmb b confidence in international institutions bid interamerican development bank,1=A lot | 2=Some | 3=A little | 4=No trust in | -1=Don´t know | -2=No answer | -3=Not applicable | -4=Not asked,haven_labelled,4,0.6505147495545437,institutional_confidence
2020,P36STMB.C,P36STMB.C Confidence in international institutions: CAF (Latin American Development Bank),tmb c confidence in international institutions caf latin american development bank,1=A lot | 2=Some | 3=A little | 4=No trust in | -1=Don´t know | -2=No answer | -3=Not applicable | -4=Not asked,haven_labelled,4,0.7486141358146902,institutional_confidence
2020,P36STMB.D,P36STMB.D Confidence in international institutions: World Bank,tmb d confidence in international institutions world bank,1=A lot | 2=Some | 3=A little | 4=No trust in | -1=Don´t know | -2=No answer | -3=Not applicable | -4=Not asked,haven_labelled,4,0.5528608196396753,institutional_confidence
2017,P51STMD,P51STMD Most important subjects for the development of your country: Quality of public institutions,tmd most important subjects for the development of your country quality of public institutions,0=Does not mention | 1=Mentioned,haven_labelled,2,0,institutional_confidence
2002,p8ud,To resolve problems that affect your community: Contacted a deputy (parliamentary),to resolve problems that affect your community contacted a deputy parliamentary,-4=Not asked | -3=Not applicable | -2=No answer/Refused | -1=Don´t know | 1=Has done | 2=Would do | 3=Would never do,haven_labelled,3,0.03460915928782253,institutional_confidence
2008,p83st.d,To resolve problems that affect your community: Contacted a deputy (parliamentary),to resolve problems that affect your community contacted a deputy parliamentary,-4=Not asked | -3=Not applicable | -2=No answer/Refused | -1=Don´t know | 1=Has done | 2=Would do | 3=Would never do,haven_labelled,3,0.037486218302094816,institutional_confidence
2001,p57nasd,To solve problems in neighborhood: Contacted political parties or other political organizations,to solve problems in neighborhood contacted political parties or other political organizations,-4=Not asked | -3=Not applicable | -2=No answer/Refused | -1=Don´t know | 1=Never | 2=Sometimes | 3=Often,haven_labelled,3,0.01856429644709418,institutional_confidence
2005,p73std,To solve problems in neighborhood: Contacted political parties or other political organizations,to solve problems in neighborhood contacted political parties or other political organizations,-4=Not asked | -3=Not applicable | -2=No answer/Refused | -1=Don´t know | 1=Never | 2=Sometimes | 3=Often,haven_labelled,3,0.024873899713183663,institutional_confidence
1995,p55,Trust in UN,trust in un,-4=Not asked | -3=Not applicable | -2=No answer/Refused | -1=Don´t know | 1=A lot of confidence | 2=Some confidence | 3=Little confidence | 4=No confidence at all,haven_labelled,4,0.17708677913772192,institutional_confidence
2023,P14N.I,P14N.I Trust that institutions operate to improve our quality of life: Social media,trust that institutions operate to improve our quality of life social media,1=A lot | 2=Some | 3=Little | 4=No trust | -1=Don't know | -2=Does not answer | -3=Not applicable | -4=Not asked | -5=Does not know / Does not answer,haven_labelled,4,0.027596979953137205,institutional_confidence
2000,P53BD.B,Voted in the last parliamentary elections,voted in the last parliamentary elections,-4=Not asked | -3=Not applicable | -2=No answer/Refused | -1=Don´t know | 1=Yes | 2=No | 3=Did not have right to vote | 4=Don´t remember,haven_labelled,4,0.07877813504823152,institutional_confidence
2010,P74NC.A,Which are the most effective policies in public security: Increase the amount of policemen in the stree,which are the most effective policies in public security increase the amount of policemen in the stree,-4=Not asked | -3=Not applicable | -2=No answer/Refused | -1=Don´t know | 0=No Mentioned | 1=Mentioned,haven_labelled,2,0.10944593820249482,institutional_confidence
2010,P74NC.F,Which are the most effective policies in public security: Strengthen the institutions in charge of security,which are the most effective policies in public security strengthen the institutions in charge of security,-4=Not asked | -3=Not applicable | -2=No answer/Refused | -1=Don´t know | 0=No Mentioned | 1=Mentioned,haven_labelled,2,0.10944593820249482,institutional_confidence
2010,P73NC,Which is the main problem the police faces in order to confront crime?,which is the main problem the police faces in order to confront crime,-4=Not asked | -3=Not applicable | -2=No answer/Refused | -1=Don´t know | 1=Few personnel | 2=Low training | 3=Obsolete equipment | 4=Not much resources | 5=Low civic cooperation | 6=Corruption,haven_labelled,6,0.1417111120906246,institutional_confidence
1996,p56g,Which of organisations do you take part: Political parties,which of organisations do you take part political parties,-4=Not asked | -3=Not applicable | -2=No answer/Refused | -1=Don´t know | 0=Not mentioned | 1=Mentioned,haven_labelled,2,0,institutional_confidence
2011,P62NK,Which of the following groups do you think complies least with the law? Members of Congress,which of the following groups do you think complies least with the law members of congress,0=Not mentioned | 1=Mentioned,haven_labelled,2,0,institutional_confidence
1996,p55m,Who do you believe: Parliamentarians,who do you believe parliamentarians,-4=Not asked | -3=Not applicable | -2=No answer/Refused | -1=Don´t know | 0=Not mentioned | 1=Mentioned,haven_labelled,2,0,institutional_confidence
2003,p17stm,Who do you believe: Parliamentarians,who do you believe parliamentarians,-4=Not asked | -3=Not applicable | -2=No answer/Refused | -1=Don´t know | 0=Not mentioned | 1=Mentioned,haven_labelled,2,0,institutional_confidence
1996,p55e,Who do you believe: Police,who do you believe police,-4=Not asked | -3=Not applicable | -2=No answer/Refused | -1=Don´t know | 0=Not mentioned | 1=Mentioned,haven_labelled,2,0,institutional_confidence
2003,p17ste,Who do you believe: Police,who do you believe police,-4=Not asked | -3=Not applicable | -2=No answer/Refused | -1=Don´t know | 0=Not mentioned | 1=Mentioned,haven_labelled,2,0,institutional_confidence
2020,P23N_06,P23N_06 Who do you think comply with the laws: The police,who do you think comply with the laws the police,1=Mentioned | 0=Not mentioned | -1=Don´t know | -2=No answer | -3=Not applicable | -4=Not asked,haven_labelled,2,0.04860423678479509,institutional_confidence
2006,P36ST.H,Who do you think has the most power in [nation]: The Parliament / Congress,who do you think has the most power in nation the parliament congress,-4=Not asked | -3=Not applicable | -2=No answer/Refused | -1=Don´t know | 0=Not mentioned | 1=Mentioned,haven_labelled,2,0,institutional_confidence
2010,P61ST.H,Who do you think has the most power in [nation]: The Parliament / Congress,who do you think has the most power in nation the parliament congress,-4=Not asked | -3=Not applicable | -2=No answer/Refused | -1=Don´t know | 0=Not mentioned | 1=Mentioned,haven_labelled,2,0.10944593820249482,institutional_confidence
2006,P36ST.F,Who do you think has the most power in [nation]: The Political Parties,who do you think has the most power in nation the political parties,-4=Not asked | -3=Not applicable | -2=No answer/Refused | -1=Don´t know | 0=Not mentioned | 1=Mentioned,haven_labelled,2,0,institutional_confidence
2010,P61ST.F,Who do you think has the most power in [nation]: The Political Parties,who do you think has the most power in nation the political parties,-4=Not asked | -3=Not applicable | -2=No answer/Refused | -1=Don´t know | 0=Not mentioned | 1=Mentioned,haven_labelled,2,0.10944593820249482,institutional_confidence
2001,p63std,Confidence in private enterprises,confidence in private enterprises,-4=Not asked | -3=Not applicable | -2=No answer/Refused | -1=Don´t know | 1=A lot of confidence | 2=Some confidence | 3=Little confidence | 4=No confidence at all,haven_labelled,4,0.039067422810333964,institutional_confidence; ideology
2002,p34ste,Confidence in private enterprises,confidence in private enterprises,-4=Not asked | -3=Not applicable | -2=No answer/Refused | -1=Don´t know | 1=A lot of confidence | 2=Some confidence | 3=Little confidence | 4=No confidence at all,haven_labelled,4,0.04651052080357993,institutional_confidence; ideology
2005,p45std,Confidence in private enterprises,confidence in private enterprises,-4=Not asked | -3=Not applicable | -2=No answer/Refused | -1=Don´t know | 1=A lot of confidence | 2=Some confidence | 3=Little confidence | 4=No confidence at all,haven_labelled,4,0.039461972109583625,institutional_confidence; ideology
2006,p32st.b,Confidence in private enterprises,confidence in private enterprises,-4=Not asked | -3=Not applicable | -2=No answer/Refused | -1=Don´t know | 1=A lot of confidence | 2=Some confidence | 3=Little confidence | 4=No confidence at all,haven_labelled,4,0.03338030649991192,institutional_confidence; ideology
2007,p24st.b,Confidence in private enterprises,confidence in private enterprises,-4=Not asked | -3=Not applicable | -2=No answer/Refused | -1=Don´t know | 1=A lot of confidence | 2=Some confidence | 3=Little confidence | 4=No confidence at all,haven_labelled,4,0.04106812373314533,institutional_confidence; ideology
2008,p31st.h,Confidence in private enterprises,confidence in private enterprises,-4=Not asked | -3=Not applicable | -2=No answer/Refused | -1=Don´t know | 1=A lot of confidence | 2=Some confidence | 3=Little confidence | 4=No confidence at all,haven_labelled,4,0.07003307607497243,institutional_confidence; ideology
2009,p24st.h,Confidence in private enterprises,confidence in private enterprises,-4=Not asked | -3=Not applicable | -2=No answer/Refused | -1=Don't know | 1=A lot of confidence | 2=Some confidence | 3=Little confidence | 4=No confidence at all,haven_labelled,4,0.06509475539885412,institutional_confidence; ideology
2010,P18ST.H,Confidence in private enterprises,confidence in private enterprises,-4=Not asked | -3=Not applicable | -2=No answer/Refused | -1=Don´t know | 1=A lot of confidence | 2=Some confidence | 3=Little confidence | 4=No confidence at all,haven_labelled,4,0.06435403535064134,institutional_confidence; ideology
2011,P25ST,"Generally speaking, would you say that you can trust most people, or that you can never be too careful when dealing with",generally speaking would you say that you can trust most people or that you can never be too careful when dealing with,-1=Don´t know/No answer | 1=You can trust most people | 2=You can never be too careful when dealing with others,haven_labelled,2,0.030983963571569986,interpersonal_trust
1996,p12,Interpersonal Trust,interpersonal trust,-4=Not asked | -3=Not applicable | -2=No answer/Refused | -1=Don´t know | 1=You can trust most people | 2=You can never be too careful when dealing with others,haven_labelled,2,0.03127358490566038,interpersonal_trust
1997,sp21,Interpersonal Trust,interpersonal trust,-4=Not asked | -3=Not applicable | -2=No answer/Refused | -1=Don´t know | 1=You can trust most people | 2=You can never be too careful when dealing with others,haven_labelled,2,0.028454280492021932,interpersonal_trust
1998,sp20,Interpersonal Trust,interpersonal trust,-4=Not asked | -3=Not applicable | -2=No answer/Refused | -1=Don´t know | 1=You can trust most people | 2=You can never be too careful when dealing with others,haven_labelled,3,0,interpersonal_trust
2000,P17ST,Interpersonal Trust,interpersonal trust,-4=Not asked | -3=Not applicable | -2=No answer/Refused | -1=Don´t know | 1=You can trust most people | 2=You can never be too careful when dealing with others,haven_labelled,2,0.021454706730236167,interpersonal_trust
2001,p42st,Interpersonal Trust,interpersonal trust,-4=Not asked | -3=Not applicable | -2=No answer/Refused | -1=Don´t know | 1=You can trust most people | 2=You can never be too careful when dealing with others,haven_labelled,2,0.029179390237991373,interpersonal_trust
2002,p29st,Interpersonal Trust,interpersonal trust,-4=Not asked | -3=Not applicable | -2=No answer/Refused | -1=Don´t know | 1=You can trust most people | 2=You can never be too careful when dealing with others,haven_labelled,2,0.038703227649243076,interpersonal_trust
2003,p20st,Interpersonal Trust,interpersonal trust,-4=Not asked | -3=Not applicable | -2=No answer/Refused | -1=Don´t know | 1=You can trust most people | 2=You can never be too careful when dealing with others,haven_labelled,2,0.028959447309894477,interpersonal_trust
2004,p43st,Interpersonal Trust,interpersonal trust,-4=Not asked | -3=Not applicable | -2=No answer/Refused | -1=Don´t know | 1=You can trust most people | 2=You can never be too careful when dealing with others,haven_labelled,2,0.03425959449674149,interpersonal_trust
2005,p14st,Interpersonal Trust,interpersonal trust,-4=Not asked | -3=Not applicable | -2=No answer/Refused | -1=Don´t know | 1=You can trust most people | 2=You can never be too careful when dealing with others,haven_labelled,2,0.029324498071407377,interpersonal_trust
2006,p45st,Interpersonal Trust,interpersonal trust,-4=Not asked | -3=Not applicable | -2=No answer/Refused | -1=Don´t know | 1=You can trust most people | 2=You can never be too careful when dealing with others,haven_labelled,2,0.03958957195701955,interpersonal_trust
2007,p23st,Interpersonal Trust,interpersonal trust,-4=Not asked | -3=Not applicable | -2=No answer/Refused | -1=Don´t know | 1=You can trust most people | 2=You can never be too careful when dealing with others,haven_labelled,2,0.03485502776064158,interpersonal_trust
2008,p21wvsst,Interpersonal Trust,interpersonal trust,-4=Not asked | -3=Not applicable | -2=No answer/Refused | -1=Don´t know | 1=You can trust most people | 2=You can never be too careful when dealing with others,haven_labelled,2,0.027960308710033077,interpersonal_trust
2009,p58st,Interpersonal Trust,interpersonal trust,-4=Not asked | -3=Not applicable | -2=No answer/Refused | -1=Don´t know | 1=You can trust most people | 2=You can never be too careful when dealing with others,haven_labelled,2,0.029219920669898633,interpersonal_trust
2010,P55ST,Interpersonal Trust,interpersonal trust,-4=Not asked | -3=Not applicable | -2=No answer/Refused | -1=Don´t know | 1=You can trust most people | 2=You can never be too careful when dealing with others,haven_labelled,2,0.021069334861374356,interpersonal_trust
2020,P60ST,P60ST Most people say what they think about politics,t most people say what they think about politics,1=Say what they think about politics | 2=Do not say what they really think | -1=Don´t know | -2=No answer | -3=Not applicable | -4=Not asked | -5=Don´t know / No answer,haven_labelled,2,0.06394773312215403,interpersonal_trust
2023,P48ST,P48ST Most people say what they think about politics.,t most people say what they think about politics,1=Say what they think about politics. | 2=Do not say what they really think | -1=Don't know | -2=Does not answer | -3=Not applicable | -4=Not asked | -5=Does not know / Does not answer,haven_labelled,2,0.04108305128872689,interpersonal_trust
2020,P9STGBS,P9STGBS Interpersonal Trust,tgbs interpersonal trust,1=One can trust most people | 2=One can never be too careful in dealing with others | -2=No answer | -3=Not applicable | -4=Not asked,haven_labelled,2,0.03459710948327064,interpersonal_trust
2023,P9STGBS,P9STGBS Interpersonal trust,tgbs interpersonal trust,1=One can trust most people | 2=One can never be too careful in dealing with others | -1=Don't know | -2=Does not answer | -3=Not applicable | -4=Not asked | -5=Does not know / Does not answer,haven_labelled,2,0.026243165842228588,interpersonal_trust
2003,p87crd,The future of most people no longer depends on governments,the future of most people no longer depends on governments,-4=Not asked | -3=Not applicable | -2=No answer/Refused | -1=Don´t know | 1=Strongly agree | 2=Agree | 3=Disagree | 4=Strongly disagree,haven_labelled,4,0.1945772015331472,interpersonal_trust
2009,p79st.d,The future of most people no longer depends on governments,the future of most people no longer depends on governments,-4=Not asked | -3=Not applicable | -2=No answer/Refused | -1=Don´t know | 1=Strongly agree | 2=Agree | 3=Disagree | 4=Strongly disagree,haven_labelled,4,0.2147201410312913,interpersonal_trust
2000,P9N,Equal opportunities to exit poverty,equal opportunities to exit poverty,-4=Not asked | -3=Not applicable | -2=No answer/Refused | -1=Don´t know | 1=To have equal opportunities | 2=Don´t have equal opportunities,haven_labelled,2,0.01940348153897328,meritocracy
2006,p14st,Equal opportunities to exit poverty,equal opportunities to exit poverty,-4=Not asked | -3=Not applicable | -2=No answer/Refused | -1=Don´t know | 1=To have equal opportunities | 2=Don´t have equal opportunities,haven_labelled,2,0.029681169631847807,meritocracy
2000,P23N,Equal opportunities to have access to justice,equal opportunities to have access to justice,-4=Not asked | -3=Not applicable | -2=No answer/Refused | -1=Don´t know | 1=To have equal opportunities | 2=Don´t have equal opportunities,haven_labelled,2,0.02300698525335403,meritocracy
2007,p20st,Equal opportunities to have access to justice,equal opportunities to have access to justice,-4=Not asked | -3=Not applicable | -2=No answer/Refused | -1=Don´t know | 1=To have equal opportunities | 2=Don´t have equal opportunities,haven_labelled,2,0.03423812461443553,meritocracy
1995,p71b,Hard work does not guarantee success,hard work does not guarantee success,-4=Not asked | -3=Not applicable | -2=No answer/Refused | -1=Don´t know | 1=Yes | 2=No,haven_labelled,2,0.07884000441062962,meritocracy
1996,p75b,Hard work does not guarantee success,hard work does not guarantee success,-4=Not asked | -3=Not applicable | -2=No answer/Refused | -1=Don´t know | 1=Yes | 2=No,haven_labelled,2,0.09783018867924528,meritocracy
1997,sp78b,Hard work does not guarantee success,hard work does not guarantee success,-4=Not asked | -3=Not applicable | -2=No answer/Refused | -1=Don´t know | 1=Yes | 2=No,haven_labelled,2,0.09371140641209307,meritocracy
1998,sp75b,Hard work does not guarantee success,hard work does not guarantee success,-4=Not asked | -3=Not applicable | -2=No answer/Refused | -1=Don´t know | 1=Yes | 2=No,haven_labelled,5,0,meritocracy
2000,P71ST.B,Hard work does not guarantee success,hard work does not guarantee success,-4=Not asked | -3=Not applicable | -2=No answer/Refused | -1=Don´t know | 1=Yes | 2=No,haven_labelled,2,0.049783789777137155,meritocracy
2002,p13stb,Hard work does not guarantee success,hard work does not guarantee success,-4=Not asked | -3=Not applicable | -2=No answer/Refused | -1=Don´t know | 1=Yes | 2=No,haven_labelled,2,0.0792630676949443,meritocracy
2004,p62ia04,Knowledge of efforts to arrive at a free trade agreement with the US,knowledge of efforts to arrive at a free trade agreement with the us,-4=Not asked | -3=Not applicable | -2=No answer/Refused | -1=Don´t know | 1=A lot | 2=Some | 3=Little | 4=None,haven_labelled,4,0.1872737146994931,meritocracy
2002,p28wvsc,Most important qualities to teach to children: Hard work,most important qualities to teach to children hard work,-4=Not asked | -3=Not applicable | -2=No answer/Refused | -1=Don´t know | 0=Not mentioned | 1=Mentioned,haven_labelled,2,0.11825192802056556,meritocracy
2010,P30WVS.3,Most important qualities to teach to children: Hard work,most important qualities to teach to children hard work,-4=Not asked | -3=Not applicable | -2=No answer/Refused | -1=Don´t know | 0=Not mentioned | 1=Mentioned,haven_labelled,2,0.10944593820249482,meritocracy
2000,P72CG,Most important thing to have success in life,most important thing to have success in life,-4=Not asked | -3=Not applicable | -2=No answer/Refused | -1=Don´t know | 1=Education | 2=Hard work | 3=Connections | 4=Luck,haven_labelled,4,0.013693314114646856,meritocracy
2002,p14st,Most important thing to have success in life,most important thing to have success in life,-4=Not asked | -3=Not applicable | -2=No answer/Refused | -1=Don´t know | 1=Education | 2=Hard work | 3=Connections | 4=Luck,haven_labelled,4,0.01828049128820337,meritocracy
2006,p86st,Most important thing to have success in life,most important thing to have success in life,-4=Not asked | -3=Not applicable | -2=No answer/Refused | -1=Don´t know | 1=Education | 2=Hard work | 3=Connections | 4=Luck,haven_labelled,4,0.01629381715694909,meritocracy
2007,p80nf,"Problems of life in general: To be successful,  connections are more important  than effort at work",problems of life in general to be successful connections are more important than effort at work,-4=Not asked | -3=Not applicable | -2=No answer/Refused | -1=Don´t know | 1=Strongly agree | 2=Agree | 3=Disagree | 4=Strongly disagree,haven_labelled,4,0.07420463558649863,meritocracy
1995,p71a,Success in life depends on connections,success in life depends on connections,-4=Not asked | -3=Not applicable | -2=No answer/Refused | -1=Don´t know | 1=Yes | 2=No,haven_labelled,2,0.0815966479214908,meritocracy
1996,p75a,Success in life depends on connections,success in life depends on connections,-4=Not asked | -3=Not applicable | -2=No answer/Refused | -1=Don´t know | 1=Yes | 2=No,haven_labelled,2,0.08872641509433962,meritocracy
1997,sp78a,Success in life depends on connections,success in life depends on connections,-4=Not asked | -3=Not applicable | -2=No answer/Refused | -1=Don´t know | 1=Yes | 2=No,haven_labelled,2,0.08580743960875364,meritocracy
1998,sp75a,Success in life depends on connections,success in life depends on connections,-4=Not asked | -3=Not applicable | -2=No answer/Refused | -1=Don´t know | 1=Yes | 2=No,haven_labelled,5,0,meritocracy
2000,P71ST.A,Success in life depends on connections,success in life depends on connections,-4=Not asked | -3=Not applicable | -2=No answer/Refused | -1=Don´t know | 1=Yes | 2=No,haven_labelled,2,0.053387293491517905,meritocracy
2002,p13sta,Success in life depends on connections,success in life depends on connections,-4=Not asked | -3=Not applicable | -2=No answer/Refused | -1=Don´t know | 1=Yes | 2=No,haven_labelled,2,0.07835856421974674,meritocracy
2016,P22ST,P22ST Equal opportunities to have access to justice,t equal opportunities to have access to justice,-4=Not asked | -3=Not applicable | -2=No answer/Refused | -1=Don´t know | 1=Everybody have equal opportunities | 2=Don´t have equal opportunities,haven_labelled,2,0.027915264304098197,meritocracy
2015,P50ST.G,"P50ST.G Freedoms, rights, opportunities guaranteed: Equal opportunities regardless of one's origin",t g freedoms rights opportunities guaranteed equal opportunities regardless of one s origin,"-4=Not asked | -1=Don't know, no answer | 1=Strongly guaranteed | 2=Some guaranteed | 3=Little guaranteed | 4=Not at all guaranteed",haven_labelled,4,0.044,meritocracy
2010,P25NCC.A,Things one can do in order to influence a Government decision: Work through personal or familiar connections with Govern,things one can do in order to influence a government decision work through personal or familiar connections with govern,-4=Not asked | -3=Not applicable | -2=No answer/Refused | -1=Don´t know | 0=Not mentioned | 1=Mentioned,haven_labelled,2,0,meritocracy
2017,P51STMG,P51STMG Most important subjects for the development of your country: Equal opportunities for all,tmg most important subjects for the development of your country equal opportunities for all,0=Does not mention | 1=Mentioned,haven_labelled,2,0,meritocracy
1995,p36,Extremist parties should be banned /allowed,extremist parties should be banned allowed,-4=Not asked | -3=Not applicable | -2=No answer/Refused | -1=Don´t know | 1=Extremist parties should be banned | 2=Extremist parties should be allowed,haven_labelled,2,0.12636453853787627,polarization
2008,p60st,Extremist parties should be banned /allowed,extremist parties should be banned allowed,-4=Not asked | -3=Not applicable | -2=No answer/Refused | -1=Don´t know | 1=Extremist parties should be banned | 2=Extremist parties should be allowed,haven_labelled,2,0.21318632855567807,polarization
2013,P23TGBMA,P23TGBMA Vote for winning or losing camp,gbma vote for winning or losing camp,-4=Not asked | -3=Not applicable | -2=No answer | -1=Don't know | 1=Voted for the winning camp | 2=Voted for the losing camp,haven_labelled,2,0.5154216123196399,polarization
2015,P23TGBS.A,P23TGBS.A Vote for winning or losing camp,gbs a vote for winning or losing camp,-4=Not asked | -3=Not applicable | -2=No answer | -1=Don't know | 1=Voted for the winning camp | 2=Voted for the losing camp,haven_labelled,2,0.5430617283950617,polarization
2013,P22TGBSM,"P22TGBSM If elections were held this Sunday, which party would you vote for?",gbsm if elections were held this sunday which party would you vote for,"-7=No documentado | -4=No preguntada | -3=No aplica | -2=No responde | -1=No sabe | 92=Voto secreto | 93=Vota por personas, no por partidos | 94=Otros (partidos nacionales y provinciales) | 95=Vota nulo/Blanco | 96=No vota/Ninguno | 97=No inscrito/No tenía edad | 32001=AR: Frente para la Victoria (FPV) | 32002=AR: Partido Justicialista (PJ) | 32003=AR: Frente País Solidario (FREPASO) | 32004=AR: Partido Coalición Cívica; Afirmación para una República | 32005=AR: Unión Cívica Radical (UCR) | 32006=AR: Propuesta Republicana (PRO) | 32007=AR: Partido Humanista / Izquierda Unida (PH/ IU) | 32008=AR: Partido Socialista (PS) | 32009=AR: Partido Comunista (PC) | 32010=AR: Partido Demócrata Cristiano (PDC) | 32011=AR: Partido Demócrata Progresista (PDP) | 32012=AR: Movimiento Socialista de los Trabajadores (MST) | 32013=AR: Partido Obrero (PO) | 32014=AR: Partido Compromiso para el Cambio (CPC) | 32015=AR: Mov. Federal Recrear (López Murphy) | 32016=AR: Alternativa por una República de Iguales (Elisa Carrió) | 32017=AR: Izquierda Unida (IU) | 32018=AR: Partido para una República con Oportunidades (PRO) | 32019=AR: Recrear Argentina (RECREAR) | 32020=AR: Autodeterminación y Libertad (A y L) | 32021=AR: Partido Proyecto Sur | 32022=AR: Partido Peronismo Federal | 32023=AR: Unión Demócrata Independiente (UDI) | 32024=AR: Renovación Nacional (RN) | 32025=AR: Unión de Centro Centro Progresista (UCCP) | 32026=AR: Partido Radical Social Demócrata (PRSD) | 32027=AR: Partido Popular Democrático (PPD) | 32028=AR: Partido Alianza Humanista Verde (PHV) | 32029=AR: La Alianza (UCR-FREPASO) | 32030=AR: Acción por la República | 32031=AR: Partido de Rico Modín | 32032=AR: Partido Nueva Mayoría (Patricia Bullrich) | 32033=AR: Nueva Dirigencia | 32034=AR: Unión del Centro Democrático (UCD) | 32035=AR: Fuerza Republicana | 32036=AR: Partido Independencia | 32037=AR: Nuevo Movimiento al Socialismo (MAS) | 32038=AR: Nuevo Encuentro (EDE) | 32039=AR: Coalición Cívica (CC) | 32040=AR: Frente Amplio Progresista (FAP) | 32041=AR: Frente de Izquierda y los Trabajadores (FIT) | 32900=AR: No documentado | 68001=BO: Movimiento al Socialismo (MAS) | 68002=BO: Poder Democrático Social (PODEMOS) | 68003=BO: Unidad Nacional (UN) | 68004=BO: Movimiento Nacionalista Revolucionario (MNR) | 68005=BO: Movimiento de Izquierda Revolucionaria (MIR) | 68006=BO: Concertación Nacional (CN) | 68007=BO: Autonomías Para Bolivia (APB) | 68008=BO: Alianza Social (AS) | 68009=BO: Movimiento sin Miedo (MSM) | 68010=BO: Camino al Cambio (CC) | 68011=BO: Movimiento Originario Popular (MOP) | 68012=BO: Alianza Andrés Ibáñez (AAI) | 68013=BO: Movimiento Bolivia Libre (MBL) | 68014=BO: Autonomía Social Integradora (ASI) | 68015=BO: Transformación Democrática Patriótica (TRADEPA) | 68016=BO: Conciencia de Patria (CONDEPA) | 68017=BO: Falange Socialista de Bolivia (FSB) | 68018=BO: Movimiento Revolucionario Tupac Katari (MRTK) | 68019=BO: Acción Democratica Nacionalista (ADN) | 68020=BO: Partido Demócrata Cristiano (PDC) | 68021=BO: Unidad Civica Solidaridad (UCS) | 68022=BO: Frente Revolucionario de Izquierda (FRI) | 68023=BO: Izquierda Unida (IU) | 68024=BO: Partido Socialista (PS) | 68025=BO: Nueva Fuerza Republicana (NFR) | 68026=BO: Movimiento Ciudadano para el Cambio (MCC) | 68027=BO: Movimiento Indígena Pachakuti (MIP) | 68028=BO: Libertad y Justicia | 68029=BO: UN - Samuel Doria Medina | 68030=BO: Carlos Mesa G. | 68031=BO: Jorge Tuto Quiroga | 68032=BO: René Joaquino | 68033=BO: Verdes | 68034=BO: Partido Comunista Boliviano (PC) | 68035=BO: Vanguardia Socialista de Bolivia (VS) | 68036=BO: Katarismo Nacional Democrático (KND) | 68037=BO: Partido Demócrata Boliviano (PDB) | 68038=BO: Eje Pachakuti | 76001=BR: Partido dos Trabalhadores (PT) | 76002=BR: Partido Republicano Brasileiro (PRB) | 76003=BR: Partido do Movimento Democrático Brasileiro (PMDB) | 76004=BR: Partido Comunista do Brasil (PC do B) | 76005=BR: Partido Socialista Brasileiro (PSB) | 76006=BR: Partido da República (PR) | 76007=BR: Partido Trabalhista Brasileiro (PTB) | 76008=BR: Partido Democrático Trabalhista (PDT) | 76009=BR: Partido Verde (PV) | 76010=BR: Partido Progressita (PP) | 76011=BR: Partido da Social Democracia Brasileira (PSDB) | 76012=BR: Democratas (DEM) (ex-PFL) | 76013=BR: Partido Popular Socialista (PPS) | 76014=BR: Partido Socialismo e Liberdade (PSOL) | 76015=BR: Partido Social Demócrata Cristão (PSDC) | 76016=BR: Partido Trabalhista Cristão (PTC) | 76017=BR: Partido Trabalhista do Brasil (PT do B) | 76018=BR: Partido Republicano Progresista (PRP) | 76019=BR: Partido Social Liberal (PSL) | 76020=BR: Partido Da Frente Liberal (PFL) | 76021=BR: Partido Liberal (PL) | 76022=BR: Partido de Reedificação da Ordem Nacional | 76023=BR: Partido Socialista de los Trabajadores Unificado (PSTU) | 76024=BR: Partido Progressista Brasileiro (PPB) | 76025=BR: Partido de la Reconstrucción del Orden Nacional (PRONA) | 76026=BR: Partido Social Cristiano (PSC) | 76027=BR: Partido Socialista dos Trabalhadores Unificado (PSTU) | 76028=BR: Partido Social Democrático (PSD) | 76029=BR: Partido Humanista da Solidariedade (PHS) | 76030=BR: Partido de la Reconstrucción Nacional (PRN) | 76031=BR: Partido Progressista Renovador (PPR) | 152001=CL: Partido Demócrata Cristiano (PDC) | 152002=CL: Partido por la Democracia (PPD) | 152003=CL: Partido Socialista (PS) | 152004=CL: Partido Radical Social Democrático (PRSD) | 152005=CL: Unión Demócrata Independiente (UDI) | 152006=CL: Renovación Nacional (RN) | 152007=CL: Partido Comunista (PC) | 152008=CL: Partido Humanista (PH) | 152009=CL: Partido Regionalista de los Independiente (PRI) | 152010=CL: Unión de Centro Centro Progresista (UCCP) | 152011=CL: Partido Humanista Verde (PHV) | 152012=CL: Concertación de Partidos por la Democracia | 152013=CL: Alianza por Chile | 152014=CL: Vota por personas | 152015=CL: Juntos Podemos | 152016=CL: Joaquín Lavín | 152017=CL: Sebastián Piñera | 152018=CL: Michelle Bachelet | 152019=CL: Tomás Hirsch | 152020=CL: Partido Progresista (MEO) | 152021=CL: Concertación | 152022=CL: Partido de Izquierda | 152023=CL: Partido de Derecha | 152024=CL: Independiente | 170001=CO: Partido Social de Unidad Nacional, Partido de la U | 170002=CO: Partido Cambio Radical (PCR) | 170003=CO: Partido Conservador Colombiano (PCC) | 170004=CO: Partido Liberal Colombiano (PLC) | 170005=CO: Partido Polo Democrático Alternativo (PDA) | 170006=CO: Alas Equipo Colombia | 170007=CO: Alianza Social Indígena | 170008=CO: Partido Convergencia Ciudadana | 170009=CO: Partido Colombia Democrática | 170010=CO: Movimiento MIRA | 170011=CO: Movimiento Colombia Viva | 170012=CO: Movimiento Apertura Liberal | 170013=CO: Independiente (IN) | 170014=CO: Partido Verde Opción Centro (PVC) | 170015=CO: Movimiento Autoridades Indígenas de Colombia (AICO) | 170016=CO: Movimiento Alianza Social Indígena (ASI) | 170017=CO: Partido de Integración Nacional (PIN) | 170018=CO: Movimiento Nacional Afrocolombiano AFRO | 170019=CO: Movimiento Alianza Social Afrocolombiana | 170020=CO: Nuevo Liberal | 170021=CO: Partido de Izquierda | 170022=CO: Partido Cristiano | 170023=CO: Partido Democrático | 170024=CO: Partido Ecológico | 170025=CO: Partido Social Democrático | 170026=CO: Movimiento Nacional Conservador | 170027=CO: Unión Patriótica | 170028=CO: Movimiento Unión Cristiana | 170029=CO: Alianza Democrática M19 | 170030=CO: Movimiento Salvación Nacional | 170031=CO: Movimiento Fuerza Progresista | 170032=CO: Movimiento Cívico Independiente | 170033=CO: Movimiento Único de Renovación Conservador MURCO | 170034=CO: Movimiento Corriente de Renovación Socialista | 170035=CO: Movimiento Independiente Obrero y Revolucionario MOIR | 170036=CO: Movimiento Ciudadano | 188001=CR: Partido de Liberación Nacional (PLN) | 188002=CR: Partido Acción Ciudadana (PAC) | 188003=CR: Movimiento Libertario (ML) | 188004=CR: Partido Unidad Social Cristiana (PUSC) | 188005=CR: Alianza Nacional Cristiana (ANC) | 188006=CR: Partido Fuerza Democrática (FD) | 188007=CR: Partido Independiente Obrero (PIO) | 188008=CR: Partido Integración Nacional (PIN) | 188009=CR: Partido Patriótico Nacional (PN) | 188010=CR: Partido Pueblo Unido (PPU) | 188011=CR: Partido Renovación Costarricense (PRC) | 188012=CR: Partido Rescate Nacional (PRN) | 188013=CR: Partido Unión General (PUGEN) | 188014=CR: Unión para el Cambio (UPC) | 188015=CR: Accesibilidad sin Exclusión | 188016=CR: Frente Amplio | 188017=CR: Partido Demócrata | 188018=CR: Partido Nacional Independiente | 188019=CR: Alianza Patriótica (AP) | 188020=CR: Partido Restauración Nacional (PRN) | 214001=DO: Partido de la Liberación Dominicana (PLD) | 214002=DO: Partido Revolucionario Dominicano (PRD) | 214003=DO: Partido Reformista Social Cristiano (PRSC) | 214004=DO: Partido de Unidad Democrática (UD) | 214005=DO: Partido Alianza por la Democracia (APD) | 214006=DO: Partido Alianza Social Dominicana (ASD) | 214007=DO: Partido Bloque Institucional (BIS) | 214008=DO: Partido Demócrata Popular (PDP) | 214009=DO: Partido Fuerza de la Revolución (FR) | 214010=DO: Partido Fuerza Nacional Progresista (FNP) | 214011=DO: Partido Liberal de la República Dominicana (PLRD) | 214012=DO: Movimiento Independencia, Unidad y Cambio (MIUCA) | 214013=DO: Movimiento Popular Dominicano (MPD) | 214014=DO: Partido Nacional de Veteranos y Civiles (PNVC) | 214015=DO: Partido Nueva Alternativa (PNA) | 214016=DO: Partido Popular Cristiano (PPC) | 214017=DO: Partido Quisqueyano Demócrata Cristiano (PQD) | 214018=DO: Partido Renacentista Nacional (PRN) | 214019=DO: Partido Revolucionario Independiente (PRI) | 214020=DO: Partido de los Trabajadores Dominicanos  (PTD) | 214021=DO: Partido de la Unión Demócrata Cristiana (UDC) | 214022=DO: Partido de Unidad Nacional (PUN) | 218001=EC: Movimiento Alianza País | 218002=EC: Movimiento Pachakutik (PK) | 218003=EC: Movimiento Popular Democrático (MPD) | 218004=EC: Izquierda Democrática (ID) | 218005=EC: Partido Roldosista Ecuatoriano (PRE) | 218006=EC: Partido Concentración de Fuerzas Populares (CFP) | 218007=EC: Partido Socialista-Frente Amplio (PS-FA) | 218008=EC: Partido Libertad (PLE) | 218009=EC: Partido Renovador Inst. Acción Nacional (PRIAN) | 218010=EC: Partido Social Cristiano (PSC) | 218011=EC: Partido Sociedad Patriótica 21 de Enero | 218012=EC: Democracia Popular (DP) | 218013=EC: Partido Unión Demócrata Cristiana (UDC) | 218014=EC: Partido Liberal Radical (PLR) | 218015=EC: Partido Movimiento de Acuerdo Nacional (MANA) | 218016=EC: Partido Una Nueva Opción (UNO) | 218017=EC: Frente Radical Alfarista (FRA) | 218018=EC: Partido Conservador (PC) | 218019=EC: Alianza RED-ID | 218020=EC: Movimiento Indígena Amauta Jatari | 218021=EC: Partido Socialista Ecuatoriano (PSE) | 218022=EC: Partido Conservador - Unidad Nacional (PUN) | 218023=EC: Partido Liberal (PL) | 218024=EC: Acción Popular Revolucionaria (APRE) | 218025=EC: Movimiento Nuevo País (NP) | 218026=EC: Pachakutic-Nuevo País | 218027=EC: Partido de Unión Republicana (PUR) | 218028=EC: Liberación Nacional (PL) | 218029=EC: Movimiento Ruptura | 218030=EC: Movimiento Equidad, Progreso y Orden (EQUIPO) | 218031=EC: Partido Sociedad Patriótica (PSP) | 218032=EC: Movimiento Patria Altiva y Soberana (PAIS) | 222001=SV: Frente Farabundo Martí para la Liberación Nacional  (FML | 222002=SV: Alianza Republicana Nacionalista (ARENA) | 222003=SV: Partido de Conciliación Nacional (PCN) | 222004=SV: Partido Demócrata Cristiano (PDC) | 222005=SV: Centro Demócrata Unido (CDU) | 222006=SV: Fuerza Cristiana | 222007=SV: Movimiento Auténtico Cristiano (MAC) | 222008=SV: Movimiento Estable Republicano Centrista (MERECEN) | 222009=SV: Movimiento Renovador (MR) | 222010=SV: Partido Acción Demócrata (AD) | 222011=SV: Partido Acción Renovadora (PAR) | 222012=SV: Partido Auténtico Institucional Salvadoreño (PAISA) | 222013=SV: Partido Demócrata (PD) | 222014=SV: Partido Liberal Democrático (PLD) | 222015=SV: Partido Nacional Liberal (PNL) | 222016=SV: Partido de Orientación Popular (POP) | 222017=SV: Partido Popular Laborista (PPL) | 222018=SV: Partido Popular Republicano (PPR) | 222019=SV: Partido Popular Salvadoreño (PPS) | 222020=SV: Partido Social Demócrata (PSD) | 222021=SV: Unión Social Cristiana (USC) | 222022=SV: Gran Alianza por la Unidad Nacional (GANA) | 222023=SV: Liga Democrática Republicana (LIDER) | 222024=SV: Pueblo Unido Nuevo Trato (PUNTO) | 222025=SV: Frente Democrático Revolucionario (FDR) | 222026=SV: Partido Acción Nacional | 222027=SV: Partido Convergencia Democrática | 222028=SV: Movimiento de Solidaridad Nacional (MSN) | 320001=GT: Unidad Nacional de Esperanza (UNE) | 320002=GT: Partido Patriota (PP) | 320003=GT: Gran Alianza Nacional (GANA) | 320004=GT: Centro de Acción Social (CASA) | 320005=GT: Encuentro por Guatemala (EG) | 320006=GT: Partido Unionista (PU) | 320007=GT: Frente Republicano Guatemalteco (FRG) | 320008=GT: Unión del Cambio Nacional (UCN) | 320009=GT: Partido de Avanzada Nacional (PAN) | 320010=GT: Unión Democrática (UD) | 320011=GT: Unidad Revolucionaria Nacional Guatemalteca (URNG) | 320012=GT: Democracia Cristiana Guatemalteca (DCG) | 320013=GT: Desarrollo Integral Auténtico (DIA) | 320014=GT: Alianza Nueva Nación (ANN) | 320015=GT: Bienestar Nacional (BIEN) | 320016=GT: Los Verdes (LV) | 320017=GT: Movimiento de Liberación Nacional (MLN) | 320018=GT: Movimiento de Principios y Valores (MPV) | 320019=GT: Movimiento Reformador (MR) | 320020=GT: Partido Libertador Progresista (PLP) | 320021=GT: Partido de Solidaridad Nacional (PSN) | 320022=GT: Transparencia | 320023=GT: No documentado - 923 | 320024=GT: No documentado - 924 | 320025=GT: No documentado - 925 | 320026=GT: No documentado - 926 | 320027=GT: No documentado - 927 | 320028=GT: No documentado - 928 | 320029=GT: No documentado - 929 | 320030=GT: No documentado - 930 | 320031=GT: Partido Político Visión con Valores (VIVA) | 320032=GT: Compromiso Renovación y Orden (CREO) | 320033=GT: Libertad Democrática Renovada (LIDER) | 320034=GT: Victoria (VICTORIA) | 320035=GT: Frente Democrático Nueva Guatemala (FDNG) | 320036=GT: Partido Demócrata Cristiano  (PDC) | 320037=GT: Acción Reconciliadora Democrática (ARDE) | 320038=GT: Unidad Nacionalista Organizada (UNO) | 320900=GT: UNA | 340001=HO: Partido Liberal (PL) | 340002=HO: Partido Nacional de Honduras (PNH) | 340003=HO: Partido de Unión Democrática (PUD) | 340004=HO: Partido Demócrata Cristiano de Honduras (PDCH) | 340005=HO: Partido Innovación y Unidad (PINU) | 340006=HO: El Partido Libertad y Refundación (LIBRE) | 340007=HO: El Partido Anti Corrupción (PAC) | 484001=MX: Partido Acción Nacional (PAN) | 484002=MX: Partido Revolucionario Institucional (PRI) | 484003=MX: Partido de la Revolución Democrática (PRD) | 484004=MX: Partido Verde Ecologista de México (PVEM) | 484005=MX: Partido del Trabajo (PT) | 484006=MX: Partido Nueva Alianza (PANAL) | 484007=MX: Convergencia | 484008=MX: Alternativa Socialdemócrata (antes Alternativa Socialdem | 484009=MX: Partido de Centro Democrático (PCD) | 484010=MX: Partido Auténtico de la Revolución Mexicana (PARM) | 484011=MX: Partido Social Demócrata (PSD) | 484012=MX: Partido Popular Socialista (PPS) | 484013=MX: Partido del Frente Cardenista de Reconstrucción Nacional | 484014=MX: Movimiento ciudadano (MC) | 558001=NI: Partido Frente Sandinista de Liberación Nacional (FSLN) | 558002=NI: Partido Liberal Constitucionalista (PLC) | 558003=NI: Partido Alianza Liberal Nicaragüense (ALN) | 558004=NI: Alianza Partido Movimiento Renovador Sandinista (MRS) | 558005=NI: Partido Resistencia Nicaragüense (PRN) | 558006=NI: Partido Social Cristiano (PSC) | 558007=NI: Partido Camino Cristiano Nicaragüense (CCN) | 558008=NI: Partido Conservador (PC) | 558009=NI: Partido Yatama (YATAMA) | 558010=NI: Partido Movimiento Renovador Sandinista (MRS) | 558011=NI: Alianza por la República (APRE) | 558012=NI: Alternativa Cristiana (AC) | 558013=NI: Partido Acción Ciudadana (PAC) | 558014=NI: Partido Acción Nacional Conservadora (ANC) | 558015=NI: Partido Alianza Conservadora (ALCON) | 558016=NI: Partido Arriba la República (PAR) | 558017=NI: Partido Liberal 1913 (PL-1913) | 558018=NI: Partido Liberal Independiente (PLI) | 558019=NI: Partido Liberal Nacionalista (PLN) | 558020=NI: Partido Liberal de Unidad Nacional (PLIUN) | 558021=NI: Partido Movimiento de Acción Conservadora (MAC) | 558022=NI: Partido Movimiento de Salvación Liberal (MSL) | 558023=NI: Partido Movimiento de Unidad Cristiana (MUC) | 558024=NI: Movimiento de Unidad Revolucionaria (MUR) | 558025=NI: Proyecto Nacional (PRONAL) | 558026=NI: Partido Nacional Demócrata (PND) | 558027=NI: Partido Neoliberal (PALI) | 558028=NI: Partido Revolucionario de los Trabajadores (PRT) | 558029=NI: Partido Social Demócrata (PSD) | 558030=NI: Partido Socialista (PS) | 558031=NI: Partido de Unidad Demócrata (PUDE) | 558032=NI: Partido Unión Demócrata Cristiana (UDC) | 558033=NI: Partido Unionista Centroamericano (PUCA) | 558034=NI: Alternativa por el Cambio (AC) | 558035=NI: No documentado - 1235 | 558036=NI: No documentado - 1236 | 558037=NI: No documentado - 1237 | 558038=NI: No documentado - 1238 | 558039=NI: Unión Nacional Opositora (UNO) | 558040=NI: Unión Democrática de Liberación (UDEL) | 558041=NI: Alianza Pan y Fuerza | 558900=NI: Izquierda | 558901=NI: Tercera opción | 558902=NI: Alianza Evangélica Nicaragüense | 558942=NI: Partido Alianza Liberal (PAL) | 558943=NI: Frente de Liberación Nacional (FLN) | 591001=PA: Partido Revolucionario Democrático (PRD) | 591002=PA: Movimiento Liberal Republicano Nacionalista (MOLIRENA) | 591003=PA: Unión Patriótica (UP) | 591004=PA: Partido Cambio Democrático (CD) | 591005=PA: Partido Panameñista (PP) | 591006=PA: Partido Popular (PP) | 591007=PA: Vanguardia Moral a la Patria | 591008=PA: Partido Arnulfista (PA) | 591009=PA: Partido Solidaridad (PS) | 591010=PA: Partido Liberal Nacional (PLN) | 591011=PA: Partido Liberal (PL) | 591012=Partido Demócrata Cristiano (PDC) | 591013=Partido Papa Egoro | 591014=Partido Movimiento Liberal | 591015=Partido Nacionalista Popular | 600001=PY: Partido Liberal Radical Auténtico (PLRA) | 600002=PY: Partido País Solidario (PPS) | 600003=PY: Partido Encuentro Nacional (PEN) | 600004=PY: Partido del Movimiento al Socialismo (PMAS) | 600005=PY: Partido Democrático Progresista (PDP) | 600006=PY: Movimiento Popular Tekojojá (MPT) | 600007=PY: Asociación Nacional Republicana (ANR) | 600008=PY: Unión Nacional de Ciudadanos Éticos (UNACE) | 600009=PY: Partido Patria Querida (PPQ) | 600010=PY: Partido Revolucionario Febrerista (PRF) | 600011=PY: Partido Comunista Paraguayo (PCP) | 600012=PY: Partido Blanco (PB) | 600013=PY: Partido Colorado (PC) | 600014=PY: Partido Demócrata Cristiano (PDC) | 604001=PE: Partido Aprista Peruano (PAP) | 604002=PE: Partido Nacionalista Peruano (PNP) | 604003=PE: Acción Popular (AP) | 604004=PE: Perú Posible (PC) | 604005=PE: Partido Popular Cristiano (PPC) | 604006=PE: Restauración Nacional (RN) | 604007=PE: Renovación (R) | 604008=PE: Sí Cumple/Alianza Fujimorista (SC)/Fuerza 2011 | 604009=PE: Somos Perú (SP) | 604010=PE: Partido Solidaridad Nacional (PSN) | 604011=PE: Unidad Nacional (Partido Popular Cristiano-Solidaridad N | 604012=PE: Unión por el Perú (UPP) | 604013=PE: Alianza por el Futuro (AF) | 604014=PE: Frente de Centro (Somos Perú-Acción Popular) | 604015=PE: Unión por el Perú / Partido Nacionalista Peruano | 604016=PE: Frente Independiente Moralizador (FIM) | 604017=PE: Cambio 90 | 604018=PE: Vamos Vecino | 604019=PE: Alianza Popular Revolucionaria Americana (APRA) | 604020=PE: Partido Renacimiento Andino (PRAN) | 604021=PE: Unión por el Perú/Social Democracia (UPP-SI) | 604022=PE: Partido Proyecto País | 604023=PE: Frente Popular Agrícola Fia del Perú (PREPAP) | 604024=PE: Movimiento Independiente Agrario (MIA) | 604025=PE: Izquierda Unida (IU) | 604026=Frente Nacional de Trabajadores y Campesinos (FRENATRACA) | 604027=Frente Popular Agrícola FIA del Perú (FREPAP) | 604090=PE: Partido Independiente | 724001=ES: Partido Socialista Obrero Español (PSOE) | 724002=ES: Partido Popular (PP) | 724003=ES: Izquierda Unida (IU/ICV) | 724004=ES: Convergencia i Unió (CiU) | 724005=ES: Partido Nacionalista Vasco (PNV) | 724006=ES: Unión Progreso y Democracia (UPyD) | 724007=ES: Esquerra Republicana de Catalunya (ERC) | 724008=ES: Bloque Nacionalista Gallego (BNG) | 724009=ES: Coalición Canaria (CC) | 724010=ES: Nafarroa Bai (Na Bai) | 724011=ES: Unión del Pueblo Navarro (UPN) | 724012=ES: Eusko Alkartasuna (EA) | 724013=ES: Herri Batasuna (HB) | 724014=ES: Iniciativa por Catalunya-Los Verdes(IC-EV) | 724015=ES: Partido Andalucista (PA) | 724016=ES: Unió Valenciana (UV) | 858001=UY: Frente Amplio (FA) | 858002=UY: Partido Nacional (PN) | 858003=UY: Partido Colorado (PC) | 858004=UY: Partido Independiente (PI) | 858005=UY: Asamblea Popular | 858006=UY: Nuevo Espacio | 858007=UY: Encuentro Progresista-Frente Amplio | 862001=VE: Partido Socialista Unido de Venezuela (PSUV) | 862002=VE: Patria Para Todos (PPT) | 862003=VE: Partido Comunista de Venezuela (PCV) | 862004=VE: Tupamaro | 862005=VE: Unión Popular Venezolana (UPV) | 862006=VE: Un Nuevo Tiempo (UNT) | 862007=VE: Primero Justicia (PJ) | 862008=VE: Acción Democrática (AD) | 862009=VE: Comite de Organización Política Electoral Independ (COPE | 862010=VE: Movimiento al Socialismo (MAS) | 862011=VE: Proyecto Venezuela (PV) | 862012=VE: Por la Democracia Social (PODEMOS) | 862013=VE: Gente Emergente (GE) | 862014=VE: La Causa Radical (LCR) | 862015=VE: Venezuela de Primera (VDP) | 862016=VE: Alianza Bravo Pueblo (ABP) | 862017=VE: Bandera Roja (BR) | 862018=VE: Movimiento V República (MVR) | 862019=VE: Movimiento Electoral del Pueblo (MEP) | 862020=VE: PIEDRA | 862021=VE: Un Solo Pueblo (USP) | 862022=VE: Convergencia | 862023=VE: Partidos independientes | 862024=VE: Mesa de la Unidad Democrática (MUD)/ Unidad/ partidos de | 862025=VE: Buscando soluciones | 862026=VE: Cuentas para todos | 862027=VE: Voluntad Popular | 862028=VE: Partido de la Oposición | 862029=VE: Integración y Renovación Nueva Esperanza (IRENE) | 862030=VE: Apertura a la Participación Nacional | 862031=VE: Movimiento Bolivariano Revolucionario (MBR)-200",haven_labelled,158,0.28125137889952784,polarization
2015,P23TGBSM,"P23TGBSM If elections were held this Sunday, which party would you vote for?",gbsm if elections were held this sunday which party would you vote for,"-7=No documentado | -4=No preguntada | -3=No aplica | -2=No responde | -1=No sabe | 92=Voto secreto | 93=Vota por personas, no por partidos | 94=Otros (partidos nacionales y provinciales) | 95=Vota nulo/Blanco | 96=No vota/Ninguno | 97=No inscrito/No tenía edad | 32001=AR: Frente para la Victoria (FPV) | 32002=AR: Partido Justicialista (PJ) | 32003=AR: Frente País Solidario (FREPASO) | 32004=AR: Partido Coalición Cívica; Afirmación para una República | 32005=AR: Unión Cívica Radical (UCR) | 32006=AR: Propuesta Republicana (PRO) | 32007=AR: Partido Humanista / Izquierda Unida (PH/ IU) | 32008=AR: Partido Socialista (PS) | 32009=AR: Partido Comunista (PC) | 32010=AR: Partido Demócrata Cristiano (PDC) | 32011=AR: Partido Demócrata Progresista (PDP) | 32012=AR: Movimiento Socialista de los Trabajadores (MST) | 32013=AR: Partido Obrero (PO) | 32014=AR: Partido Compromiso para el Cambio (CPC) | 32015=AR: Mov. Federal Recrear (López Murphy) | 32016=AR: Alternativa por una República de Iguales (Elisa Carrió) | 32017=AR: Izquierda Unida (IU) | 32018=AR: Partido para una República con Oportunidades (PRO) | 32019=AR: Recrear Argentina (RECREAR) | 32020=AR: Autodeterminación y Libertad (A y L) | 32021=AR: Partido Proyecto Sur | 32022=AR: Partido Peronismo Federal | 32023=AR: Unión Demócrata Independiente (UDI) | 32024=AR: Renovación Nacional (RN) | 32025=AR: Unión de Centro Centro Progresista (UCCP) | 32026=AR: Partido Radical Social Demócrata (PRSD) | 32027=AR: Partido Popular Democrático (PPD) | 32028=AR: Partido Alianza Humanista Verde (PHV) | 32029=AR: La Alianza (UCR-FREPASO) | 32030=AR: Acción por la República | 32031=AR: Partido de Rico Modín | 32032=AR: Partido Nueva Mayoría (Patricia Bullrich) | 32033=AR: Nueva Dirigencia | 32034=AR: Unión del Centro Democrático (UCD) | 32035=AR: Fuerza Republicana | 32036=AR: Partido Independencia | 32037=AR: Nuevo Movimiento al Socialismo (MAS) | 32038=AR: Nuevo Encuentro (EDE) | 32039=AR: Coalición Cívica (CC) | 32040=AR: Frente Amplio Progresista (FAP) | 32041=AR: Frente de Izquierda y los Trabajadores (FIT) | 32042=AR: Frente Renovador (FR) | 32043=AR: Partido Humanista | 32900=AR: No documentado | 68001=BO: Movimiento al Socialismo (MAS) | 68002=BO: Poder Democrático Social (PODEMOS) | 68003=BO: Unidad Nacional (UN) | 68004=BO: Movimiento Nacionalista Revolucionario (MNR) | 68005=BO: Movimiento de Izquierda Revolucionaria (MIR) | 68006=BO: Concertación Nacional (CN) | 68007=BO: Autonomías Para Bolivia (APB) | 68008=BO: Alianza Social (AS) | 68009=BO: Movimiento sin Miedo (MSM) | 68010=BO: Camino al Cambio (CC) | 68011=BO: Movimiento Originario Popular (MOP) | 68012=BO: Alianza Andrés Ibáñez (AAI) | 68013=BO: Movimiento Bolivia Libre (MBL) | 68014=BO: Autonomía Social Integradora (ASI) | 68015=BO: Transformación Democrática Patriótica (TRADEPA) | 68016=BO: Conciencia de Patria (CONDEPA) | 68017=BO: Falange Socialista de Bolivia (FSB) | 68018=BO: Movimiento Revolucionario Tupac Katari (MRTK) | 68019=BO: Acción Democratica Nacionalista (ADN) | 68020=BO: Partido Demócrata Cristiano (PDC) | 68021=BO: Unidad Civica Solidaridad (UCS) | 68022=BO: Frente Revolucionario de Izquierda (FRI) | 68023=BO: Izquierda Unida (IU) | 68024=BO: Partido Socialista (PS) | 68025=BO: Nueva Fuerza Republicana (NFR) | 68026=BO: Movimiento Ciudadano para el Cambio (MCC) | 68027=BO: Movimiento Indígena Pachakuti (MIP) | 68028=BO: Libertad y Justicia | 68029=BO: UN - Samuel Doria Medina | 68030=BO: Carlos Mesa G. | 68031=BO: Jorge Tuto Quiroga | 68032=BO: René Joaquino | 68033=BO: Verdes | 68034=BO: Partido Comunista Boliviano (PC) | 68035=BO: Vanguardia Socialista de Bolivia (VS) | 68036=BO: Katarismo Nacional Democrático (KND) | 68037=BO: Partido Demócrata Boliviano (PDB) | 68038=BO: Eje Pachakuti | 68039=BO: Partido Verde de Bolivia-Instrumento de la Ecología Polí | 68040=BO: Unidad Demócrata (UD) | 68041=BO: Primero el Beni | 76001=BR: Partido dos Trabalhadores (PT) | 76002=BR: Partido Republicano Brasileiro (PRB) | 76003=BR: Partido do Movimento Democrático Brasileiro (PMDB) | 76004=BR: Partido Comunista do Brasil (PC do B) | 76005=BR: Partido Socialista Brasileiro (PSB) | 76006=BR: Partido da República (PR) | 76007=BR: Partido Trabalhista Brasileiro (PTB) | 76008=BR: Partido Democrático Trabalhista (PDT) | 76009=BR: Partido Verde (PV) | 76010=BR: Partido Progressita (PP) | 76011=BR: Partido da Social Democracia Brasileira (PSDB) | 76012=BR: Democratas (DEM) (ex-PFL) | 76013=BR: Partido Popular Socialista (PPS) | 76014=BR: Partido Socialismo e Liberdade (PSOL) | 76015=BR: Partido Social Demócrata Cristão (PSDC) | 76016=BR: Partido Trabalhista Cristão (PTC) | 76017=BR: Partido Trabalhista do Brasil (PT do B) | 76018=BR: Partido Republicano Progresista (PRP) | 76019=BR: Partido Social Liberal (PSL) | 76020=BR: Partido Da Frente Liberal (PFL) | 76021=BR: Partido Liberal (PL) | 76022=BR: Partido de Reedificação da Ordem Nacional | 76023=BR: Partido Socialista de los Trabajadores Unificado (PSTU) | 76024=BR: Partido Progressista Brasileiro (PPB) | 76025=BR: Partido de la Reconstrucción del Orden Nacional (PRONA) | 76026=BR: Partido Social Cristiano (PSC) | 76027=BR: Partido Socialista dos Trabalhadores Unificado (PSTU) | 76028=BR: Partido Social Democrático (PSD) | 76029=BR: Partido Humanista da Solidariedade (PHS) | 76030=BR: Partido de la Reconstrucción Nacional (PRN) | 76031=BR: Partido Progressista Renovador (PPR) | 152001=CL: Partido Demócrata Cristiano (PDC) | 152002=CL: Partido por la Democracia (PPD) | 152003=CL: Partido Socialista (PS) | 152004=CL: Partido Radical Social Democrático (PRSD) | 152005=CL: Unión Demócrata Independiente (UDI) | 152006=CL: Renovación Nacional (RN) | 152007=CL: Partido Comunista (PC) | 152008=CL: Partido Humanista (PH) | 152009=CL: Partido Regionalista de los Independiente (PRI) | 152010=CL: Unión de Centro Centro Progresista (UCCP) | 152011=CL: Partido Humanista Verde (PHV) | 152012=CL: Concertación de Partidos por la Democracia | 152013=CL: Alianza por Chile | 152014=CL: Vota por personas | 152015=CL: Juntos Podemos | 152016=CL: Joaquín Lavín | 152017=CL: Sebastián Piñera | 152018=CL: Michelle Bachelet | 152019=CL: Tomás Hirsch | 152020=CL: Partido Progresista (MEO) | 152021=CL: Concertación | 152022=CL: Partido de Izquierda | 152023=CL: Partido de Derecha | 152024=CL: Independiente | 170001=CO: Partido Social de Unidad Nacional, Partido de la U | 170002=CO: Partido Cambio Radical (PCR) | 170003=CO: Partido Conservador Colombiano (PCC) | 170004=CO: Partido Liberal Colombiano (PLC) | 170005=CO: Partido Polo Democrático Alternativo (PDA) | 170006=CO: Alas Equipo Colombia | 170007=CO: Alianza Social Indígena | 170008=CO: Partido Convergencia Ciudadana | 170009=CO: Partido Colombia Democrática | 170010=CO: Movimiento MIRA | 170011=CO: Movimiento Colombia Viva | 170012=CO: Movimiento Apertura Liberal | 170013=CO: Independiente (IN) | 170014=CO: Partido Verde Opción Centro (PVC) | 170015=CO: Movimiento Autoridades Indígenas de Colombia (AICO) | 170016=CO: Movimiento Alianza Social Indígena (ASI) | 170017=CO: Partido de Integración Nacional (PIN) | 170018=CO: Movimiento Nacional Afrocolombiano AFRO | 170019=CO: Movimiento Alianza Social Afrocolombiana | 170020=CO: Nuevo Liberal | 170021=CO: Partido de Izquierda | 170022=CO: Partido Cristiano | 170023=CO: Partido Democrático | 170024=CO: Partido Ecológico | 170025=CO: Partido Social Democrático | 170026=CO: Movimiento Nacional Conservador | 170027=CO: Unión Patriótica | 170028=CO: Movimiento Unión Cristiana | 170029=CO: Alianza Democrática M19 | 170030=CO: Movimiento Salvación Nacional | 170031=CO: Movimiento Fuerza Progresista | 170032=CO: Movimiento Cívico Independiente | 170033=CO: Movimiento Único de Renovación Conservador MURCO | 170034=CO: Movimiento Corriente de Renovación Socialista | 170035=CO: Movimiento Independiente Obrero y Revolucionario MOIR | 170036=CO: Movimiento Ciudadano | 170037=CO: Centro Democrático (CD) | 188001=CR: Partido de Liberación Nacional (PLN) | 188002=CR: Partido Acción Ciudadana (PAC) | 188003=CR: Movimiento Libertario (ML) | 188004=CR: Partido Unidad Social Cristiana (PUSC) | 188005=CR: Alianza Nacional Cristiana (ANC) | 188006=CR: Partido Fuerza Democrática (FD) | 188007=CR: Partido Independiente Obrero (PIO) | 188008=CR: Partido Integración Nacional (PIN) | 188009=CR: Partido Patriótico Nacional (PN) | 188010=CR: Partido Pueblo Unido (PPU) | 188011=CR: Partido Renovación Costarricense (PRC) | 188012=CR: Partido Rescate Nacional (PRN) | 188013=CR: Partido Unión General (PUGEN) | 188014=CR: Unión para el Cambio (UPC) | 188015=CR: Accesibilidad sin Exclusión | 188016=CR: Frente Amplio | 188017=CR: Partido Demócrata | 188018=CR: Partido Nacional Independiente | 188019=CR: Alianza Patriótica (AP) | 188020=CR: Partido Restauración Nacional (PRN) | 214001=DO: Partido de la Liberación Dominicana (PLD) | 214002=DO: Partido Revolucionario Dominicano (PRD) | 214003=DO: Partido Reformista Social Cristiano (PRSC) | 214004=DO: Partido de Unidad Democrática (UD) | 214005=DO: Partido Alianza por la Democracia (APD) | 214006=DO: Partido Alianza Social Dominicana (ASD) | 214007=DO: Partido Bloque Institucional (BIS) | 214008=DO: Partido Demócrata Popular (PDP) | 214009=DO: Partido Fuerza de la Revolución (FR) | 214010=DO: Partido Fuerza Nacional Progresista (FNP) | 214011=DO: Partido Liberal de la República Dominicana (PLRD) | 214012=DO: Movimiento Independencia, Unidad y Cambio (MIUCA) | 214013=DO: Movimiento Popular Dominicano (MPD) | 214014=DO: Partido Nacional de Veteranos y Civiles (PNVC) | 214015=DO: Partido Nueva Alternativa (PNA) | 214016=DO: Partido Popular Cristiano (PPC) | 214017=DO: Partido Quisqueyano Demócrata Cristiano (PQD) | 214018=DO: Partido Renacentista Nacional (PRN) | 214019=DO: Partido Revolucionario Independiente (PRI) | 214020=DO: Partido de los Trabajadores Dominicanos  (PTD) | 214021=DO: Partido de la Unión Demócrata Cristiana (UDC) | 214022=DO: Partido de Unidad Nacional (PUN) | 214023=DO: Partido Revolucionario Moderno (Mayoritario) (PRM) | 218001=EC: Movimiento Alianza País | 218002=EC: Movimiento Pachakutik (PK) | 218003=EC: Movimiento Popular Democrático (MPD) | 218004=EC: Izquierda Democrática (ID) | 218005=EC: Partido Roldosista Ecuatoriano (PRE) | 218006=EC: Partido Concentración de Fuerzas Populares (CFP) | 218007=EC: Partido Socialista-Frente Amplio (PS-FA) | 218008=EC: Partido Libertad (PLE) | 218009=EC: Partido Renovador Inst. Acción Nacional (PRIAN) | 218010=EC: Partido Social Cristiano (PSC) | 218011=EC: Partido Sociedad Patriótica 21 de Enero | 218012=EC: Democracia Popular (DP) | 218013=EC: Partido Unión Demócrata Cristiana (UDC) | 218014=EC: Partido Liberal Radical (PLR) | 218015=EC: Partido Movimiento de Acuerdo Nacional (MANA) | 218016=EC: Partido Una Nueva Opción (UNO) | 218017=EC: Frente Radical Alfarista (FRA) | 218018=EC: Partido Conservador (PC) | 218019=EC: Alianza RED-ID | 218020=EC: Movimiento Indígena Amauta Jatari | 218021=EC: Partido Socialista Ecuatoriano (PSE) | 218022=EC: Partido Conservador - Unidad Nacional (PUN) | 218023=EC: Partido Liberal (PL) | 218024=EC: Acción Popular Revolucionaria (APRE) | 218025=EC: Movimiento Nuevo País (NP) | 218026=EC: Pachakutic-Nuevo País | 218027=EC: Partido de Unión Republicana (PUR) | 218028=EC: Liberación Nacional (PL) | 218029=EC: Movimiento Ruptura | 218030=EC: Movimiento Equidad, Progreso y Orden (EQUIPO) | 218031=EC: Partido Sociedad Patriótica (PSP) | 218032=EC: Movimiento Patria Altiva y Soberana (PAIS) | 218033=EC: Creando Oportunidades (CREO) | 218034=EC: Movimiento de la Concertación Nacional Democrática | 218035=EC: Creando Oportunidades (CREO) | 218036=EC: Partido Participación | 218037=EC: Movimieno Verde Ecológico | 218038=EC: Movimieno Cambio | 218039=EC: Movimieno Conciliación Nacional | 222001=SV: Frente Farabundo Martí para la Liberación Nacional  (FML | 222002=SV: Alianza Republicana Nacionalista (ARENA) | 222003=SV: Partido de Conciliación Nacional (PCN) | 222004=SV: Partido Demócrata Cristiano (PDC) | 222005=SV: Centro Demócrata Unido (CDU) | 222006=SV: Fuerza Cristiana | 222007=SV: Movimiento Auténtico Cristiano (MAC) | 222008=SV: Movimiento Estable Republicano Centrista (MERECEN) | 222009=SV: Movimiento Renovador (MR) | 222010=SV: Partido Acción Demócrata (AD) | 222011=SV: Partido Acción Renovadora (PAR) | 222012=SV: Partido Auténtico Institucional Salvadoreño (PAISA) | 222013=SV: Partido Demócrata (PD) | 222014=SV: Partido Liberal Democrático (PLD) | 222015=SV: Partido Nacional Liberal (PNL) | 222016=SV: Partido de Orientación Popular (POP) | 222017=SV: Partido Popular Laborista (PPL) | 222018=SV: Partido Popular Republicano (PPR) | 222019=SV: Partido Popular Salvadoreño (PPS) | 222020=SV: Partido Social Demócrata (PSD) | 222021=SV: Unión Social Cristiana (USC) | 222022=SV: Gran Alianza por la Unidad Nacional (GANA) | 222023=SV: Liga Democrática Republicana (LIDER) | 222024=SV: Pueblo Unido Nuevo Trato (PUNTO) | 222025=SV: Frente Democrático Revolucionario (FDR) | 222026=SV: Partido Acción Nacional | 222027=SV: Partido Convergencia Democrática | 222028=SV: Movimiento de Solidaridad Nacional (MSN) | 320001=GT: Unidad Nacional de Esperanza (UNE) | 320002=GT: Partido Patriota (PP) | 320003=GT: Gran Alianza Nacional (GANA) | 320004=GT: Centro de Acción Social (CASA) | 320005=GT: Encuentro por Guatemala (EG) | 320006=GT: Partido Unionista (PU) | 320007=GT: Frente Republicano Guatemalteco (FRG) | 320008=GT: Unión del Cambio Nacional (UCN) | 320009=GT: Partido de Avanzada Nacional (PAN) | 320010=GT: Unión Democrática (UD) | 320011=GT: Unidad Revolucionaria Nacional Guatemalteca (URNG) | 320012=GT: Democracia Cristiana Guatemalteca (DCG) | 320013=GT: Desarrollo Integral Auténtico (DIA) | 320014=GT: Alianza Nueva Nación (ANN) | 320015=GT: Bienestar Nacional (BIEN) | 320016=GT: Los Verdes (LV) | 320017=GT: Movimiento de Liberación Nacional (MLN) | 320018=GT: Movimiento de Principios y Valores (MPV) | 320019=GT: Movimiento Reformador (MR) | 320020=GT: Partido Libertador Progresista (PLP) | 320021=GT: Partido de Solidaridad Nacional (PSN) | 320022=GT: Transparencia | 320023=GT: No documentado - 923 | 320024=GT: No documentado - 924 | 320025=GT: No documentado - 925 | 320026=GT: No documentado - 926 | 320027=GT: No documentado - 927 | 320028=GT: No documentado - 928 | 320029=GT: No documentado - 929 | 320030=GT: No documentado - 930 | 320031=GT: Partido Político Visión con Valores (VIVA) | 320032=GT: Compromiso Renovación y Orden (CREO) | 320033=GT: Libertad Democrática Renovada (LIDER) | 320034=GT: Victoria (VICTORIA) | 320035=GT: Frente Democrático Nueva Guatemala (FDNG) | 320036=GT: Partido Demócrata Cristiano  (PDC) | 320037=GT: Acción Reconciliadora Democrática (ARDE) | 320038=GT: Unidad Nacionalista Organizada (UNO) | 320900=GT: UNA | 340001=HO: Partido Liberal (PL) | 340002=HO: Partido Nacional de Honduras (PNH) | 340003=HO: Partido de Unión Democrática (PUD) | 340004=HO: Partido Demócrata Cristiano de Honduras (PDCH) | 340005=HO: Partido Innovación y Unidad (PINU) | 340006=HO: El Partido Libertad y Refundación (LIBRE) | 340007=HO: El Partido Anti Corrupción (PAC) | 484001=MX: Partido Acción Nacional (PAN) | 484002=MX: Partido Revolucionario Institucional (PRI) | 484003=MX: Partido de la Revolución Democrática (PRD) | 484004=MX: Partido Verde Ecologista de México (PVEM) | 484005=MX: Partido del Trabajo (PT) | 484006=MX: Partido Nueva Alianza (PANAL) | 484007=MX: Convergencia | 484008=MX: Alternativa Socialdemócrata (antes Alternativa Socialdem | 484009=MX: Partido de Centro Democrático (PCD) | 484010=MX: Partido Auténtico de la Revolución Mexicana (PARM) | 484011=MX: Partido Social Demócrata (PSD) | 484012=MX: Partido Popular Socialista (PPS) | 484013=MX: Partido del Frente Cardenista de Reconstrucción Nacional | 484014=MX: Movimiento ciudadano (MC) | 484015=MX: Movimiento Regeneración Nacional (MORENA) | 558001=NI: Partido Frente Sandinista de Liberación Nacional (FSLN) | 558002=NI: Partido Liberal Constitucionalista (PLC) | 558003=NI: Partido Alianza Liberal Nicaragüense (ALN) | 558004=NI: Alianza Partido Movimiento Renovador Sandinista (MRS) | 558005=NI: Partido Resistencia Nicaragüense (PRN) | 558006=NI: Partido Social Cristiano (PSC) | 558007=NI: Partido Camino Cristiano Nicaragüense (CCN) | 558008=NI: Partido Conservador (PC) | 558009=NI: Partido Yatama (YATAMA) | 558010=NI: Partido Movimiento Renovador Sandinista (MRS) | 558011=NI: Alianza por la República (APRE) | 558012=NI: Alternativa Cristiana (AC) | 558013=NI: Partido Acción Ciudadana (PAC) | 558014=NI: Partido Acción Nacional Conservadora (ANC) | 558015=NI: Partido Alianza Conservadora (ALCON) | 558016=NI: Partido Arriba la República (PAR) | 558017=NI: Partido Liberal 1913 (PL-1913) | 558018=NI: Partido Liberal Independiente (PLI) | 558019=NI: Partido Liberal Nacionalista (PLN) | 558020=NI: Partido Liberal de Unidad Nacional (PLIUN) | 558021=NI: Partido Movimiento de Acción Conservadora (MAC) | 558022=NI: Partido Movimiento de Salvación Liberal (MSL) | 558023=NI: Partido Movimiento de Unidad Cristiana (MUC) | 558024=NI: Movimiento de Unidad Revolucionaria (MUR) | 558025=NI: Proyecto Nacional (PRONAL) | 558026=NI: Partido Nacional Demócrata (PND) | 558027=NI: Partido Neoliberal (PALI) | 558028=NI: Partido Revolucionario de los Trabajadores (PRT) | 558029=NI: Partido Social Demócrata (PSD) | 558030=NI: Partido Socialista (PS) | 558031=NI: Partido de Unidad Demócrata (PUDE) | 558032=NI: Partido Unión Demócrata Cristiana (UDC) | 558033=NI: Partido Unionista Centroamericano (PUCA) | 558034=NI: Alternativa por el Cambio (AC) | 558035=NI: No documentado - 1235 | 558036=NI: No documentado - 1236 | 558037=NI: No documentado - 1237 | 558038=NI: No documentado - 1238 | 558039=NI: Unión Nacional Opositora (UNO) | 558040=NI: Unión Democrática de Liberación (UDEL) | 558041=NI: Alianza Pan y Fuerza | 558900=NI: Izquierda | 558901=NI: Tercera opción | 558902=NI: Alianza Evangélica Nicaragüense | 558942=NI: Partido Alianza Liberal (PAL) | 558943=NI: Frente de Liberación Nacional (FLN) | 591001=PA: Partido Revolucionario Democrático (PRD) | 591002=PA: Movimiento Liberal Republicano Nacionalista (MOLIRENA) | 591003=PA: Unión Patriótica (UP) | 591004=PA: Partido Cambio Democrático (CD) | 591005=PA: Partido Panameñista (PP) | 591006=PA: Partido Popular (PP) | 591007=PA: Vanguardia Moral a la Patria | 591008=PA: Partido Arnulfista (PA) | 591009=PA: Partido Solidaridad (PS) | 591010=PA: Partido Liberal Nacional (PLN) | 591011=PA: Partido Liberal (PL) | 591012=Partido Demócrata Cristiano (PDC) | 591013=Partido Papa Egoro | 591014=Partido Movimiento Liberal | 591015=Partido Nacionalista Popular | 600001=PY: Partido Liberal Radical Auténtico (PLRA) | 600002=PY: Partido País Solidario (PPS) | 600003=PY: Partido Encuentro Nacional (PEN) | 600004=PY: Partido del Movimiento al Socialismo (PMAS) | 600005=PY: Partido Democrático Progresista (PDP) | 600006=PY: Movimiento Popular Tekojojá (MPT) | 600007=PY: Asociación Nacional Republicana (ANR) | 600008=PY: Unión Nacional de Ciudadanos Éticos (UNACE) | 600009=PY: Partido Patria Querida (PPQ) | 600010=PY: Partido Revolucionario Febrerista (PRF) | 600011=PY: Partido Comunista Paraguayo (PCP) | 600012=PY: Partido Blanco (PB) | 600013=PY: Partido Colorado (PC) | 600014=PY: Partido Demócrata Cristiano (PDC) | 604001=PE: Partido Aprista Peruano (PAP) | 604002=PE: Partido Nacionalista Peruano (PNP) | 604003=PE: Acción Popular (AP) | 604004=PE: Perú Posible (PC) | 604005=PE: Partido Popular Cristiano (PPC) | 604006=PE: Restauración Nacional (RN) | 604007=PE: Renovación (R) | 604008=PE: Sí Cumple/Alianza Fujimorista (SC)/Fuerza 2011 | 604009=PE: Somos Perú (SP) | 604010=PE: Partido Solidaridad Nacional (PSN) | 604011=PE: Unidad Nacional (Partido Popular Cristiano-Solidaridad N | 604012=PE: Unión por el Perú (UPP) | 604013=PE: Alianza por el Futuro (AF) | 604014=PE: Frente de Centro (Somos Perú-Acción Popular) | 604015=PE: Unión por el Perú / Partido Nacionalista Peruano | 604016=PE: Frente Independiente Moralizador (FIM) | 604017=PE: Cambio 90 | 604018=PE: Vamos Vecino | 604019=PE: Alianza Popular Revolucionaria Americana (APRA) | 604020=PE: Partido Renacimiento Andino (PRAN) | 604021=PE: Unión por el Perú/Social Democracia (UPP-SI) | 604022=PE: Partido Proyecto País | 604023=PE: Frente Popular Agrícola Fia del Perú (PREPAP) | 604024=PE: Movimiento Independiente Agrario (MIA) | 604025=PE: Izquierda Unida (IU) | 604026=Frente Nacional de Trabajadores y Campesinos (FRENATRACA) | 604027=Frente Popular Agrícola FIA del Perú (FREPAP) | 604090=PE: Partido Independiente | 724001=ES: Partido Socialista Obrero Español (PSOE) | 724002=ES: Partido Popular (PP) | 724003=ES: Izquierda Unida (IU/ICV) | 724004=ES: Convergencia i Unió (CiU) | 724005=ES: Partido Nacionalista Vasco (PNV) | 724006=ES: Unión Progreso y Democracia (UPyD) | 724007=ES: Esquerra Republicana de Catalunya (ERC) | 724008=ES: Bloque Nacionalista Gallego (BNG) | 724009=ES: Coalición Canaria (CC) | 724010=ES: Nafarroa Bai (Na Bai) | 724011=ES: Unión del Pueblo Navarro (UPN) | 724012=ES: Eusko Alkartasuna (EA) | 724013=ES: Herri Batasuna (HB) | 724014=ES: Iniciativa por Catalunya-Los Verdes(IC-EV) | 724015=ES: Partido Andalucista (PA) | 724016=ES: Unió Valenciana (UV) | 858001=UY: Frente Amplio (FA) | 858002=UY: Partido Nacional (PN) | 858003=UY: Partido Colorado (PC) | 858004=UY: Partido Independiente (PI) | 858005=UY: Asamblea Popular | 858006=UY: Nuevo Espacio | 858007=UY: Encuentro Progresista-Frente Amplio | 862001=VE: Partido Socialista Unido de Venezuela (PSUV) | 862002=VE: Patria Para Todos (PPT) | 862003=VE: Partido Comunista de Venezuela (PCV) | 862004=VE: Tupamaro | 862005=VE: Unión Popular Venezolana (UPV) | 862006=VE: Un Nuevo Tiempo (UNT) | 862007=VE: Primero Justicia (PJ) | 862008=VE: Acción Democrática (AD) | 862009=VE: Comite de Organización Política Electoral Independ (COPE | 862010=VE: Movimiento al Socialismo (MAS) | 862011=VE: Proyecto Venezuela (PV) | 862012=VE: Por la Democracia Social (PODEMOS) | 862013=VE: Gente Emergente (GE) | 862014=VE: La Causa Radical (LCR) | 862015=VE: Venezuela de Primera (VDP) | 862016=VE: Alianza Bravo Pueblo (ABP) | 862017=VE: Bandera Roja (BR) | 862018=VE: Movimiento V República (MVR) | 862019=VE: Movimiento Electoral del Pueblo (MEP) | 862020=VE: PIEDRA | 862021=VE: Un Solo Pueblo (USP) | 862022=VE: Convergencia | 862023=VE: Partidos independientes | 862024=VE: Mesa de la Unidad Democrática (MUD)/ Unidad/ partidos de | 862025=VE: Buscando soluciones | 862026=VE: Cuentas para todos | 862027=VE: Voluntad Popular | 862028=VE: Partido de la Oposición | 862029=VE: Integración y Renovación Nueva Esperanza (IRENE) | 862030=VE: Apertura a la Participación Nacional | 862031=VE: Movimiento Bolivariano Revolucionario (MBR)-200 | 862032=VE: Avanzada Progresista",haven_labelled,147,0.23822222222222222,polarization
2011,P38ST,"If elections were held this Sunday, which party would you vote for?",if elections were held this sunday which party would you vote for,"-7=No documentado | -4=No preguntada | -3=No aplica | -2=No responde | -1=No sabe | 92=Voto secreto | 93=Vota por personas, no por partidos | 94=Otros (partidos nacionales y provinciales) | 95=Vota nulo/Blanco | 96=No vota/Ninguno | 97=No inscrito/No tenía edad | 32001=AR: Frente para la Victoria (FPV) | 32002=AR: Partido Justicialista (PJ) | 32003=AR: Frente País Solidario (FREPASO) | 32004=AR: Partido Coalición Cívica; Afirmación para una República | 32005=AR: Unión Cívica Radical (UCR) | 32006=AR: Propuesta Republicana (PRO) | 32007=AR: Partido Humanista / Izquierda Unida (PH/ IU) | 32008=AR: Partido Socialista (PS) | 32009=AR: Partido Comunista (PC) | 32010=AR: Partido Demócrata Cristiano (PDC) | 32011=AR: Partido Demócrata Progresista (PDP) | 32012=AR: Movimiento Socialista de los Trabajadores (MST) | 32013=AR: Partido Obrero (PO) | 32014=AR: Partido Compromiso para el Cambio (CPC) | 32015=AR: Mov. Federal Recrear (López Murphy) | 32016=AR: Alternativa por una República de Iguales (Elisa Carrió) | 32017=AR: Izquierda Unida (IU) | 32018=AR: Partido para una República con Oportunidades (PRO) | 32019=AR: Recrear Argentina (RECREAR) | 32020=AR: Autodeterminación y Libertad (A y L) | 32021=AR: Partido Proyecto Sur | 32022=AR: Partido Peronismo Federal | 32023=AR: Unión Demócrata Independiente (UDI) | 32024=AR: Renovación Nacional (RN) | 32025=AR: Unión de Centro Centro Progresista (UCCP) | 32026=AR: Partido Radical Social Demócrata (PRSD) | 32027=AR: Partido Popular Democrático (PPD) | 32028=AR: Partido Alianza Humanista Verde (PHV) | 32029=AR: La Alianza (UCR-FREPASO) | 32030=AR: Acción por la República | 32031=AR: Partido de Rico Modín | 32032=AR: Partido Nueva Mayoría (Patricia Bullrich) | 32033=AR: Nueva Dirigencia | 32034=AR: Unión del Centro Democrático (UCD) | 32035=AR: Fuerza Republicana | 32036=AR: Partido Independencia | 32037=AR: Nuevo Movimiento al Socialismo (MAS) | 32900=AR: No documentado | 68001=BO: Movimiento al Socialismo (MAS) | 68002=BO: Poder Democrático Social (PODEMOS) | 68003=BO: Unidad Nacional (UN) | 68004=BO: Movimiento Nacionalista Revolucionario (MNR) | 68005=BO: Movimiento de Izquierda Revolucionaria (MIR) | 68006=BO: Concertación Nacional (CN) | 68007=BO: Autonomías Para Bolivia (APB) | 68008=BO: Alianza Social (AS) | 68009=BO: Movimiento sin Miedo (MSM) | 68010=BO: Camino al Cambio (CC) | 68011=BO: Movimiento Originario Popular (MOP) | 68012=BO: Alianza Andrés Ibáñez (AAI) | 68013=BO: Movimiento Bolivia Libre (MBL) | 68014=BO: Autonomía Social Integradora (ASI) | 68015=BO: Transformación Democrática Patriótica (TRADEPA) | 68016=BO: Conciencia de Patria (CONDEPA) | 68017=BO: Falange Socialista de Bolivia (FSB) | 68018=BO: Movimiento Revolucionario Tupac Katari (MRTK) | 68019=BO: Acción Democratica Nacionalista (ADN) | 68020=BO: Partido Demócrata Cristiano (PDC) | 68021=BO: Unidad Civica Solidaridad (UCS) | 68022=BO: Frente Revolucionario de Izquierda (FRI) | 68023=BO: Izquierda Unida (IU) | 68024=BO: Partido Socialista (PS) | 68025=BO: Nueva Fuerza Republicana (NFR) | 68026=BO: Movimiento Ciudadano para el Cambio (MCC) | 68027=BO: Movimiento Indígena Pachakuti (MIP) | 68028=BO: Libertad y Justicia | 68029=BO: UN - Samuel Doria Medina | 68030=BO: Carlos Mesa G. | 68031=BO: Jorge Tuto Quiroga | 68032=BO: René Joaquino | 68033=BO: Verdes | 68034=BO: Partido Comunista Boliviano (PC) | 68035=BO: Vanguardia Socialista de Bolivia (VS) | 68036=BO: Katarismo Nacional Democrático (KND) | 68037=BO: Partido Demócrata Boliviano (PDB) | 68038=BO: Eje Pachakuti | 76001=BR: Partido dos Trabalhadores (PT) | 76002=BR: Partido Republicano Brasileiro (PRB) | 76003=BR: Partido do Movimento Democrático Brasileiro (PMDB) | 76004=BR: Partido Comunista do Brasil (PC do B) | 76005=BR: Partido Socialista Brasileiro (PSB) | 76006=BR: Partido da República (PR) | 76007=BR: Partido Trabalhista Brasileiro (PTB) | 76008=BR: Partido Democrático Trabalhista (PDT) | 76009=BR: Partido Verde (PV) | 76010=BR: Partido Progressita (PP) | 76011=BR: Partido da Social Democracia Brasileira (PSDB) | 76012=BR: Democratas (DEM) (ex-PFL) | 76013=BR: Partido Popular Socialista (PPS) | 76014=BR: Partido Socialismo e Liberdade (PSOL) | 76015=BR: Partido Social Demócrata Cristão (PSDC) | 76016=BR: Partido Trabalhista Cristão (PTC) | 76017=BR: Partido Trabalhista do Brasil (PT do B) | 76018=BR: Partido Republicano Progresista (PRP) | 76019=BR: Partido Social Liberal (PSL) | 76020=BR: Partido Da Frente Liberal (PFL) | 76021=BR: Partido Liberal (PL) | 76022=BR: Partido de Reedificação da Ordem Nacional | 76023=BR: Partido Socialista de los Trabajadores Unificado (PSTU) | 76024=BR: Partido Progressista Brasileiro (PPB) | 76025=BR: Partido de la Reconstrucción del Orden Nacional (PRONA) | 76026=BR: Partido Social Cristiano (PSC) | 76027=BR: Partido Socialista dos Trabalhadores Unificado (PSTU) | 76028=BR: Partido Social Democrático (PSD) | 76029=BR: Partido Humanista da Solidariedade (PHS) | 76030=BR: Partido de la Reconstrucción Nacional (PRN) | 76031=BR: Partido Progressista Renovador (PPR) | 152001=CL: Partido Demócrata Cristiano (PDC) | 152002=CL: Partido por la Democracia (PPD) | 152003=CL: Partido Socialista (PS) | 152004=CL: Partido Radical Social Democrático (PRSD) | 152005=CL: Unión Demócrata Independiente (UDI) | 152006=CL: Renovación Nacional (RN) | 152007=CL: Partido Comunista (PC) | 152008=CL: Partido Humanista (PH) | 152009=CL: Partido Regionalista de los Independiente (PRI) | 152010=CL: Unión de Centro Centro Progresista (UCCP) | 152011=CL: Partido Humanista Verde (PHV) | 152012=CL: Concertación de Partidos por la Democracia | 152013=CL: Alianza por Chile | 152014=CL: Vota por personas | 152015=CL: Juntos Podemos | 152016=CL: Joaquín Lavín | 152017=CL: Sebastián Piñera | 152018=CL: Michelle Bachelet | 152019=CL: Tomás Hirsch | 152020=CL: Partido Progresista (MEO) | 152021=CL: Concertación | 152022=CL: Partido de Izquierda | 152023=CL: Partido de Derecha | 152024=CL: Independiente | 170001=CO: Partido Social de Unidad Nacional, Partido de la U | 170002=CO: Partido Cambio Radical (CR) | 170003=CO: Partido Conservador Colombiano (PCC) | 170004=CO: Partido Liberal Colombiano (PLC) | 170005=CO: Partido Polo Democrático Alternativo (PDA) | 170006=CO: Alas Equipo Colombia | 170007=CO: Alianza Social Indígena | 170008=CO: Partido Convergencia Ciudadana | 170009=CO: Partido Colombia Democrática | 170010=CO: Movimiento MIRA | 170011=CO: Movimiento Colombia Viva | 170012=CO: Movimiento Apertura Liberal | 170013=CO: Independiente (IN) | 170014=CO: Partido Verde Opción Centro (PVC) | 170015=CO: Movimiento Autoridades Indígenas de Colombia (AICO) | 170016=CO: Movimiento Alianza Social Indígena (ASI) | 170017=CO: Partido de Integración Nacional (PIN) | 170018=CO: Movimiento Nacional Afrocolombiano AFRO | 170019=CO: Movimiento Alianza Social Afrocolombiana | 170020=CO: Nuevo Liberal | 170021=CO: Partido de Izquierda | 170022=CO: Partido Cristiano | 170023=CO: Partido Democrático | 170024=CO: Partido Ecológico | 170025=CO: Partido Social Democrático | 170026=CO: Movimiento Nacional Conservador | 188001=CR: Partido de Liberación Nacional (PLN) | 188002=CR: Partido Acción Ciudadana (PAC) | 188003=CR: Movimiento Libertario (ML) | 188004=CR: Partido Unidad Social Cristiana (PUSC) | 188005=CR: Alianza Nacional Cristiana (ANC) | 188006=CR: Partido Fuerza Democrática (FD) | 188007=CR: Partido Independiente Obrero (PIO) | 188008=CR: Partido Integración Nacional (PIN) | 188009=CR: Partido Patriótico Nacional (PN) | 188010=CR: Partido Pueblo Unido (PPU) | 188011=CR: Partido Renovación Costarricense (PRC) | 188012=CR: Partido Rescate Nacional (PRN) | 188013=CR: Partido Unión General (PUGEN) | 188014=CR: Unión para el Cambio (UPC) | 188015=CR: Accesibilidad sin Exclusión | 188016=CR: Frente Amplio | 188017=CR: Partido Demócrata | 188018=CR: Partido Nacional Independiente | 214001=DO: Partido de la Liberación Dominicana (PLD) | 214002=DO: Partido Revolucionario Dominicano (PRD) | 214003=DO: Partido Reformista Social Cristiano (PRSC) | 214004=DO: Partido de Unidad Democrática (UD) | 214005=DO: Partido Alianza por la Democracia (APD) | 214006=DO: Partido Alianza Social Dominicana (ASD) | 214007=DO: Partido Bloque Institucional (BIS) | 214008=DO: Partido Demócrata Popular (PDP) | 214009=DO: Partido Fuerza de la Revolución (FR) | 214010=DO: Partido Fuerza Nacional Progresista (FNP) | 214011=DO: Partido Liberal de la República Dominicana (PLRD) | 214012=DO: Movimiento Independencia, Unidad y Cambio (MIUCA) | 214013=DO: Movimiento Popular Dominicano (MPD) | 214014=DO: Partido Nacional de Veteranos y Civiles (PNVC) | 214015=DO: Partido Nueva Alternativa (PNA) | 214016=DO: Partido Popular Cristiano (PPC) | 214017=DO: Partido Quisqueyano Demócrata Cristiano (PQD) | 214018=DO: Partido Renacentista Nacional (PRN) | 214019=DO: Partido Revolucionario Independiente (PRI) | 214020=DO: Partido de los Trabajadores Dominicanos  (PTD) | 214021=DO: Partido de la Unión Demócrata Cristiana (UDC) | 214022=DO: Partido de Unidad Nacional (PUN) | 218001=EC: Movimiento Alianza País | 218002=EC: Movimiento Pachakutik (PK) | 218003=EC: Movimiento Popular Democrático (MPD) | 218004=EC: Izquierda Democrática (ID) | 218005=EC: Partido Roldosista Ecuatoriano (PRE) | 218006=EC: Partido Concentración de Fuerzas Populares (CFP) | 218007=EC: Partido Socialista-Frente Amplio (PS-FA) | 218008=EC: Partido Libertad (PLE) | 218009=EC: Partido Renovador Inst. Acción Nacional (PRIAN) | 218010=EC: Partido Social Cristiano (PSC) | 218011=EC: Partido Sociedad Patriótica 21 de Enero | 218012=EC: Democracia Popular (DP) | 218013=EC: Partido Unión Demócrata Cristiana (UDC) | 218014=EC: Partido Liberal Radical (PLR) | 218015=EC: Partido Movimiento de Acuerdo Nacional (MANA) | 218016=EC: Partido Una Nueva Opción (UNO) | 218017=EC: Frente Radical Alfarista (FRA) | 218018=EC: Partido Conservador (PC) | 218019=EC: Alianza RED-ID | 218020=EC: Movimiento Indígena Amauta Jatari | 218021=EC: Partido Socialista Ecuatoriano (PSE) | 218022=EC: Partido Conservador - Unidad Nacional (PUN) | 218023=EC: Partido Liberal (PL) | 218024=EC: Acción Popular Revolucionaria (APRE) | 218025=EC: Movimiento Nuevo País (NP) | 218026=EC: Pachakutic-Nuevo País | 218027=EC: Partido de Unión Republicana (PUR) | 222001=SV: Frente Farabundo Martí para la Liberación Nacional  (FML | 222002=SV: Alianza Republicana Nacionalista (ARENA) | 222003=SV: Partido de Conciliación Nacional (PCN) | 222004=SV: Partido Demócrata Cristiano (PDC) | 222005=SV: Centro Demócrata Unido (CDU) | 222006=SV: Fuerza Cristiana | 222007=SV: Movimiento Auténtico Cristiano (MAC) | 222008=SV: Movimiento Estable Republicano Centrista (MERECEN) | 222009=SV: Movimiento Renovador (MR) | 222010=SV: Partido Acción Demócrata (AD) | 222011=SV: Partido Acción Renovadora (PAR) | 222012=SV: Partido Auténtico Institucional Salvadoreño (PAISA) | 222013=SV: Partido Demócrata (PD) | 222014=SV: Partido Liberal Democrático (PLD) | 222015=SV: Partido Nacional Liberal (PNL) | 222016=SV: Partido de Orientación Popular (POP) | 222017=SV: Partido Popular Laborista (PPL) | 222018=SV: Partido Popular Republicano (PPR) | 222019=SV: Partido Popular Salvadoreño (PPS) | 222020=SV: Partido Social Demócrata (PSD) | 222021=SV: Unión Social Cristiana (USC) | 222022=SV: Gran Alianza por la Unidad Nacional (GANA) | 222023=SV: Liga Democrática Republicana (LIDER) | 222024=SV: Pueblo Unido Nuevo Trato (PUNTO) | 222025=SV: Frente Democrático Revolucionario (FDR) | 222026=SV: Partido Acción Nacional | 222027=SV: Partido Convergencia Democrática | 222028=SV: Movimiento de Solidaridad Nacional (MSN) | 320001=GT: Unidad Nacional de Esperanza (UNE) | 320002=GT: Partido Patriota (PP) | 320003=GT: Gran Alianza Nacional (GANA) | 320004=GT: Centro de Acción Social (CASA) | 320005=GT: Encuentro por Guatemala | 320006=GT: Partido Unionista (PU) | 320007=GT: Frente Republicano Guatemalteco (FRG) | 320008=GT: Unión del Cambio Nacional (UCN) | 320009=GT: Partido de Avanzada Nacional (PAN) | 320010=GT: Unión Democrática (UD) | 320011=GT: Unidad Revolucionaria Nacional Guatemalteca (URNG) | 320012=GT: Democracia Cristiana Guatemalteca (DCG) | 320013=GT: Desarrollo Integral Auténtico (DIA) | 320014=GT: Alianza Nueva Nación (ANN) | 320015=GT: Bienestar Nacional (BIEN) | 320016=GT: Los Verdes (LV) | 320017=GT: Movimiento de Liberación Nacional (MLN) | 320018=GT: Movimiento de Principios y Valores (MPV) | 320019=GT: Movimiento Reformador (MR) | 320020=GT: Partido Libertador Progresista (PLP) | 320021=GT: Partido de Solidaridad Nacional (PSN) | 320022=GT: Transparencia | 320023=GT: No documentado - 923 | 320024=GT: No documentado - 924 | 320025=GT: No documentado - 925 | 320026=GT: No documentado - 926 | 320027=GT: No documentado - 927 | 320028=GT: No documentado - 928 | 320029=GT: No documentado - 929 | 320030=GT: No documentado - 930 | 320031=GT: Partido Político Visión con Valores (VIVA) | 320032=GT: Compromiso Renovación y Orden (CREO) | 320033=GT: Libertad Democrática Renovada (LIDER) | 320034=GT: Victoria (VICTORIA) | 320035=GT: Frente Democrático Nueva Guatemala (FDNG) | 320036=GT: Partido Demócrata Cristiano  (PDC) | 320037=GT: Acción Reconciliadora Democrática (ARDE) | 320038=GT: Unidad Nacionalista Organizada (UNO) | 320900=GT: UNA | 340001=HO: Partido Liberal (PL) | 340002=HO: Partido Nacional de Honduras (PNH) | 340003=HO: Partido de Unión Democrática (PUD) | 340004=HO: Partido Demócrata Cristiano de Honduras (PDCH) | 340005=HO: Partido Innovación y Unidad (PINU) | 484001=MX: Partido Acción Nacional (PAN) | 484002=MX: Partido Revolucionario Institucional (PRI) | 484003=MX: Partido de la Revolución Democrática (PRD) | 484004=MX: Partido Verde Ecologista de México (PVEM) | 484005=MX: Partido del Trabajo (PT) | 484006=MX: Partido Nueva Alianza (PANAL) | 484007=MX: Convergencia | 484008=MX: Alternativa Socialdemócrata (antes Alternativa Socialdem | 484009=MX: Partido de Centro Democrático (PCD) | 484010=MX: Partido Auténtico de la Revolución Mexicana (PARM) | 484011=MX: Partido Social Demócrata (PSD) | 558001=NI: Partido Frente Sandinista de Liberación Nacional (FSLN) | 558002=NI: Partido Liberal Constitucionalista (PLC) | 558003=NI: Partido Alianza Liberal Nicaragüense (ALN) | 558004=NI: Alianza Partido Movimiento Renovador Sandinista (MRS) | 558005=NI: Partido Resistencia Nicaragüense (PRN) | 558006=NI: Partido Social Cristiano (PSC) | 558007=NI: Partido Camino Cristiano Nicaragüense (CCN) | 558008=NI: Partido Conservador (PC) | 558009=NI: Partido Yatama (YATAMA) | 558010=NI: Partido Movimiento Renovador Sandinista (MRS) | 558011=NI: Alianza por la República (APRE) | 558012=NI: Alternativa Cristiana (AC) | 558013=NI: Partido Acción Ciudadana (PAC) | 558014=NI: Partido Acción Nacional Conservadora (ANC) | 558015=NI: Partido Alianza Conservadora (ALCON) | 558016=NI: Partido Arriba la República (PAR) | 558017=NI: Partido Liberal 1913 (PL-1913) | 558018=NI: Partido Liberal Independiente (PLI) | 558019=NI: Partido Liberal Nacionalista (PLN) | 558020=NI: Partido Liberal de Unidad Nacional (PLIUN) | 558021=NI: Partido Movimiento de Acción Conservadora (MAC) | 558022=NI: Partido Movimiento de Salvación Liberal (MSL) | 558023=NI: Partido Movimiento de Unidad Cristiana (MUC) | 558024=NI: Movimiento de Unidad Revolucionaria (MUR) | 558025=NI: Proyecto Nacional (PRONAL) | 558026=NI: Partido Nacional Demócrata (PND) | 558027=NI: Partido Neoliberal (PALI) | 558028=NI: Partido Revolucionario de los Trabajadores (PRT) | 558029=NI: Partido Social Demócrata (PSD) | 558030=NI: Partido Socialista (PS) | 558031=NI: Partido de Unidad Demócrata (PUDE) | 558032=NI: Partido Unión Demócrata Cristiana (UDC) | 558033=NI: Partido Unionista Centroamericano (PUCA) | 558034=NI: Alternativa por el Cambio (AC) | 558035=NI: No documentado - 1235 | 558036=NI: No documentado - 1236 | 558037=NI: No documentado - 1237 | 558038=NI: No documentado - 1238 | 558039=NI: Unión Nacional Opositora (UNO) | 558040=NI: Unión Democrática de Liberación (UDEL) | 558041=NI: Alianza Pan y Fuerza | 558900=NI: Izquierda | 558901=NI: Tercera opción | 558902=NI: Alianza Evangélica Nicaragüense | 591001=PA: Partido Revolucionario Democrático (PRD) | 591002=PA: Movimiento Liberal Republicano Nacionalista (MOLIRENA) | 591003=PA: Unión Patriótica (UP) | 591004=PA: Partido Cambio Democrático (CD) | 591005=PA: Partido Panameñista | 591006=PA: Partido Popular (PP) | 591007=PA: Vanguardia Moral a la Patria | 591008=PA: Partido Arnulfista (PA) | 591009=PA: Partido Solidaridad (PS) | 591010=PA: Partido Liberal Nacional (PLN) | 591011=PA: Partido Liberal (PL) | 591012=Partido Demócrata Cristiano (PDC) | 591013=Partido Papa Egoro | 591014=Partido Movimiento Liberal | 591015=Partido Nacionalista Popular | 600001=PY: Partido Liberal Radical Auténtico (PLRA) | 600002=PY: Partido País Solidario (PPS) | 600003=PY: Partido Encuentro Nacional (PEN) | 600004=PY: Partido del Movimiento al Socialismo (PMAS) | 600005=PY: Partido Democrático Progresista (PDP) | 600006=PY: Movimiento Popular Tekojojá (MPT) | 600007=PY: Asociación Nacional Republicana (ANR) | 600008=PY: Unión Nacional de Ciudadanos Éticos (UNACE) | 600009=PY: Partido Patria Querida (PPQ) | 600010=PY: Partido Revolucionario Febrerista (PRF) | 600011=PY: Partido Comunista Paraguayo (PCP) | 600012=PY: Partido Blanco (PB) | 600013=PY: Partido Colorado (PC) | 604001=PE: Partido Aprista Peruano (PAP) | 604002=PE: Partido Nacionalista Peruano (PNP) | 604003=PE: Acción Popular (AP) | 604004=PE: Perú Posible (PC) | 604005=PE: Partido Popular Cristiano (PPC) | 604006=PE: Restauración Nacional (RN) | 604007=PE: Renovación (R) | 604008=PE: Sí Cumple/Alianza Fujimorista (SC)/Fuerza 2011 | 604009=PE: Somos Perú (SP) | 604010=PE: Partido Solidaridad Nacional (PSN) | 604011=PE: Unidad Nacional (Partido Popular Cristiano-Solidaridad N | 604012=PE: Unión por el Perú (UPP) | 604013=PE: Alianza por el Futuro (AF) | 604014=PE: Frente de Centro (Somos Perú-Acción Popular) | 604015=PE: Unión por el Perú / Partido Nacionalista Peruano | 604016=PE: Frente Independiente Moralizador (FIM) | 604017=PE: Cambio 90 | 604018=PE: Vamos Vecino | 604019=PE: Alianza Popular Revolucionaria Americana (APRA) | 604020=PE: Partido Renacimiento Andino (PRAN) | 604021=PE: Unión por el Perú/Social Democracia (UPP-SI) | 604022=PE: Partido Proyecto País | 604023=PE: Frente Popular Agrícola Fia del Perú (PREPAP) | 604024=PE: Movimiento Independiente Agrario (MIA) | 604025=PE: Izquierda Unida (IU) | 604090=PE: Partido Independiente | 724001=ES: Partido Socialista Obrero Español (PSOE) | 724002=ES: Partido Popular (PP) | 724003=ES: Izquierda Unida (IU/ICV) | 724004=ES: Convergencia i Unió (CiU) | 724005=ES: Partido Nacionalista Vasco (PNV) | 724006=ES: Unión Progreso y Democracia (UPyD) | 724007=ES: Esquerra Republicana de Catalunya (ERC) | 724008=ES: Bloque Nacionalista Gallego (BNG) | 724009=ES: Coalición Canaria (CC) | 724010=ES: Nafarroa Bai (Na Bai) | 724011=ES: Unión del Pueblo Navarro (UPN) | 724012=ES: Eusko Alkartasuna (EA) | 724013=ES: Herri Batasuna (HB) | 724014=ES: Iniciativa por Catalunya-Los Verdes(IC-EV) | 724015=ES: Partido Andalucista (PA) | 724016=ES: Unió Valenciana (UV) | 858001=UY: Frente Amplio (FA) | 858002=UY: Partido Nacional (PN) | 858003=UY: Partido Colorado (PC) | 858004=UY: Partido Independiente (PI) | 858005=UY: Asamblea Popular | 858006=UY: Nuevo Espacio | 858007=UY: Encuentro Progresista-Frente Amplio | 862001=VE: Partido Socialista Unido de Venezuela (PSUV) | 862002=VE: Patria Para Todos (PPT) | 862003=VE: Partido Comunista de Venezuela (PCV) | 862004=VE: Tupamaro | 862005=VE: Unión Popular Venezolana (UPV) | 862006=VE: Un Nuevo Tiempo (UNT) | 862007=VE: Primero Justicia (PJ) | 862008=VE: Acción Democrática (AD) | 862009=VE: Comite de Organización Política Electoral Independ (COPE | 862010=VE: Movimiento al Socialismo (MAS) | 862011=VE: Proyecto Venezuela (PV) | 862012=VE: Por la Democracia Social (PODEMOS) | 862013=VE: Gente Emergente (GE) | 862014=VE: La Causa Radical (LCR) | 862015=VE: Venezuela de Primera (VDP) | 862016=VE: Alianza Bravo Pueblo (ABP) | 862017=VE: Bandera Roja (BR) | 862018=VE: Movimiento V República (MVR) | 862019=VE: Movimiento Electoral del Pueblo (MEP) | 862020=VE: PIEDRA | 862021=VE: Un Solo Pueblo (USP) | 862022=VE: Convergencia | 862023=VE: Partidos independientes | 862024=VE: MUD/ Unidad/ partidos de la unidad | 862025=VE: Buscando soluciones | 862026=VE: Cuentas para todos | 862027=VE: Voluntad Popular | 862028=VE: Partido de la Oposición | 862029=VE: Integración y Renovación Nueva Esperanza (IRENE) | 862030=VE: Apertura a la Participación Nacional | 862031=VE: Movimiento Bolivariano Revolucionario (MBR)-200",haven_labelled,159,0.20594931696693725,polarization
2013,P30ST.C,P30ST.C Frequency: Try to persuade others to vote for a certain candidate or party,t c frequency try to persuade others to vote for a certain candidate or party,-4=Not asked | -3=Not applicable | -2=No answer | -1=Don't know | 1=Very frequently | 2=Frequently | 3=Almost never | 4=Never,haven_labelled,4,0.012266690199885275,polarization
2015,P20ST.C,P20ST.C Frequency: Try to persuade others to vote for a certain candidate or party,t c frequency try to persuade others to vote for a certain candidate or party,-4=Not asked | -3=Not applicable | -2=No answer | -1=Don't know | 1=Very frequently | 2=Frequently | 3=Almost never | 4=Never,haven_labelled,4,0.032740740740740744,polarization
2023,P43STGBS.A,"P43STGBS.A If elections were this Sunday, which party would you vote for",tgbs a if elections were this sunday which party would you vote for,"-2=Does not answer | -1=Don't know | 94=Other | 95=Vote void/blank | 96=Does not vote/none | 97=Not registered | 32001=AR: Frente para la Victoria (FPV) | 32002=AR: Partido Justicialista (PJ) | 32005=AR: Union Civica Radical (UCR) | 32006=AR: Propuesta Republicana (PRO) | 32041=AR: Frente de Izquierda y los Trabajadores (FIT) | 32042=AR: Frente Renovador (FR) | 32044=AR: Juntos por el Cambio (Alianza UCR/PRO/CC) | 68001=BO: Movimiento al Socialismo (MAS) | 68003=BO: Unidad Nacional (UN) | 68004=BO: Movimiento Nacionalista Revolucionario (MNR) | 68019=BO: Accion Democratica Nacionalista (ADN) | 68033=BO: Verdes | 68039=BO: Partido Verde de Bolivia-Instrumento de la Ecologia Politica | 68043=BO: Todos por Cochabamba (TC) | 68044=BO: Poder autonomico nacional (PAN) | 76001=BR: Partido dos Trabalhadores (PT) | 76004=BR: Partido Comunista do Brasil (PC do B) | 76008=BR: Partido Democratico Trabalhista (PDT) | 76009=BR: Partido Verde (PV) | 76010=BR: Partido Progressista (PP) | 76011=BR: Partido da Social Democracia Brasileira (PSDB) | 76014=BR: Partido Socialismo e Liberdade (PSOL) | 76017=BR: Partido Trabalhista do Brasil (PT do B) | 76018=BR: Partido Republicano Progresista (PRP) | 76021=BR: Partido Liberal (PL) | 76028=BR: Partido Social Democratico (PSD) | 76035=BR: Partido Novo - NOVO | 76037=BR: Podemos | 152001=CL: Partido Democrata Cristiano (PDC) | 152002=CL: Partido por la Democracia (PPD) | 152003=CL: Partido Socialista (PS) | 152005=CL: Union Democrata Independiente (UDI) | 152006=CL: Renovacion Nacional (RN) | 152007=CL: Partido Comunista (PC) | 152008=CL: Partido Humanista (PH) | 152026=CL: Partido Evolucion Politica (Evopoli) | 152027=CL: Revolucion Democratica (RD) | 170001=CO: Partido Social de Unidad Nacional, Partido de la U | 170002=CO: Partido Cambio Radical (PCR) | 170003=CO: Partido Conservador Colombiano (PCC) | 170004=CO: Partido Liberal Colombiano (PLC) | 170005=CO: Partido Polo Democratico Alternativo (PDA) | 170010=CO: Movimiento MIRA | 170015=CO: Movimiento Autoridades Indigenas de Colombia (AICO) | 170037=CO: Centro Democratico (CD) | 170038=CO: Alianza Verde (PVC) | 170041=CO: Movimiento Alternativo Indigena y Social MAIS | 188001=CR: Partido de Liberacion Nacional (PLN) | 188002=CR: Partido Accion Ciudadana (PAC) | 188004=CR: Partido Unidad Social Cristiana (PUSC) | 188016=CR: Frente Amplio | 214001=DO: Partido de la Liberacion Dominicana (PLD) | 214002=DO: Partido Revolucionario Dominicano (PRD) | 214003=DO: Partido Reformista Social Cristiano (PRSC) | 214022=DO: Partido de Unidad Nacional (PUN) | 214023=DO: Partido Revolucionario Moderno (Mayoritario) (PRM) | 218002=EC: Movimiento Pachakutik (PK) | 218004=EC: Izquierda Democratica (ID) | 218010=EC: Partido Social Cristiano (PSC) | 218011=EC: Partido Sociedad Patriotica 21 de Enero | 218021=EC: Partido Socialista Ecuatoriano (PSE) | 218033=EC: Creando Oportunidades (CREO) | 218040=EC: Movimiento Sociedad Unida Mas Accion (SUMA) | 218043=EC: Partido Avanza | 218045=EC: Movimiento Centro Democratico Nacional | 218046=EC: Movimiento Unidad Popular | 222001=SV: Frente Farabundo Marti para la Liberacion Nacional  (FMLN) | 222002=SV: Alianza Republicana Nacionalista (ARENA) | 222022=SV: Gran Alianza por la Unidad Nacional (GANA) | 222030=SV: Concertacion Nacional (CN) | 222031=SV: Nuevas Ideas | 320001=GT: Unidad Nacional de Esperanza (UNE) | 320002=GT: Partido Patriota (PP) | 320006=GT: Partido Unionista (PU) | 320007=GT: Frente Republicano Guatemalteco (FRG) | 320008=GT: Union del Cambio Nacional (UCN) | 320009=GT: Partido de Avanzada Nacional (PAN) | 320010=GT: Union Democratica (UD) | 320011=GT: Unidad Revolucionaria Nacional Guatemalteca (URNG) | 320014=GT: Alianza Nueva Nacion (ANN) | 320031=GT: Partido Politico Vision con Valores (VIVA) | 320032=GT: Compromiso Renovacion y Orden (CREO) | 320033=GT: Libertad Democratica Renovada (LIDER) | 320034=GT: Victoria (VICTORIA) | 320039=GT: Frente de Convergencia Nacional (FCN-Nacion) | 340001=HO: Partido Liberal (PL) | 484001=MX: Partido Accion Nacional (PAN) | 484002=MX: Partido Revolucionario Institucional (PRI) | 484003=MX: Partido de la Revolucion Democratica (PRD) | 484004=MX: Partido Verde Ecologista de Mexico (PVEM) | 484005=MX: Partido del Trabajo (PT) | 484014=MX: Movimiento ciudadano (MC) | 484015=MX: Movimiento Regeneracion Nacional (MORENA) | 591001=PA: Partido Revolucionario Democratico (PRD) | 591004=PA: Partido Cambio Democratico (CD) | 591005=PA: Partido Panamenista (PP) | 591006=PA: Partido Popular (PP) | 600001=PY: Partido Liberal Radical Autentico (PLRA) | 600003=PY: Partido Encuentro Nacional (PEN) | 600004=PY: Partido del Movimiento al Socialismo (PMAS) | 600005=PY: Partido Democratico Progresista (PDP) | 600008=PY: Union Nacional de Ciudadanos Eticos (UNACE) | 600009=PY: Partido Patria Querida (PPQ) | 600013=PY: Partido Colorado (PC) | 604002=PE: Partido Nacionalista Peruano (PNP) | 604003=PE: Accion Popular (AP) | 604005=PE: Partido Popular Cristiano (PPC) | 604007=PE: Renovacion Popular (RP) | 604009=PE: Somos Peru (SP) | 604019=PE: Alianza Popular Revolucionaria Americana (APRA) | 604027=PE: Frente Popular Agricola FIA del Peru (FREPAP) | 604028=PE: Fuerza Popular (antiguo 'Fuerza 2011') | 604030=PE: Alianza para el Progreso (APP) | 604037=PE: Avanza pais (VP) | 604039=PE: Juntos por el Peru (JPP) | 604040=PE: Union por el Peru (UPP) | 858001=UY: Frente Amplio (FA) | 858002=UY: Partido Nacional (PN) | 858003=UY: Partido Colorado (PC) | 858004=UY: Partido Independiente (PI) | 858008=UY: Union popular | 862001=VE: Partido Socialista Unido de Venezuela (PSUV) | 862003=VE: Partido Comunista de Venezuela (PCV) | 862004=VE: Tupamaro (TUPAMARO) | 862006=VE: Un Nuevo Tiempo (UNT) | 862007=VE: Primero Justicia (PJ) | 862008=VE: Accion Democratica (AD) | 862009=VE: Comite de Organizacion Politica Electoral Independiente (COPEI) | 862027=VE: Voluntad Popular (VP) | 862032=VE: Avanzada Progresista (AP) | 862033=VE: Vente Venezuela (VENTE) | 32045=AR: Frente de Todos (TODOS) | 32048=AR: Avanza Libertad | 68045=BO: Comunidad Ciudadana (CC) | 68046=BO: CREEMOS | 68047=BO: Libre21-Libertad y Democracia | 68049=BO: JUNTOS | 76038=BR: Ciudadania-Partido Popular Socialista (PPS) | 188025=CR: Restauracion Nacional (RN) | 188026=CR: Partido Nueva Republica (PNR) | 152040=CL: Partido Republicano de Chile (PLR) | 214025=DO: Partido Fuerza del Pueblo - (PFDP) | 320040=GT: Vamos por una Guatemala diferente (VAMOS) | 600016=PY: Partido Cruzada Nacional | 604041=PE: Partido Morado (PM) | 604043=PE: PODEMOS PERU (PP) | 604044=PE: VAMOS PERU (VP) | 604045=PE: PERU LIBRE (PL) | 604046=PE: FRENTE DE LA ESPERANZA 2021 (FRENTE DE LA ESPERANZA) | 858009=UY: Cabildo Abierto | 858010=UY: Partido Ecologista Radical Intransigente (PERI) | 858011=UY: Partido Verde Animalista | 862036=VE: Esperanza por El Cambio (EL CAMBIO) | 68050=BO: SUMATE | 76042=BR: Movimiento Democratico Brasileiro (MDB) | 76044=BR: Uniao Brasil (UNIAO) | 170045=CO: Movimiento Progresista/COLOMBIA HUMANA | 170046=CO: Pacto historico | 188027=CR: Progreso Social Democratico | 188028=CR: Partido Liberal Progresista | 188029=CR: Partido Costa Rica Justa | 188030=CR: Partido Unidos Podemos | 188031=CR: Partido Republicano Social Cristiano | 188032=CR: Partido Encuentro Nacional | 152041=CL: Partido por la dignidad | 152042=CL: Partido Convergencia social | 218048=EC: Fuerza Compromiso Social | 218049=EC: Movimiento Alianza PAIS, Patria Altiva i Soberana | 320042=GT: Valor | 320043=GT: Prosperidad y Ciudadania | 320044=GT: Cabal | 340008=HO: Frente Republicano Guatemalteco (FRG) | 340009=HO: Union Democratica (UD) | 340010=HO: Unidad Nacional de la Esperanza (UNE) | 340011=HO: Gran Alianza Nacional (GANA) | 591016=PA: Partido Realizando Metas | 600017=PY: Partido HAGAMOS! | 600018=PY: Movimiento independiente Nueva Republica | 604047=PE: PARTIDO PATRIOTICO DEL PERU (PPP) | 604048=PE: NUEVO PERU (NP) | 214026=DO: Movimiento Democratico Alternativo | 214027=DO: Partido Revolucionario Social Democrata | 214028=DO: Dominicano Por El Cambio | 214029=DO: Partido Movimiento Patria Para Todos | 858014=UY: Partido De La Gente | 858015=UY: Coalicion Multicolor | 862042=VE: Nueva Vision para mi Pais (NUVIPA) | 862043=VE: Primero Venezuela (PV) | 862044=VE: Alianza para el Cambio (APC) | 862045=VE: Alianza del Lapiz (LAPIZ) | 862046=VE: Compromiso Pais (COMPA) | 862047=VE: Fuerza Vecinal (FV) | 862048=VE: Frente Amplio Venezuela (FAVL) | 862049=VE: Piensa en Democracia (PIEDRA)",haven_labelled,198,0.23691746940900807,polarization
2020,P50STGBS.A,P50STGBS.A If elections where this Sunday. Which party would you vote for?,tgbs a if elections where this sunday which party would you vote for,"-4=No preguntada | -2=No responde | -1=No sabe | 94=Others | 95=Vote Nul/blank | 96=Does Not vote/none | 97=Not registered | 32001=AR: Frente para la Victoria (FPV) | 32005=AR: Unión Cívica Radical (UCR) | 32006=AR: Propuesta Republicana (PRO) | 32008=AR: Partido Socialista (PS) | 32013=AR: Partido Obrero (PO) | 32039=AR: Coalición Cívica / Argentina por una República de Iguales (CC) | 32041=AR: Frente de Izquierda y los Trabajadores (FIT) | 32044=AR: Juntos por el Cambio (Alianza UCR/PRO/CC) | 68001=BO: Movimiento al Socialismo (MAS) | 68002=BO: Poder Democrático Social (PODEMOS) | 68004=BO: Movimiento Nacionalista Revolucionario (MNR) | 68005=BO: Movimiento de Izquierda Revolucionaria (MIR) | 68010=BO: Camino al Cambio (CC) | 68019=BO: Acción Democratica Nacionalista (ADN) | 68040=BO: Unidad Demócrata (UD) | 68042=BO: Soberanía y Libertad (SL) | 76001=BR: Partido dos Trabalhadores (PT) | 76003=BR: Partido do Movimento Democrático Brasileiro (PMDB) | 76004=BR: Partido Comunista do Brasil (PC do B) | 76005=BR: Partido Socialista Brasileiro (PSB) | 76007=BR: Partido Trabalhista Brasileiro (PTB) | 76008=BR: Partido Democrático Trabalhista (PDT) | 76009=BR: Partido Verde (PV) | 76010=BR: Partido Progressista (PP) | 76011=BR: Partido da Social Democracia Brasileira (PSDB) | 76014=BR: Partido Socialismo e Liberdade (PSOL) | 76016=BR: Partido Trabalhista Cristão (PTC) | 76018=BR: Partido Republicano Progresista (PRP) | 76019=BR: Partido Social Liberal (PSL) | 76021=BR: Partido Liberal (PL) | 76023=BR: Partido Socialista de los Trabajadores Unificado (PSTU) | 76026=BR: Partido Social Cristiano (PSC) | 76028=BR: Partido Social Democrático (PSD) | 76032=BR: Rede Sustentabilidade (REDE) | 76033=BR: Solidariedade | 76034=BR: Partido dos Democratas - DEM | 76035=BR: Partido Novo - NOVO | 76037=BR: Podemos | 152001=CL: Partido Demócrata Cristiano (PDC) | 152002=CL: Partido por la Democracia (PPD) | 152003=CL: Partido Socialista (PS) | 152005=CL: Unión Demócrata Independiente (UDI) | 152006=CL: Renovación Nacional (RN) | 152007=CL: Partido Comunista (PC) | 152008=CL: Partido Humanista (PH) | 152009=CL: Partido Regionalista de los Independiente (PRI) | 152025=CL: Partido Progresista (PRO) | 152026=CL: Partido Evolución Política (Evópoli) | 152027=CL: Revolución Democrática (RD) | 152033=CL: Partido Liberal | 170001=CO: Partido Social de Unidad Nacional, Partido de la U | 170002=CO: Partido Cambio Radical (PCR) | 170003=CO: Partido Conservador Colombiano (PCC) | 170004=CO: Partido Liberal Colombiano (PLC) | 170005=CO: Partido Polo Democrático Alternativo (PDA) | 170010=CO: Movimiento MIRA | 170015=CO: Movimiento Autoridades Indígenas de Colombia (AICO) | 170016=CO: Movimiento Alianza Social Indígena (ASI) | 170037=CO: Centro Democrático (CD) | 170038=CO: Alianza Verde (PVC) | 170041=CO: Movimiento Alternativo Indigena y Social MAIS | 188001=CR: Partido de Liberación Nacional (PLN) | 188002=CR: Partido Acción Ciudadana (PAC) | 188003=CR: Movimiento Libertario (ML) | 188004=CR: Partido Unidad Social Cristiana (PUSC) | 188008=CR: Partido Integración Nacional (PIN) | 188011=CR: Partido Renovación Costarricense (PRC) | 188016=CR: Frente Amplio | 188023=CR: Alianza Demócrata Cristiana | 188024=CR: Partido de los Trabajadores | 214001=DO: Partido de la Liberación Dominicana (PLD) | 214002=DO: Partido Revolucionario Dominicano (PRD) | 214003=DO: Partido Reformista Social Cristiano (PRSC) | 214005=DO: Partido Alianza por la Democracia (APD) | 214023=DO: Partido Revolucionario Moderno (Mayoritario) (PRM) | 218004=EC: Izquierda Democrática (ID) | 218010=EC: Partido Social Cristiano (PSC) | 218011=EC: Partido Sociedad Patriótica 21 de Enero | 218026=EC: Movimiento de Unidad Plurinacional Pachakutik-Nuevo País | 218032=EC: Movimiento Patria Altiva y Soberana (PAIS) | 218033=EC: Creando Oportunidades (CREO) | 218034=EC: Movimiento de la Concertación Nacional Democrática | 218040=EC: Movimiento Sociedad Unida Más Acción (SUMA) | 218041=EC: Movimiento F Compromiso social | 218042=EC: Partido Adelante Ecuatoriano Adelante | 218044=EC: Partido Fuerza Ecuador | 218045=EC: Movimiento Centro Democrático Nacional | 218046=EC: Movimiento Unidad Popular | 222001=SV: Frente Farabundo Martí para la Liberación Nacional  (FMLN) | 222002=SV: Alianza Republicana Nacionalista (ARENA) | 222005=SV: Centro Demócrata Unido (CDU) | 222022=SV: Gran Alianza por la Unidad Nacional (GANA) | 222031=SV: Nuevas Ideas | 320001=GT: Unidad Nacional de Esperanza (UNE) | 320008=GT: Unión del Cambio Nacional (UCN) | 320011=GT: Unidad Revolucionaria Nacional Guatemalteca (URNG) | 320031=GT: Partido Político Visión con Valores (VIVA) | 320032=GT: Compromiso Renovación y Orden (CREO) | 320033=GT: Libertad Democrática Renovada (LIDER) | 320039=GT: Frente de Convergencia Nacional (FCN-Nación) | 340001=HO: Partido Liberal (PL) | 340002=HO: Partido Nacional de Honduras (PNH) | 340006=HO: El Partido Libertad y Refundación (LIBRE) | 340007=HO: Partido Salvador de Honduras (PSH) | 484001=MX: Partido Acción Nacional (PAN) | 484002=MX: Partido Revolucionario Institucional (PRI) | 484003=MX: Partido de la Revolución Democrática (PRD) | 484004=MX: Partido Verde Ecologista de México (PVEM) | 484005=MX: Partido del Trabajo (PT) | 484014=MX: Movimiento ciudadano (MC) | 484015=MX: Movimiento Regeneración Nacional (MORENA) | 558001=NI: Partido Frente Sandinista de Liberación Nacional (FSLN) | 558002=NI: Partido Liberal Constitucionalista (PLC) | 558032=NI: Partido Unión Demócrata Cristiana (UDC) | 591001=PA: Partido Revolucionario Democrático (PRD) | 591004=PA: Partido Cambio Democrático (CD) | 591005=PA: Partido Panameñista (PP) | 591006=PA: Partido Popular (PP) | 600001=PY: Partido Liberal Radical Auténtico (PLRA) | 600003=PY: Partido Encuentro Nacional (PEN) | 600006=PY: Movimiento Popular Tekojojá (MPT) | 600007=PY: Asociación Nacional Republicana (ANR) | 600009=PY: Partido Patria Querida (PPQ) | 604001=PE: Partido Aprista Peruano (PAP) | 604002=PE: Partido Nacionalista Peruano (PNP) | 604003=PE: Acción Popular (AP) | 604005=PE: Partido Popular Cristiano (PPC) | 604006=PE: Restauración Nacional (RN) | 604009=PE: Somos Perú (SP) | 604010=PE: Partido Solidaridad Nacional (PSN) | 604027=PE: Frente Popular Agrícola FIA del Perú (FREPAP) | 604028=PE: Fuerza Popular (antiguo 'Fuerza 2011') | 604030=PE: Alianza para el Progreso | 604031=PE: Peruanos por el Kambio (PPK) | 604033=PE: Frente Amplio | 604037=PE: Avanza país | 604039=PE: Juntos por el Perú | 604040=PE: Unión por el Perú | 858001=UY: Frente Amplio (FA) | 858002=UY: Partido Nacional (PN) | 858003=UY: Partido Colorado (PC) | 858004=UY: Partido Independiente (PI) | 858008=UY: Unión popular | 862001=VE: Partido Socialista Unido de Venezuela (PSUV) | 862002=VE: Patria Para Todos (PPT) | 862003=VE: Partido Comunista de Venezuela (PCV) | 862004=VE: Tupamaro | 862006=VE: Un Nuevo Tiempo (UNT) | 862007=VE: Primero Justicia (PJ) | 862008=VE: Acción Democrática (AD) | 862009=VE: Comite de Organización Política Electoral Independiente (COPEI) | 862010=VE: Movimiento al Socialismo (MAS) | 862014=VE: La Causa Radical (LCR) | 862022=VE: Convergencia | 862027=VE: Voluntad Popular (VP) | 862032=VE: Avanzada Progresista (AP) | 862033=VE: Vente Venezuela (VENTE) | 32045=AR: Frente de Todos (TODOS) | 32046=AR: Unidad Ciudadana | 32048=AR: Avanza Libertad | 68045=BO: Comunidad Ciudadana (CC) | 68046=BO: CREEMOS | 68047=BO: Libre21-Libertad y Democracia | 68048=BO: Frente para la Victoria (FPV) | 68049=BO: JUNTOS | 76038=BR: Ciudadanía-Partido Popular Socialista (PPS) | 76039=BR: Patriotas | 76040=BR: Partido da Mobilização Nacional (PMN) | 76041=BR: Partido Renovador Trabalhista Brasileiro (PRTB) | 170044=CO: Partido Somos Región Colombia antiguo Alas Equipo Colombia | 188025=CR: Restauración Nacional (RN) | 188026=CR: Partido Nueva República (PNR) | 152038=CL: Partido Radical de Chile (PR) | 152039=CL: Amplitud | 152040=CL: Partido Republicano de Chile (PLR) | 214025=DO: Partido Fuerza del Pueblo - (PFDP) | 320040=GT: Vamos por una Guatemala diferente (VAMOS) | 320041=GT: Partido Humanista de Guatemala (PHG) | 484019=MX: Fuerza por México (FxM) | 558945=NI: Ciudadanos por la Libertad CXL | 558946=NI: Coalición Nacional | 600015=PY: Frente Guasú (FG) | 600016=PY: Partido Cruzada Nacional | 604041=PE: Partido Morado (M) | 604042=PE: Frente Patriótico (FP) | 604043=PE: PODEMOS PERÚ | 604044=PE: VAMOS PERÚ | 604045=PE: PERÚ LIBRE | 604046=PE: FRENTE ESPERANZA | 858009=UY: Cabildo Abierto | 858010=UY: Partido Ecologista Radical Intransigente (PERI) | 858011=UY: Partido Verde Animalista | 858012=UY: Partido de los Trabajadores | 858013=UY: Partido Digital | 862036=VE: Esperanza por El Cambio (EL CAMBIO) | 862037=VE: Cambiemos Movimiento Ciudadano (CMC) | 862038=VE: Soluciones para Venezuela (SPV) | 862039=VE: Alianza para el Cambio (APC) | 862040=VE: Gran Polo Patriótico Simón Bolívar (GPPSB) | 862041=VE: Alianza Democrática",haven_labelled,204,0.2402989507028311,polarization
2017,P16STGBS.A,P16STGBS.A Vote for winning or losing camp,tgbs a vote for winning or losing camp,-4=Not asked | -3=Not applicable | -2=No answer/Refused | -1=Don´t know | 1=Voted for the winning camp | 2=Voted for the losing camp,haven_labelled,2,0.6023762376237624,polarization
2018,P21STGBS.A,P21STGBS.A Which party would you vote for if elections where next Sunday,tgbs a which party would you vote for if elections where next sunday,"-7=Undocumented | -4=Not asked | -3=Not applicable | -2=No answer/Refused | -1=Don´t know | 92=Voto secreto | 93=Vota por personas, no por partidos | 94=Other | 95=Null/White ballot | 96=Does not vote/None | 97=Not incribed for voting | 32001=AR: Frente para la Victoria (FPV) | 32002=AR: Partido Justicialista (PJ) | 32003=AR: Frente País Solidario (FREPASO) | 32004=AR: Partido Coalición Cívica; Afirmación para una República | 32005=AR: Unión Cívica Radical (UCR) | 32006=AR: Propuesta Republicana (PRO) | 32007=AR: Partido Humanista / Izquierda Unida (PH/ IU) | 32008=AR: Partido Socialista (PS) | 32009=AR: Partido Comunista (PC) | 32010=AR: Partido Demócrata Cristiano (PDC) | 32011=AR: Partido Demócrata Progresista (PDP) | 32012=AR: Movimiento Socialista de los Trabajadores (MST) | 32013=AR: Partido Obrero (PO) | 32014=AR: Partido Compromiso para el Cambio (CPC) | 32015=AR: Mov. Federal Recrear (López Murphy) | 32016=AR: Alternativa por una República de Iguales (Elisa Carrió) | 32017=AR: Izquierda Unida (IU) | 32018=AR: Partido para una República con Oportunidades (PRO) | 32019=AR: Recrear Argentina (RECREAR) | 32020=AR: Autodeterminación y Libertad (A y L) | 32021=AR: Partido Proyecto Sur | 32022=AR: Partido Peronismo Federal | 32023=AR: Unión Demócrata Independiente (UDI) | 32024=AR: Renovación Nacional (RN) | 32025=AR: Unión de Centro Centro Progresista (UCCP) | 32026=AR: Partido Radical Social Demócrata (PRSD) | 32027=AR: Partido Popular Democrático (PPD) | 32028=AR: Partido Alianza Humanista Verde (PHV) | 32029=AR: La Alianza (UCR-FREPASO) | 32030=AR: Acción por la República | 32031=AR: Partido de Rico Modín | 32032=AR: Partido Nueva Mayoría (Patricia Bullrich) | 32033=AR: Nueva Dirigencia | 32034=AR: Unión del Centro Democrático (UCD) | 32035=AR: Fuerza Republicana | 32036=AR: Partido Independencia | 32037=AR: Nuevo Movimiento al Socialismo (MAS) | 32038=AR: Nuevo Encuentro (EDE) | 32039=AR: Coalición Cívica (CC) | 32040=AR: Frente Amplio Progresista (FAP) | 32041=AR: Frente de Izquierda y los Trabajadores (FIT) | 32042=AR: Frente Renovador (FR) | 32043=AR: Partido Humanista | 32044=AR:Cambiemos (Alianza UCR/PRO/CC) | 32900=AR: No documentado | 68001=BO: Movimiento al Socialismo (MAS) | 68002=BO: Poder Democrático Social (PODEMOS) | 68003=BO: Unidad Nacional (UN) | 68004=BO: Movimiento Nacionalista Revolucionario (MNR) | 68005=BO: Movimiento de Izquierda Revolucionaria (MIR) | 68006=BO: Concertación Nacional (CN) | 68007=BO: Autonomías Para Bolivia (APB) | 68008=BO: Alianza Social (AS) | 68009=BO: Movimiento sin Miedo (MSM) | 68010=BO: Camino al Cambio (CC) | 68011=BO: Movimiento Originario Popular (MOP) | 68012=BO: Alianza Andrés Ibáñez (AAI) | 68013=BO: Movimiento Bolivia Libre (MBL) | 68014=BO: Autonomía Social Integradora (ASI) | 68015=BO: Transformación Democrática Patriótica (TRADEPA) | 68016=BO: Conciencia de Patria (CONDEPA) | 68017=BO: Falange Socialista de Bolivia (FSB) | 68018=BO: Movimiento Revolucionario Tupac Katari (MRTK) | 68019=BO: Acción Democratica Nacionalista (ADN) | 68020=BO: Partido Demócrata Cristiano (PDC) | 68021=BO: Unidad Civica Solidaridad (UCS) | 68022=BO: Frente Revolucionario de Izquierda (FRI) | 68023=BO: Izquierda Unida (IU) | 68024=BO: Partido Socialista (PS) | 68025=BO: Nueva Fuerza Republicana (NFR) | 68026=BO: Movimiento Ciudadano para el Cambio (MCC) | 68027=BO: Movimiento Indígena Pachakuti (MIP) | 68028=BO: Libertad y Justicia | 68029=BO: UN - Samuel Doria Medina | 68030=BO: Carlos Mesa G. | 68031=BO: Jorge Tuto Quiroga | 68032=BO: René Joaquino | 68033=BO: Verdes | 68034=BO: Partido Comunista Boliviano (PC) | 68035=BO: Vanguardia Socialista de Bolivia (VS) | 68036=BO: Katarismo Nacional Democrático (KND) | 68037=BO: Partido Demócrata Boliviano (PDB) | 68038=BO: Eje Pachakuti | 68039=BO: Partido Verde de Bolivia-Instrumento de la Ecología Polí | 68040=BO: Unidad Demócrata (UD) | 68041=BO: Primero el Beni | 68042=BO: Soberanía y Libertad (SL) | 68043=BO: Todos por Cochabamba (TC) | 68044=BO: Poder autonómico nacional (PAN) | 76001=BR: Partido dos Trabalhadores (PT) | 76002=BR: Partido Republicano Brasileiro (PRB) | 76003=BR: Partido do Movimento Democrático Brasileiro (PMDB) | 76004=BR: Partido Comunista do Brasil (PC do B) | 76005=BR: Partido Socialista Brasileiro (PSB) | 76006=BR: Partido da República (PR) | 76007=BR: Partido Trabalhista Brasileiro (PTB) | 76008=BR: Partido Democrático Trabalhista (PDT) | 76009=BR: Partido Verde (PV) | 76010=BR: Partido Progressista (PP) | 76011=BR: Partido da Social Democracia Brasileira (PSDB) | 76012=BR: Democratas (DEM) (ex-PFL) | 76013=BR: Partido Popular Socialista (PPS) | 76014=BR: Partido Socialismo e Liberdade (PSOL) | 76015=BR: Partido Social Demócrata Cristão (PSDC) | 76016=BR: Partido Trabalhista Cristão (PTC) | 76017=BR: Partido Trabalhista do Brasil (PT do B) | 76018=BR: Partido Republicano Progresista (PRP) | 76019=BR: Partido Social Liberal (PSL) | 76020=BR: Partido Da Frente Liberal (PFL) | 76021=BR: Partido Liberal (PL) | 76022=BR: Partido de Reedificação da Ordem Nacional | 76023=BR: Partido Socialista de los Trabajadores Unificado (PSTU) | 76024=BR: Partido Progressista Brasileiro (PPB) | 76025=BR: Partido de la Reconstrucción del Orden Nacional (PRONA) | 76026=BR: Partido Social Cristiano (PSC) | 76027=BR: Partido Socialista dos Trabalhadores Unificado (PSTU) | 76028=BR: Partido Social Democrático (PSD) | 76029=BR: Partido Humanista da Solidariedade (PHS) | 76030=BR: Partido de la Reconstrucción Nacional (PRN) | 76031=BR: Partido Progressista Renovador (PPR) | 76032=BR: Rede Sustentabilidade (REDE) | 76033=BR: Solidariedade | 76034=BR: Democratas - DEM | 76035=BR: Partido Novo - NOVO | 76036=BR: Partido Socialismo e Liberdade | 76037=BR: Podemos | 152001=CL: Partido Demócrata Cristiano (PDC) | 152002=CL: Partido por la Democracia (PPD) | 152003=CL: Partido Socialista (PS) | 152004=CL: Partido Radical Social Democrático (PRSD) | 152005=CL: Unión Demócrata Independiente (UDI) | 152006=CL: Renovación Nacional (RN) | 152007=CL: Partido Comunista (PC) | 152008=CL: Partido Humanista (PH) | 152009=CL: Partido Regionalista de los Independiente (PRI) | 152010=CL: Unión de Centro Centro Progresista (UCCP) | 152011=CL: Partido Humanista Verde (PHV) | 152012=CL: Concertación de Partidos por la Democracia | 152013=CL: Alianza por Chile | 152014=CL: Vota por personas | 152015=CL: Juntos Podemos | 152016=CL: Joaquín Lavín | 152017=CL: Sebastián Piñera | 152018=CL: Michelle Bachelet | 152019=CL: Tomás Hirsch | 152020=CL: Partido Progresista (MEO) | 152021=CL: Concertación | 152022=CL: Partido de Izquierda | 152023=CL: Partido de Derecha | 152024=CL: Independiente | 152025=CL: Partido Progresista (PRO) | 152026=CL: Partido Evolución Política (Evópoli) | 152027=CL: Revolución Democrática (RD) | 152028=CL: Partido Democracia Regional Patagónica | 152029=CL: Izquierda Autónoma (IA) | 152030=CL: Nueva Izquierda | 152031=CL: Partido Ecologista Verde, PEV | 152032=CL: Ciudadanos | 152033=CL: Partido Liberal | 152034=CL: Evopoli | 152035=CL: Partido País | 152036=CL: Chile Vamos | 152037=CL: Frente Amplio | 152999=CL: A todos los partidos | 170001=CO: Partido Social de Unidad Nacional, Partido de la U | 170002=CO: Partido Cambio Radical (PCR) | 170003=CO: Partido Conservador Colombiano (PCC) | 170004=CO: Partido Liberal Colombiano (PLC) | 170005=CO: Partido Polo Democrático Alternativo (PDA) | 170006=CO: Alas Equipo Colombia | 170007=CO: Alianza Social Indígena | 170008=CO: Partido Convergencia Ciudadana | 170009=CO: Partido Colombia Democrática | 170010=CO: Movimiento MIRA | 170011=CO: Movimiento Colombia Viva | 170012=CO: Movimiento Apertura Liberal | 170013=CO: Independiente (IN) | 170014=CO: Partido Verde Opción Centro (PVC) | 170015=CO: Movimiento Autoridades Indígenas de Colombia (AICO) | 170016=CO: Movimiento Alianza Social Indígena (ASI) | 170017=CO: Partido de Integración Nacional (PIN) | 170018=CO: Movimiento Nacional Afrocolombiano AFRO | 170019=CO: Movimiento Alianza Social Afrocolombiana | 170020=CO: Nuevo Liberal | 170021=CO: Partido de Izquierda | 170022=CO: Partido Cristiano | 170023=CO: Partido Democrático | 170024=CO: Partido Ecológico | 170025=CO: Partido Social Democrático | 170026=CO: Movimiento Nacional Conservador | 170027=CO: Unión Patriótica | 170028=CO: Movimiento Unión Cristiana | 170029=CO: Alianza Democrática M19 | 170030=CO: Movimiento Salvación Nacional | 170031=CO: Movimiento Fuerza Progresista | 170032=CO: Movimiento Cívico Independiente | 170033=CO: Movimiento Único de Renovación Conservador MURCO | 170034=CO: Movimiento Corriente de Renovación Socialista | 170035=CO: Movimiento Independiente Obrero y Revolucionario MOIR | 170036=CO: Movimiento Ciudadano | 170037=CO: Centro Democrático (CD) | 170038=CO: Alianza Verde (PVC) | 170039=CO: Alianza Social Independiente (ASI) | 170040=CO: Opción Ciudadana (PIN) | 170041=CO: Movimiento Alternativo Indigena y Social MAIS | 170042=CO: Centro Democrático | 188001=CR: Partido de Liberación Nacional (PLN) | 188002=CR: Partido Acción Ciudadana (PAC) | 188003=CR: Movimiento Libertario (ML) | 188004=CR: Partido Unidad Social Cristiana (PUSC) | 188005=CR: Alianza Nacional Cristiana (ANC) | 188006=CR: Partido Fuerza Democrática (FD) | 188007=CR: Partido Independiente Obrero (PIO) | 188008=CR: Partido Integración Nacional (PIN) | 188009=CR: Partido Patriótico Nacional (PN) | 188010=CR: Partido Pueblo Unido (PPU) | 188011=CR: Partido Renovación Costarricense (PRC) | 188012=CR: Partido Rescate Nacional (PRN) | 188013=CR: Partido Unión General (PUGEN) | 188014=CR: Unión para el Cambio (UPC) | 188015=CR: Accesibilidad sin Exclusión | 188016=CR: Frente Amplio | 188017=CR: Partido Demócrata | 188018=CR: Partido Nacional Independiente | 188019=CR: Alianza Patriótica (AP) | 188020=CR: Partido Restauración Nacional (PRN) | 188021=CR: Partido Nueva Generación | 188022=CR: Costarricense | 188023=CR: Alianza Demócrata Cristiana | 188024=CR: Partido de los Trabajadores | 214001=DO: Partido de la Liberación Dominicana (PLD) | 214002=DO: Partido Revolucionario Dominicano (PRD) | 214003=DO: Partido Reformista Social Cristiano (PRSC) | 214004=DO: Partido de Unidad Democrática (UD) | 214005=DO: Partido Alianza por la Democracia (APD) | 214006=DO: Partido Alianza Social Dominicana (ASD) | 214007=DO: Partido Bloque Institucional (BIS) | 214008=DO: Partido Demócrata Popular (PDP) | 214009=DO: Partido Fuerza de la Revolución (FR) | 214010=DO: Partido Fuerza Nacional Progresista (FNP) | 214011=DO: Partido Liberal de la República Dominicana (PLRD) | 214012=DO: Movimiento Independencia, Unidad y Cambio (MIUCA) | 214013=DO: Movimiento Popular Dominicano (MPD) | 214014=DO: Partido Nacional de Veteranos y Civiles (PNVC) | 214015=DO: Partido Nueva Alternativa (PNA) | 214016=DO: Partido Popular Cristiano (PPC) | 214017=DO: Partido Quisqueyano Demócrata Cristiano (PQD) | 214018=DO: Partido Renacentista Nacional (PRN) | 214019=DO: Partido Revolucionario Independiente (PRI) | 214020=DO: Partido de los Trabajadores Dominicanos  (PTD) | 214021=DO: Partido de la Unión Demócrata Cristiana (UDC) | 214022=DO: Partido de Unidad Nacional (PUN) | 214023=DO: Partido Revolucionario Moderno (Mayoritario) (PRM) | 214024=DO: Partido Demócrata Institucional  (PDI) | 218001=EC: Movimiento Alianza País | 218002=EC: Movimiento Pachakutik (PK) | 218003=EC: Movimiento Popular Democrático (MPD) | 218004=EC: Izquierda Democrática (ID) | 218005=EC: Partido Roldosista Ecuatoriano (PRE) | 218006=EC: Partido Concentración de Fuerzas Populares (CFP) | 218007=EC: Partido Socialista-Frente Amplio (PS-FA) | 218008=EC: Partido Libertad (PLE) | 218009=EC: Partido Renovador Institucional Acción Nacional (PRIAN) | 218010=EC: Partido Social Cristiano (PSC) | 218011=EC: Partido Sociedad Patriótica 21 de Enero | 218012=EC: Democracia Popular (DP) | 218013=EC: Partido Unión Demócrata Cristiana (UDC) | 218014=EC: Partido Liberal Radical (PLR) | 218015=EC: Partido Movimiento de Acuerdo Nacional (MANA) | 218016=EC: Partido Una Nueva Opción (UNO) | 218017=EC: Frente Radical Alfarista (FRA) | 218018=EC: Partido Conservador (PC) | 218019=EC: Alianza RED-ID | 218020=EC: Movimiento Indígena Amauta Jatari | 218021=EC: Partido Socialista Ecuatoriano (PSE) | 218022=EC: Partido Conservador - Unidad Nacional (PUN) | 218023=EC: Partido Liberal (PL) | 218024=EC: Acción Popular Revolucionaria (APRE) | 218025=EC: Movimiento Nuevo País (NP) | 218026=EC: Movimiento de Unidad Plurinacional Pachakutik-Nuevo País | 218027=EC: Partido de Unión Republicana (PUR) | 218028=EC: Liberación Nacional (PL) | 218029=EC: Movimiento Ruptura | 218030=EC: Movimiento Equidad, Progreso y Orden (EQUIPO) | 218031=EC: Partido Sociedad Patriótica (PSP) | 218032=EC: Movimiento Patria Altiva y Soberana (PAIS) | 218033=EC: Creando Oportunidades (CREO) | 218034=EC: Movimiento de la Concertación Nacional Democrática | 218035=EC: Creando Oportunidades (CREO) | 218036=EC: Partido Participación | 218037=EC: Movimieno Verde Ecológico | 218038=EC: Movimieno Cambio | 218039=EC: Movimieno Conciliación Nacional | 218040=EC: Movimiento Sociedad Unida Más Acción (SUMA) | 218041=EC: Movimiento F Compromiso social | 218042=EC: Partido Adelante Ecuatoriano Adelante | 218043=EC: Partido Avanza | 218044=EC: Partido Fuerza Ecuador | 218045=EC: Movimiento Centro Democrático Nacional | 218046=EC: Movimiento Unidad Popular | 218047=EC: Movimiento Unión Ecuatoriana | 222001=SV: Frente Farabundo Martí para la Liberación Nacional  (FML | 222002=SV: Alianza Republicana Nacionalista (ARENA) | 222003=SV: Partido de Concertación Nacional o Partido de Conciliaci | 222004=SV: Partido Demócrata Cristiano (PDC) | 222005=SV: Centro Demócrata Unido (CDU) | 222006=SV: Fuerza Cristiana | 222007=SV: Movimiento Auténtico Cristiano (MAC) | 222008=SV: Movimiento Estable Republicano Centrista (MERECEN) | 222009=SV: Movimiento Renovador (MR) | 222010=SV: Partido Acción Demócrata (AD) | 222011=SV: Partido Acción Renovadora (PAR) | 222012=SV: Partido Auténtico Institucional Salvadoreño (PAISA) | 222013=SV: Partido Demócrata (PD) | 222014=SV: Partido Liberal Democrático (PLD) | 222015=SV: Partido Nacional Liberal (PNL) | 222016=SV: Partido de Orientación Popular (POP) | 222017=SV: Partido Popular Laborista (PPL) | 222018=SV: Partido Popular Republicano (PPR) | 222019=SV: Partido Popular Salvadoreño (PPS) | 222020=SV: Partido Social Demócrata (PSD) | 222021=SV: Unión Social Cristiana (USC) | 222022=SV: Gran Alianza por la Unidad Nacional (GANA) | 222023=SV: Liga Democrática Republicana (LIDER) | 222024=SV: Pueblo Unido Nuevo Trato (PUNTO) | 222025=SV: Frente Democrático Revolucionario (FDR) | 222026=SV: Partido Acción Nacional | 222027=SV: Partido Convergencia Democrática | 222028=SV: Movimiento de Solidaridad Nacional (MSN) | 222029=SV: Partido de la Esperanza (PES) | 222030=SV: Concertación Nacional (CN) | 222031=SV: Nuevas Ideas | 320001=GT: Unidad Nacional de Esperanza (UNE) | 320002=GT: Partido Patriota (PP) | 320003=GT: Gran Alianza Nacional (GANA) | 320004=GT: Centro de Acción Social (CASA) | 320005=GT: Encuentro por Guatemala (EG) | 320006=GT: Partido Unionista (PU) | 320007=GT: Frente Republicano Guatemalteco (FRG) | 320008=GT: Unión del Cambio Nacional (UCN) | 320009=GT: Partido de Avanzada Nacional (PAN) | 320010=GT: Unión Democrática (UD) | 320011=GT: Unidad Revolucionaria Nacional Guatemalteca (URNG) | 320012=GT: Democracia Cristiana Guatemalteca (DCG) | 320013=GT: Desarrollo Integral Auténtico (DIA) | 320014=GT: Alianza Nueva Nación (ANN) | 320015=GT: Bienestar Nacional (BIEN) | 320016=GT: Los Verdes (LV) | 320017=GT: Movimiento de Liberación Nacional (MLN) | 320018=GT: Movimiento de Principios y Valores (MPV) | 320019=GT: Movimiento Reformador (MR) | 320020=GT: Partido Libertador Progresista (PLP) | 320021=GT: Partido de Solidaridad Nacional (PSN) | 320022=GT: Transparencia | 320023=GT: No documentado - 923 | 320024=GT: No documentado - 924 | 320025=GT: No documentado - 925 | 320026=GT: No documentado - 926 | 320027=GT: No documentado - 927 | 320028=GT: No documentado - 928 | 320029=GT: No documentado - 929 | 320030=GT: No documentado - 930 | 320031=GT: Partido Político Visión con Valores (VIVA) | 320032=GT: Compromiso Renovación y Orden (CREO) | 320033=GT: Libertad Democrática Renovada (LIDER) | 320034=GT: Victoria (VICTORIA) | 320035=GT: Frente Democrático Nueva Guatemala (FDNG) | 320036=GT: Partido Demócrata Cristiano  (PDC) | 320037=GT: Acción Reconciliadora Democrática (ARDE) | 320038=GT: Unidad Nacionalista Organizada (UNO) | 320039=GT: Frente de Convergencia Nacional (FCN-Nación) | 320900=GT: Unidad nacional de la esperanza | 340001=HO: Partido Liberal (PL) | 340002=HO: Partido Nacional de Honduras (PNH) | 340003=HO: Partido de Unión Democrática (PUD) | 340004=HO: Partido Demócrata Cristiano de Honduras (PDCH) | 340005=HO: Partido Innovación y Unidad (PINU) | 340006=HO: El Partido Libertad y Refundación (LIBRE) | 340007=HO: El Partido Anti Corrupción (PAC) | 484001=MX: Partido Acción Nacional (PAN) | 484002=MX: Partido Revolucionario Institucional (PRI) | 484003=MX: Partido de la Revolución Democrática (PRD) | 484004=MX: Partido Verde Ecologista de México (PVEM) | 484005=MX: Partido del Trabajo (PT) | 484006=MX: Partido Nueva Alianza (PANAL) | 484007=MX: Convergencia | 484008=MX: Alternativa Socialdemócrata (antes Alternativa Socialdem | 484009=MX: Partido de Centro Democrático (PCD) | 484010=MX: Partido Auténtico de la Revolución Mexicana (PARM) | 484011=MX: Partido Social Demócrata (PSD) | 484012=MX: Partido Popular Socialista (PPS) | 484013=MX: Partido del Frente Cardenista de Reconstrucción Nacional | 484014=MX: Movimiento ciudadano (MC) | 484015=MX: Movimiento Regeneración Nacional (MORENA) | 484016=MX: Partido Encuentro Social (PES) | 484017=MX: Independiente | 484018=MX: Partido Humanista | 558001=NI: Partido Frente Sandinista de Liberación Nacional (FSLN) | 558002=NI: Partido Liberal Constitucionalista (PLC) | 558003=NI: Partido Alianza Liberal Nicaragüense (ALN) | 558004=NI: Alianza Partido Movimiento Renovador Sandinista (MRS) | 558005=NI: Partido Resistencia Nicaragüense (PRN) | 558006=NI: Partido Social Cristiano (PSC) | 558007=NI: Partido Camino Cristiano Nicaragüense (CCN) | 558008=NI: Partido Conservador (PC) | 558009=NI: Partido Yatama (YATAMA) | 558010=NI: Partido Movimiento Renovador Sandinista (MRS) | 558011=NI: Alianza por la República (APRE) | 558012=NI: Alternativa Cristiana (AC) | 558013=NI: Partido Acción Ciudadana (PAC) | 558014=NI: Partido Acción Nacional Conservadora (ANC) | 558015=NI: Partido Alianza Conservadora (ALCON) | 558016=NI: Partido Arriba la República (PAR) | 558017=NI: Partido Liberal 1913 (PL-1913) | 558018=NI: Partido Liberal Independiente (PLI) | 558019=NI: Partido Liberal Nacionalista (PLN) | 558020=NI: Partido Liberal de Unidad Nacional (PLIUN) | 558021=NI: Partido Movimiento de Acción Conservadora (MAC) | 558022=NI: Partido Movimiento de Salvación Liberal (MSL) | 558023=NI: Partido Movimiento de Unidad Cristiana (MUC) | 558024=NI: Movimiento de Unidad Revolucionaria (MUR) | 558025=NI: Proyecto Nacional (PRONAL) | 558026=NI: Partido Nacional Demócrata (PND) | 558027=NI: Partido Neoliberal (PALI) | 558028=NI: Partido Revolucionario de los Trabajadores (PRT) | 558029=NI: Partido Social Demócrata (PSD) | 558030=NI: Partido Socialista (PS) | 558031=NI: Partido de Unidad Demócrata (PUDE) | 558032=NI: Partido Unión Demócrata Cristiana (UDC) | 558033=NI: Partido Unionista Centroamericano (PUCA) | 558034=NI: Alternativa por el Cambio (AC) | 558035=NI: No documentado - 1235 | 558036=NI: No documentado - 1236 | 558037=NI: No documentado - 1237 | 558038=NI: No documentado - 1238 | 558039=NI: Unión Nacional Opositora (UNO) | 558040=NI: Unión Democrática de Liberación (UDEL) | 558041=NI: Alianza Pan y Fuerza | 558900=NI: Izquierda | 558901=NI: Tercera opción | 558902=NI: Alianza Evangélica Nicaragüense | 558942=NI: Partido Alianza Liberal (PAL) | 558943=NI: Frente de Liberación Nacional (FLN) | 558944=NI: Unidad Nicaragüense por la Esperanza (UNE) | 591001=PA: Partido Revolucionario Democrático (PRD) | 591002=PA: Movimiento Liberal Republicano Nacionalista (MOLIRENA) | 591003=PA: Unión Patriótica (UP) | 591004=PA: Partido Cambio Democrático (CD) | 591005=PA: Partido Panameñista (PP) | 591006=PA: Partido Popular (PP) | 591007=PA: Vanguardia Moral a la Patria | 591008=PA: Partido Arnulfista (PA) | 591009=PA: Partido Solidaridad (PS) | 591010=PA: Partido Liberal Nacional (PLN) | 591011=PA: Partido Liberal (PL) | 591012=Partido Demócrata Cristiano (PDC) | 591013=Partido Papa Egoro | 591014=Partido Movimiento Liberal | 591015=Partido Nacionalista Popular | 600001=PY: Partido Liberal Radical Auténtico (PLRA) | 600002=PY: Partido País Solidario (PPS) | 600003=PY: Partido Encuentro Nacional (PEN) | 600004=PY: Partido del Movimiento al Socialismo (PMAS) | 600005=PY: Partido Democrático Progresista (PDP) | 600006=PY: Movimiento Popular Tekojojá (MPT) | 600007=PY: Asociación Nacional Republicana (ANR) | 600008=PY: Unión Nacional de Ciudadanos Éticos (UNACE) | 600009=PY: Partido Patria Querida (PPQ) | 600010=PY: Partido Revolucionario Febrerista (PRF) | 600011=PY: Partido Comunista Paraguayo (PCP) | 600012=PY: Partido Blanco (PB) | 600013=PY: Partido Colorado (PC) | 600014=PY: Partido Demócrata Cristiano (PDC) | 604001=PE: Partido Aprista Peruano (PAP) | 604002=PE: Partido Nacionalista Peruano (PNP) | 604003=PE: Acción Popular (AP) | 604004=PE: Perú Posible (PC) | 604005=PE: Partido Popular Cristiano (PPC) | 604006=PE: Restauración Nacional (RN) | 604007=PE: Renovación (R) | 604008=PE: Sí Cumple/Alianza Fujimorista (SC)/Fuerza 2011 | 604009=PE: Somos Perú (SP) | 604010=PE: Partido Solidaridad Nacional (PSN) | 604011=PE: Unidad Nacional (Partido Popular Cristiano-Solidaridad N | 604012=PE: Unión por el Perú (UPP) | 604013=PE: Alianza por el Futuro (AF) | 604014=PE: Frente de Centro (Somos Perú-Acción Popular) | 604015=PE: Unión por el Perú / Partido Nacionalista Peruano | 604016=PE: Frente Independiente Moralizador (FIM) | 604017=PE: Cambio 90 | 604018=PE: Vamos Vecino | 604019=PE: Alianza Popular Revolucionaria Americana (APRA) | 604020=PE: Partido Renacimiento Andino (PRAN) | 604021=PE: Unión por el Perú/Social Democracia (UPP-SI) | 604022=PE: Partido Proyecto País | 604023=PE: Frente Popular Agrícola Fia del Perú (PREPAP) | 604024=PE: Movimiento Independiente Agrario (MIA) | 604025=PE: Izquierda Unida (IU) | 604026=PE: Frente Nacional de Trabajadores y Campesinos (FRENATRACA | 604027=PE: Frente Popular Agrícola FIA del Perú (FREPAP) | 604028=PE: Fuerza Popular (antiguo 'Fuerza 2011') | 604029=PE: Todos por el Perú (antiguo 'Coordinadora Nacional de Ind | 604030=PE: Alianza para el Progreso | 604031=PE: Peruanos por el Kambio (PPK) | 604032=PE: Alianza Popular | 604033=PE: Frente Amplio | 604034=PE: Perú Patria Segura | 604035=PE: Partido Revolucionario etnocacerista Unido | 604036=PE: Democracia Directa | 604037=PE: Avanza país | 604038=PE: Siempre Unidos | 604039=PE: Juntos por el Perú | 604040=PE: Unión por el Perú | 604090=PE: Partido Independiente | 724001=ES: Partido Socialista Obrero Español (PSOE) | 724002=ES: Partido Popular (PP) | 724003=ES: Izquierda Unida (IU/ICV) | 724004=ES: Convergencia i Unió (CiU) | 724005=ES: Partido Nacionalista Vasco (PNV) | 724006=ES: Unión Progreso y Democracia (UPyD) | 724007=ES: Esquerra Republicana de Catalunya (ERC) | 724008=ES: Bloque Nacionalista Gallego (BNG) | 724009=ES: Coalición Canaria (CC) | 724010=ES: Nafarroa Bai (Na Bai) | 724011=ES: Unión del Pueblo Navarro (UPN) | 724012=ES: Eusko Alkartasuna (EA) | 724013=ES: Herri Batasuna (HB) | 724014=ES: Iniciativa por Catalunya-Los Verdes(IC-EV) | 724015=ES: Partido Andalucista (PA) | 724016=ES: Unió Valenciana (UV) | 858001=UY: Frente Amplio (FA) | 858002=UY: Partido Nacional (PN) | 858003=UY: Partido Colorado (PC) | 858004=UY: Partido Independiente (PI) | 858005=UY: Asamblea Popular | 858006=UY: Nuevo Espacio | 858007=UY: Encuentro Progresista-Frente Amplio | 858008=UY: Unión popular | 862001=VE: Partido Socialista Unido de Venezuela (PSUV) | 862002=VE: Patria Para Todos (PPT) | 862003=VE: Partido Comunista de Venezuela (PCV) | 862004=VE: Tupamaro | 862005=VE: Unión Popular Venezolana (UPV) | 862006=VE: Un Nuevo Tiempo (UNT) | 862007=VE: Primero Justicia (PJ) | 862008=VE: Acción Democrática (AD) | 862009=VE: Comite de Organización Política Electoral Independiente | 862010=VE: Movimiento al Socialismo (MAS) | 862011=VE: Proyecto Venezuela (PV) | 862012=VE: Por la Democracia Social (PODEMOS) | 862013=VE: Gente Emergente (GE) | 862014=VE: La Causa Radical (LCR) | 862015=VE: Venezuela de Primera (VDP) | 862016=VE: Alianza Bravo Pueblo (ABP) | 862017=VE: Bandera Roja (BR) | 862018=VE: Movimiento V República (MVR) | 862019=VE: Movimiento Electoral del Pueblo (MEP) | 862020=VE: PIEDRA | 862021=VE: Un Solo Pueblo (USP) | 862022=VE: Convergencia | 862023=VE: Partidos independientes | 862024=VE: Mesa de la Unidad Democrática (MUD)/ Unidad/ partidos de | 862025=VE: Buscando soluciones | 862026=VE: Cuentas para todos | 862027=VE: Voluntad Popular (VP) | 862028=VE: Partido de la Oposición | 862029=VE: Integración y Renovación Nueva Esperanza (IRENE) | 862030=VE: Apertura a la Participación Nacional | 862031=VE: Movimiento Bolivariano Revolucionario (MBR) | 862032=VE: Avanzada Progresista (AP) | 862033=VE: Vente Venezuela (VENTE) | 862034=VE: Somos Venezuela (SV) | 862035=VE: Independientes por el Progreso GENTE (IPP)",haven_labelled,191,0.21896654127895465,polarization
2018,P21STGBS.B,P21STGBS.B Vote for winning or losing camp,tgbs b vote for winning or losing camp,-5=Missing; no disponible | -4=Not asked | -3=Not applicable | -2=No answer/Refused | -1=Don´t know | 1=Voted for the winning camp | 2=Voted for the losing camp,haven_labelled,2,0.5827558899227876,polarization
2020,P51STGBS.B,P51STGBS.B Vote for winning or losing camp,tgbs b vote for winning or losing camp,1=Voted government party | 2=Voted oposition party | -1=Don´t know | -2=No answer | -3=Not applicable | -4=Not asked | -5=Don´t know / No answer,haven_labelled,2,0.6160166303702237,polarization
2016,P15STGBSA,P15STGBSA Vote for winning or losing camp,tgbsa vote for winning or losing camp,-4=Not asked | -3=Not applicable | -2=No answer | -1=Don't know | 1=Voted for the winning camp | 2=Voted for the losing camp,haven_labelled,2,0.5601366066125519,polarization
1998,np63h,Who would not like to have as a neighbors: Political Extremists,who would not like to have as a neighbors political extremists,-4=Not asked | -3=Not applicable | -2=No answer/Refused | -1=Don´t know | 0=Not mentioned | 1=Mentioned,haven_labelled,1,0.5808371452461758,polarization
2010,P27N.H,Conflict between left and right ideology,conflict between left and right ideology,-4=Not asked | -3=Not applicable | -2=No answer/Refused | -1=Don´t know | 1=Very strong | 2=Strong | 3=Weak | 4=No conflict at all,haven_labelled,4,0.09401860096090273,polarization; ideology
1995,p31,Self-positioning in Left- Right scale,self positioning in left right scale,-6=None | -4=Not asked | -3=Not applicable | -2=No answer/Refused | -1=Don´t know | 0=0. Left | 1=1 | 2=2 | 3=3 | 4=4 | 5=5 | 6=6 | 7=7 | 8=8 | 9=9 | 10=10. Right,haven_labelled,11,0.2636453853787628,polarization; ideology
1996,p38,Self-positioning in Left- Right scale,self positioning in left right scale,-6=None | -4=Not asked | -3=Not applicable | -2=No answer/Refused | -1=Don´t know | 0=0. Left | 1=1 | 2=2 | 3=3 | 4=4 | 5=5 | 6=6 | 7=7 | 8=8 | 9=9 | 10=10. Right,haven_labelled,11,0.19929245283018868,polarization; ideology
1997,sp56,Self-positioning in Left- Right scale,self positioning in left right scale,-6=None | -4=Not asked | -3=Not applicable | -2=No answer/Refused | -1=Don´t know | 0=0. Left | 1=1 | 2=2 | 3=3 | 4=4 | 5=5 | 6=6 | 7=7 | 8=8 | 9=9 | 10=10. Right,haven_labelled,11,0.15763473793410068,polarization; ideology
1998,sp52,Self-positioning in Left- Right scale,self positioning in left right scale,-6=None | -4=Not asked | -3=Not applicable | -2=No answer/Refused | -1=Don´t know | 0=0. Left | 1=1 | 2=2 | 3=3 | 4=4 | 5=5 | 6=6 | 7=7 | 8=8 | 9=9 | 10=10. Right,haven_labelled,13,0,polarization; ideology
2000,P52ST,Self-positioning in Left- Right scale,self positioning in left right scale,-6=None | -4=Not asked | -3=Not applicable | -2=No answer/Refused | -1=Don´t know | 0=0. Left | 1=1 | 2=2 | 3=3 | 4=4 | 5=5 | 6=6 | 7=7 | 8=8 | 9=9 | 10=10. Right,haven_labelled,11,0.19275972946002884,polarization; ideology
2001,p54st,Self-positioning in Left- Right scale,self positioning in left right scale,-6=None | -4=Not asked | -3=Not applicable | -2=No answer/Refused | -1=Don´t know | 0=0. Left | 1=1 | 2=2 | 3=3 | 4=4 | 5=5 | 6=6 | 7=7 | 8=8 | 9=9 | 10=10. Right,haven_labelled,11,0.22291696960884105,polarization; ideology
2002,p64st,Self-positioning in Left- Right scale,self positioning in left right scale,-6=None | -4=Not asked | -3=Not applicable | -2=No answer/Refused | -1=Don´t know | 0=0. Left | 1=1 | 2=2 | 3=3 | 4=4 | 5=5 | 6=6 | 7=7 | 8=8 | 9=9 | 10=10. Right,haven_labelled,11,0.2784442540226602,polarization; ideology
2003,p60st,Self-positioning in Left- Right scale,self positioning in left right scale,-6=None | -4=Not asked | -3=Not applicable | -2=No answer/Refused | -1=Don´t know | 0=0. Left | 1=1 | 2=2 | 3=3 | 4=4 | 5=5 | 6=6 | 7=7 | 8=8 | 9=9 | 10=10. Right,haven_labelled,11,0.2606350257890503,polarization; ideology
2004,p87st,Self-positioning in Left- Right scale,self positioning in left right scale,-6=None | -4=Not asked | -3=Not applicable | -2=No answer/Refused | -1=Don´t know | 0=0. Left | 1=1 | 2=2 | 3=3 | 4=4 | 5=5 | 6=6 | 7=7 | 8=8 | 9=9 | 10=10. Right,haven_labelled,11,0.21714337436640116,polarization; ideology
2005,p34st,Self-positioning in Left- Right scale,self positioning in left right scale,-6=None | -4=Not asked | -3=Not applicable | -2=No answer/Refused | -1=Don´t know | 0=0. Left | 1=1 | 2=2 | 3=3 | 4=4 | 5=5 | 6=6 | 7=7 | 8=8 | 9=9 | 10=10. Right,haven_labelled,11,0.213826525566215,polarization; ideology
2006,p47st,Self-positioning in Left- Right scale,self positioning in left right scale,-6=None | -4=Not asked | -3=Not applicable | -2=No answer/Refused | -1=Don´t know | 0=0. Left | 1=1 | 2=2 | 3=3 | 4=4 | 5=5 | 6=6 | 7=7 | 8=8 | 9=9 | 10=10. Right,haven_labelled,11,0.22551523692090894,polarization; ideology
2007,p67st,Self-positioning in Left- Right scale,self positioning in left right scale,-6=None | -4=Not asked | -3=Not applicable | -2=No answer/Refused | -1=Don´t know | 0=0. Left | 1=1 | 2=2 | 3=3 | 4=4 | 5=5 | 6=6 | 7=7 | 8=8 | 9=9 | 10=10. Right,haven_labelled,11,0.20437119943597426,polarization; ideology
2008,p56st,Self-positioning in Left- Right scale,self positioning in left right scale,-6=None | -4=Not asked | -3=Not applicable | -2=No answer/Refused | -1=Don´t know | 0=0. Left | 1=1 | 2=2 | 3=3 | 4=4 | 5=5 | 6=6 | 7=7 | 8=8 | 9=9 | 10=10. Right,haven_labelled,11,0.18998897464167586,polarization; ideology
2009,p69st,Self-positioning in Left- Right scale,self positioning in left right scale,-4=Not asked | -3=Not applicable | -2=No answer/Refused | -1=Don´t know | 0=0. Left | 1=1 | 2=2 | 3=3 | 4=4 | 5=5 | 6=6 | 7=7 | 8=8 | 9=9 | 10=10. Right,haven_labelled,11,0.24574702512119875,polarization; ideology
2010,P60ST,Self-positioning in Left- Right scale,self positioning in left right scale,-4=Not asked | -3=Not applicable | -2=No answer/Refused | -1=Don´t know | 0=0. Left | 1=1 | 2=2 | 3=3 | 4=4 | 5=5 | 6=6 | 7=7 | 8=8 | 9=9 | 10=10. Right | 97=None,haven_labelled,11,0.25300833076211043,polarization; ideology
2011,P76ST,Self-positioning in Left- Right scale,self positioning in left right scale,-6=None | -2=Don´t answer | -1=Don´t know | 0=00 Left | 1=1 | 2=2 | 3=3 | 4=4 | 5=5 | 6=6 | 7=7 | 8=8 | 9=9 | 10=10 Right,haven_labelled,11,0.25118788358740846,polarization; ideology
2013,P41ST,P41ST Left-Right placement in political scale,t left right placement in political scale,-8=None | -4=Not asked | -3=Not applicable | -2=No answer | -1=Don't know | 0=Left | 1=1 | 2=2 | 3=3 | 4=4 | 5=5 | 6=6 | 7=7 | 8=8 | 9=9 | 10=Right,haven_labelled,11,0.19114856815073025,polarization; ideology
2015,P27ST,P27ST Left-Right placement in political scale,t left right placement in political scale,-8=None | -4=Not asked | -3=Not applicable | -2=No answer | -1=Don't know | 0=Left | 1=1 | 2=2 | 3=3 | 4=4 | 5=5 | 6=6 | 7=7 | 8=8 | 9=9 | 10=Right,haven_labelled,11,0.21535802469135804,polarization; ideology
2016,P17ST,P17ST Self-positioning in Left- Right scale,t self positioning in left right scale,-8=None | -4=Not asked | -3=Not applicable | -2=No answer/Refused | -1=Don´t know | 0=0. Left | 1=1 | 2=2 | 3=3 | 4=4 | 5=5 | 6=6 | 7=7 | 8=8 | 9=9 | 10=10. Right,haven_labelled,11,0.16853098396357158,polarization; ideology
2020,P18ST,P18ST Self-positioning in Left- Right scale,t self positioning in left right scale,0=Left | 1=1 | 2=2 | 3=3 | 4=4 | 5=5 | 6=6 | 7=7 | 8=8 | 9=9 | 10=Right | 97=None | -1=Don´t know | -2=No answer | -3=Not applicable | -4=Not asked | -5=Don´t know / No answer,haven_labelled,12,0.07760839437735102,polarization; ideology
2018,P22ST,P22ST Self-positioning in Left- Right scale (1-10),t self positioning in left right scale 1 10,-8=None | -4=Not asked | -3=Not applicable | -2=No answer/Refused | -1=Don´t know | 0=Left | 1=1 | 2=2 | 3=3 | 4=4 | 5=5 | 6=6 | 7=7 | 8=8 | 9=9 | 10=Right,haven_labelled,11,0.17278756681845178,polarization; ideology
2023,P16ST,P16ST Self-positioning on Left-Right scale,t self positioning on left right scale,0=00 LEFT | 1=1 | 2=2 | 3=3 | 4=4 | 5=5 | 6=6 | 7=7 | 8=8 | 9=9 | 10=10 RIGHT | 97=None | -1=Don't know | -2=Does not answer | -3=Not applicable | -4=Not asked | -5=Does not know / Does not answer,haven_labelled,12,0.06331684457172611,polarization; ideology
2017,P19STC,P19STC Self-positioning in Left- Right scale,tc self positioning in left right scale,-8=None | -4=Not asked | -3=Not applicable | -2=No answer/Refused | -1=Don´t know | 0=0. Left | 1=1 | 2=2 | 3=3 | 4=4 | 5=5 | 6=6 | 7=7 | 8=8 | 9=9 | 10=10. Right,haven_labelled,11,0.15262376237623762,polarization; ideology
2018,P83NB,"P83NB With which of the following public services are you most satisfied, or have you never had contact / used any of th",b with which of the following public services are you most satisfied or have you never had contact used any of th,-5=Missing | -4=Not asked | -3=Not applicable | -1=Don´t know/No answer/None | 1=Public school | 2=Public hospital | 3=Police protection | 4=State subsidies | 5=Municipal services | 6=He has not used any,haven_labelled,6,0.07760839437735102,tax_tolerance
2013,P34GBS,P34GBS Actions as citizens: Refused to play taxes or fees to the government,bs actions as citizens refused to play taxes or fees to the government,-4=Not asked | -3=Not applicable | -2=No answer | -1=Don't know | 1=Once in the last 3 years | 2=More than once in the last 3 years | 3=Never done,haven_labelled,3,0.13572783832678817,tax_tolerance
2003,p30nb,Do you have faith that money from taxes will be well spent by the government?,do you have faith that money from taxes will be well spent by the government,-4=Not asked | -3=Not applicable | -2=No answer/Refused | -1=Don´t know | 1=Yes | 2=No,haven_labelled,2,0.08058486726919983,tax_tolerance
2005,p79st,Do you have faith that money from taxes will be well spent by the government?,do you have faith that money from taxes will be well spent by the government,-4=Not asked | -3=Not applicable | -2=No answer/Refused | -1=Don´t know | 1=Yes | 2=No,haven_labelled,2,0.07427554148946691,tax_tolerance
2003,p30na,Do you have faith that taxes will be collected impartially?,do you have faith that taxes will be collected impartially,-4=Not asked | -3=Not applicable | -2=No answer/Refused | -1=Don´t know | 1=Yes | 2=No,haven_labelled,2,0.08394454171201439,tax_tolerance
2011,P74ST,Do you have faith that taxes will be collected impartially?,do you have faith that taxes will be collected impartially,-1=Don't know / Don't answer | 1=Yes | 2=No,haven_labelled,2,0.07236190853296377,tax_tolerance
2003,p29n,Frequency you pay the VAT (value-added tax),frequency you pay the vat value added tax,-4=Not asked | -3=Not applicable | -2=No answer/Refused | -1=Don´t know | 1=Always | 2=Almost always | 3=Sometimes | 4=Almost never | 5=Never,haven_labelled,5,0.16258931528888468,tax_tolerance
2004,p49st,Frequency you pay the VAT (value-added tax),frequency you pay the vat value added tax,-4=Not asked | -3=Not applicable | -2=No answer/Refused | -1=Don´t know | 1=Always | 2=Almost always | 3=Sometimes | 4=Almost never | 5=Never,haven_labelled,5,0.15482440260680666,tax_tolerance
2005,p78st,Frequency you pay the VAT (value-added tax),frequency you pay the vat value added tax,-4=Not asked | -3=Not applicable | -2=No answer/Refused | -1=Don´t know | 1=Always | 2=Almost always | 3=Sometimes | 4=Almost never | 5=Never,haven_labelled,5,0.04589061418257343,tax_tolerance
2015,P21TGB.F,P21TGB.F Actions which have done: Refuse to pay taxes,gb f actions which have done refuse to pay taxes,"-4=Not asked | -3=Not applicable | -1=Don't know, no answer | 1=Have done | 2=Could do | 3=Never under any circumstances",haven_labelled,3,0.03358024691358025,tax_tolerance
2006,p63n.e,Impact of integration agreements: Access to public services such as health or education,impact of integration agreements access to public services such as health or education,-4=Not asked | -3=Not applicable | -2=No answer/Refused | -1=Don´t know | 1=Very positive | 2=Positive | 3=Negative | 4=Very negative | 5=No impact at all,haven_labelled,5,0.25744231107979565,tax_tolerance
1998,np68,People that pay all their taxes (Scale),people that pay all their taxes scale,-4=Not asked | -3=Not applicable | -2=No answer/Refused | -1=Don´t know | 1=Nobody | 100=All,haven_labelled,101,0,tax_tolerance
2007,p93st,People that pay all their taxes (Scale),people that pay all their taxes scale,-4=Not asked | -3=Not applicable | -2=No answer/Refused | -1=Don´t know | 1=Nobody | 100=All,haven_labelled,98,0.23085397021239093,tax_tolerance
2009,p62st,People that pay all their taxes (Scale),people that pay all their taxes scale,-4=Not asked | -3=Not applicable | -2=No answer/Refused | -1=Don´t know | 1=Nobody | 100=All,haven_labelled,95,0.12904363155575144,tax_tolerance
2010,P58ST,People that pay all their taxes (Scale),people that pay all their taxes scale,-4=Not asked | -3=Not applicable | -2=No answer/Refused | -1=Don´t know | 1=Nobody | 100=All,haven_labelled,95,0.15766738660907129,tax_tolerance
2011,P72ST,People that pay all their taxes (Scale),people that pay all their taxes scale,-2=No answer | -1=Don´t know | 1=None | 100=All,haven_labelled,99,0.12393585428627994,tax_tolerance
1998,np69b,Reasons not to pay all the taxes: Because [nationals] are quick-witted and sly,reasons not to pay all the taxes because nationals are quick witted and sly,-4=Not asked | -3=Not applicable | -2=No answer/Refused | -1=Don´t know | 0=Not mentioned | 1=Mentioned,haven_labelled,1,0.72141065368157,tax_tolerance
2004,p50stb,Reasons not to pay all the taxes: Because [nationals] are quick-witted and sly,reasons not to pay all the taxes because nationals are quick witted and sly,-4=Not asked | -3=Not applicable | -2=No answer/Refused | -1=Don´t know | 0=Not mentioned | 1=Mentioned,haven_labelled,2,0.11273533671252715,tax_tolerance
1998,np69f,Reasons not to pay all the taxes: Because the taxes are ill-spent,reasons not to pay all the taxes because the taxes are ill spent,-4=Not asked | -3=Not applicable | -2=No answer/Refused | -1=Don´t know | 0=Not mentioned | 1=Mentioned,haven_labelled,1,0.6905218631646255,tax_tolerance
2004,p50stf,Reasons not to pay all the taxes: Because the taxes are ill-spent,reasons not to pay all the taxes because the taxes are ill spent,-4=Not asked | -3=Not applicable | -2=No answer/Refused | -1=Don´t know | 0=Not mentioned | 1=Mentioned,haven_labelled,2,0.11273533671252715,tax_tolerance
1998,np69g,Reasons not to pay all the taxes: Because the taxes are too high,reasons not to pay all the taxes because the taxes are too high,-4=Not asked | -3=Not applicable | -2=No answer/Refused | -1=Don´t know | 0=Not mentioned | 1=Mentioned,haven_labelled,1,0.527863853229059,tax_tolerance
2004,p50stg,Reasons not to pay all the taxes: Because the taxes are too high,reasons not to pay all the taxes because the taxes are too high,-4=Not asked | -3=Not applicable | -2=No answer/Refused | -1=Don´t know | 0=Not mentioned | 1=Mentioned,haven_labelled,2,0.11273533671252715,tax_tolerance
1998,np69e,Reasons not to pay all the taxes: Because those that evade taxes go unpunished,reasons not to pay all the taxes because those that evade taxes go unpunished,-4=Not asked | -3=Not applicable | -2=No answer/Refused | -1=Don´t know | 0=Not mentioned | 1=Mentioned,haven_labelled,1,0.7739412719492401,tax_tolerance
2004,p50ste,Reasons not to pay all the taxes: Because those who have the most don´t pay,reasons not to pay all the taxes because those who have the most dona t pay,-4=Not asked | -3=Not applicable | -2=No answer/Refused | -1=Don´t know | 0=Not mentioned | 1=Mentioned,haven_labelled,2,0.11273533671252715,tax_tolerance
1998,np69i,Reasons not to pay all the taxes: Don´t know/No answer,reasons not to pay all the taxes dona t know no answer,-4=Not asked | -3=Not applicable | -2=No answer/Refused | -1=Don´t know | 0=Not mentioned | 1=Mentioned,haven_labelled,1,0.9637991244896955,tax_tolerance
2004,p50sti,Reasons not to pay all the taxes: Don´t know/No answer,reasons not to pay all the taxes dona t know no answer,-4=Not asked | -3=Not applicable | -2=No answer/Refused | -1=Don´t know | 0=Not mentioned | 1=Mentioned,haven_labelled,2,0.11273533671252715,tax_tolerance
1998,np69d,Reasons not to pay all the taxes: Lack of civic conscience,reasons not to pay all the taxes lack of civic conscience,-4=Not asked | -3=Not applicable | -2=No answer/Refused | -1=Don´t know | 0=Not mentioned | 1=Mentioned,haven_labelled,1,0.650730411686587,tax_tolerance
2004,p50std,Reasons not to pay all the taxes: Lack of civic conscience,reasons not to pay all the taxes lack of civic conscience,-4=Not asked | -3=Not applicable | -2=No answer/Refused | -1=Don´t know | 0=Not mentioned | 1=Mentioned,haven_labelled,2,0.11273533671252715,tax_tolerance
1998,np69a,Reasons not to pay all the taxes: Lack of honesty,reasons not to pay all the taxes lack of honesty,-4=Not asked | -3=Not applicable | -2=No answer/Refused | -1=Don´t know | 0=Not mentioned | 1=Mentioned,haven_labelled,1,0.5609168265210762,tax_tolerance
2004,p50sta,Reasons not to pay all the taxes: Lack of honesty,reasons not to pay all the taxes lack of honesty,-4=Not asked | -3=Not applicable | -2=No answer/Refused | -1=Don´t know | 0=Not mentioned | 1=Mentioned,haven_labelled,2,0.11273533671252715,tax_tolerance
1998,np69c,Reasons not to pay all the taxes: They don´t see the point in paying taxes,reasons not to pay all the taxes they dona t see the point in paying taxes,-4=Not asked | -3=Not applicable | -2=No answer/Refused | -1=Don´t know | 0=Not mentioned | 1=Mentioned,haven_labelled,1,0.7108848556391717,tax_tolerance
2004,p50stc,Reasons not to pay all the taxes: They don´t see the point in paying taxes,reasons not to pay all the taxes they dona t see the point in paying taxes,-4=Not asked | -3=Not applicable | -2=No answer/Refused | -1=Don´t know | 0=Not mentioned | 1=Mentioned,haven_labelled,2,0.11273533671252715,tax_tolerance
1998,np64b,"Recently, managed to avoid paying all one´s taxes",recently managed to avoid paying all onea s taxes,-4=Not asked | -3=Not applicable | -2=No answer/Refused | -1=Don´t know | 1=Yes | 2=No,haven_labelled,3,0,tax_tolerance
2002,p49stb,"Recently, managed to avoid paying all one´s taxes",recently managed to avoid paying all onea s taxes,-4=Not asked | -3=Not applicable | -2=No answer/Refused | -1=Don´t know | 1=Yes | 2=No,haven_labelled,2,0.03598971722365039,tax_tolerance
2007,p92stb,"Recently, managed to avoid paying all one´s taxes",recently managed to avoid paying all onea s taxes,-4=Not asked | -3=Not applicable | -2=No answer/Refused | -1=Don´t know | 1=Yes | 2=No,haven_labelled,2,0.15246320613377987,tax_tolerance
2009,p60st.b,"Recently, managed to avoid paying all one´s taxes",recently managed to avoid paying all onea s taxes,-4=Not asked | -3=Not applicable | -2=No answer/Refused | -1=Don´t know | 1=Yes | 2=No,haven_labelled,2,0.04094314676068753,tax_tolerance
2010,P56ST,"Recently, managed to avoid paying all one´s taxes",recently managed to avoid paying all onea s taxes,-4=Not asked | -3=Not applicable | -2=No answer/Refused | -1=Don´t know | 1=Yes | 2=No,haven_labelled,2,0.15290695111738,tax_tolerance
2020,S18N.B_13,S18N.B_13 Apps used: 99 Taxi,s18n b 13 apps used 99 taxi,1=Mentioned | 0=Not mentioned | -1=Don´t know | -2=No answer | -3=Not applicable | -4=Not asked,haven_labelled,1,0.985349435755296,tax_tolerance
2020,S6NPN_06,"S6NPN_06 How should the government help the poorer people: Acces to public services (enery, water)",s6npn 06 how should the government help the poorer people acces to public services enery water,1=Mentioned | 0=Not mentioned | -1=Don´t know | -2=No answer | -3=Not applicable | -4=Not asked,haven_labelled,2,0.015195010888932884,tax_tolerance
2020,S8NPN.B,S8NPN.B Starting which income group do you think taxes should be payed?,s8npn b starting which income group do you think taxes should be payed,1=Group 1 | 2=Group 2 | 3=Group 3 | 4=Group 4 | 5=Group 5 | 6=Group 6 | 7=Group 7 | 8=Group 8 | 9=Group 9 | 10=Group 10 | 11=All the same | 12=None | -1=Don´t know | -2=No answer | -3=Not applicable | -4=Not asked | -5=Don´t know / No answer,haven_labelled,11,0.19892100574143734,tax_tolerance
2020,S9NPN,S9NPN Taxes that citizens of this country should pay,s9npn taxes that citizens of this country should pay,1=All the same | 2=Earn more pay more | -1=Don´t know | -2=No answer | -3=Not applicable | -4=Not asked | -5=Don´t know / No answer,haven_labelled,2,0.05112848940803801,tax_tolerance
2003,p27n,Satisfaction with privatization of public services,satisfaction with privatization of public services,-4=Not asked | -3=Not applicable | -2=No answer/Refused | -1=Don´t know | 1=Much more satisfied | 2=More satisfied | 3=Less satisfied | 4=Much less satisfied | 5=It was not experience of the services before privatizing the,haven_labelled,4,0.3193110301424313,tax_tolerance
2004,p59st,Satisfaction with privatization of public services,satisfaction with privatization of public services,-4=Not asked | -3=Not applicable | -2=No answer/Refused | -1=Don´t know | 1=Much more satisfied | 2=More satisfied | 3=Less satisfied | 4=Much less satisfied,haven_labelled,4,0.32173244026068065,tax_tolerance
2005,p41st,Satisfaction with privatization of public services,satisfaction with privatization of public services,-4=Not asked | -3=Not applicable | -2=No answer/Refused | -1=Don´t know | 1=Much more satisfied | 2=More satisfied | 3=Less satisfied | 4=Much less satisfied | 5=It was not experience of the services before privatizing the,haven_labelled,4,0.1735238848778558,tax_tolerance
2006,p75st,Satisfaction with privatization of public services,satisfaction with privatization of public services,-4=Not asked | -3=Not applicable | -2=No answer/Refused | -1=Don´t know | 1=Much more satisfied | 2=More satisfied | 3=Less satisfied | 4=Much less satisfied | 5=It was not experience of the services before privatizing the,haven_labelled,4,0.281442663378545,tax_tolerance
2008,p71st,Satisfaction with privatization of public services,satisfaction with privatization of public services,-4=Not asked | -3=Not applicable | -2=No answer/Refused | -1=Don´t know | 1=Much more satisfied | 2=More satisfied | 3=Less satisfied | 4=Much less satisfied,haven_labelled,4,0.40921719955898567,tax_tolerance
2009,P83ST,Satisfaction with privatization of public services,satisfaction with privatization of public services,-4=Not asked | -3=Not applicable | -2=No answer/Refused | -1=Don´t know | 1=Much more satisfied | 2=More satisfied | 3=Less satisfied | 4=Much less satisfied,haven_labelled,4,0.4357866901718819,tax_tolerance
2010,P76STM,Satisfaction with privatization of public services,satisfaction with privatization of public services,-4=Not asked | -3=Not applicable | -2=No answer/Refused | -1=Don´t know | 1=Much more satisfied | 2=More satisfied | 3=Less satisfied | 4=Much less satisfied | 5=It was not experience of the services before privatizing the,haven_labelled,4,0.31440913298364703,tax_tolerance
2011,P68ST,Satisfaction with privatization of public services,satisfaction with privatization of public services,-3=Not Applicable | -2=No Answer | -1=Don´t know | 1=A lot more satisfied | 2=More satisfied | 3=Less satisfied | 4=A lot less satisfied,haven_labelled,4,0.23891308651752127,tax_tolerance
2007,p57ni,Satisfation with public services: The pension system,satisfation with public services the pension system,-4=Not asked | -3=Not applicable | -2=No answer/Refused | -1=Don´t know | 1=Very satisfied | 2=Rather satisfied | 3=Not very satisfied | 4=Not at all satisfied | 9=Doesn´t have these services,haven_labelled,5,0.08535295672865074,tax_tolerance
1998,np66b,Scale of justification: Manage to avoid paying all one´s taxes,scale of justification manage to avoid paying all onea s taxes,-6=None | -4=Not asked | -3=Not applicable | -2=No answer/Refused | -1=Don´t know | 1=1. Not at all justifiable | 2=2 | 3=3 | 4=4 | 5=5 | 6=6 | 7=7 | 8=8 | 9=9 | 10=10. Totally justifiable,haven_labelled,13,0,tax_tolerance
2003,p66stb,Scale of justification: Manage to avoid paying all one´s taxes,scale of justification manage to avoid paying all onea s taxes,-6=None | -4=Not asked | -3=Not applicable | -2=No answer/Refused | -1=Don´t know | 1=1. Not at all justifiable | 2=2 | 3=3 | 4=4 | 5=5 | 6=6 | 7=7 | 8=8 | 9=9 | 10=10. Totally justifiable,haven_labelled,10,0.04126248048076468,tax_tolerance
2005,p80st,Scale of justification: Manage to avoid paying all one´s taxes,scale of justification manage to avoid paying all onea s taxes,-4=Not asked | -3=Not applicable | -2=No answer/Refused | -1=Don´t know | 1=1. Not at all justifiable | 2=2 | 3=3 | 4=4 | 5=5 | 6=6 | 7=7 | 8=8 | 9=9 | 10=10. Totally justifiable,haven_labelled,10,0.09484719612303431,tax_tolerance
2008,p70st,Scale of justification: Manage to avoid paying all one´s taxes,scale of justification manage to avoid paying all onea s taxes,-4=Not asked | -3=Not applicable | -2=No answer/Refused | -1=Don´t know | 1=1. Not at all justifiable | 2=2 | 3=3 | 4=4 | 5=5 | 6=6 | 7=7 | 8=8 | 9=9 | 10=10. Totally justifiable,haven_labelled,10,0.056846747519294374,tax_tolerance
2009,p61st,Scale of justification: Manage to avoid paying all one´s taxes,scale of justification manage to avoid paying all onea s taxes,-4=Not asked | -3=Not applicable | -2=No answer/Refused | -1=Don´t know | 1=1. Not at all justifiable | 2=2 | 3=3 | 4=4 | 5=5 | 6=6 | 7=7 | 8=8 | 9=9 | 10=10. Totally justifiable,haven_labelled,10,0.06359629792860291,tax_tolerance
2010,P57ST.A,Scale of justification: Manage to avoid paying all one´s taxes,scale of justification manage to avoid paying all onea s taxes,-4=Not asked | -3=Not applicable | -2=No answer/Refused | -1=Don´t know | 1=1. Not at all justifiable | 2=2 | 3=3 | 4=4 | 5=5 | 6=6 | 7=7 | 8=8 | 9=9 | 10=10. Totally justifiable,haven_labelled,10,0.03706968748622559,tax_tolerance
2011,P71ST.A,Scale of justification: Manage to avoid paying all one´s taxes,scale of justification manage to avoid paying all onea s taxes,-2=No answer | -1=Don´t know | 1=1. Not at all justifiable | 2=2 | 3=3 | 4=4 | 5=5 | 6=6 | 7=7 | 8=8 | 9=9 | 10=10. Totally justifiable,haven_labelled,10,0.033607206493763614,tax_tolerance
2015,P47N,P47N Scale - Taxes are increased and/or county is indebted for promote the integration of country with the world,scale taxes are increased and or county is indebted for promote the integration of country with the world,-4=Not asked | -3=Not applicable | -2=No answer | -1=Don't know | 1=No increase | 2=02 | 3=03 | 4=04 | 5=05 | 6=06 | 7=07 | 8=08 | 9=09 | 10=All the necessary increase,haven_labelled,10,0.1254320987654321,tax_tolerance
2002,p22esse,Some public services are too important to be left to private companies,some public services are too important to be left to private companies,-4=Not asked | -3=Not applicable | -2=No answer/Refused | -1=Don´t know | 1=Strongly agree | 2=Agree | 3=Disagree | 4=Strongly disagree,haven_labelled,4,0.09792440255165191,tax_tolerance
2020,P24ST.B,P24ST.B Managing to avoid paying taxes,t b managing to avoid paying taxes,1=Yes | 2=No | -1=Don´t know | -2=No answer | -3=Not applicable | -4=Not asked | -5=Don´t know / No answer,haven_labelled,2,0.030538507226291825,tax_tolerance
2015,P51ST_B,P51ST_B To be considered a citizen: Pay taxes,t b to be considered a citizen pay taxes,-4=Not asked | -3=Not applicable | 0=Not mentioned | 1=Mentioned,haven_labelled,2,0,tax_tolerance
2023,P22ST,P22ST How justifiable you think it is to evade taxes,t how justifiable you think it is to evade taxes,1=01 not at all justifiable | 2=2 | 3=3 | 4=4 | 5=5 | 6=6 | 7=7 | 8=8 | 9=9 | 10=10 completely justifiable | -1=Don't know | -2=Does not answer | -3=Not applicable | -4=Not asked | -5=Does not know / Does not answer,haven_labelled,10,0.0456651913564176,tax_tolerance
2013,P58ST,P58ST Justification scale: Avoid paying taxes,t justification scale avoid paying taxes,-4=Not asked | -3=Not applicable | -2=No answer | -1=Don't know | 0=Not at all justifiable | 1=1 | 2=2 | 3=3 | 4=4 | 5=5 | 6=6 | 7=7 | 8=8 | 9=9 | 10=Totally justifiable,haven_labelled,10,0.04275691656003177,tax_tolerance
2015,P56ST,P56ST Justification scale: Avoid paying taxes,t justification scale avoid paying taxes,-4=Not asked | -3=Not applicable | -2=No answer | -1=Don't know | 1=Not at all justifiable | 2=2 | 3=3 | 4=4 | 5=5 | 6=6 | 7=7 | 8=8 | 9=9 | 10=Totally justifiable,haven_labelled,10,0.0537283950617284,tax_tolerance
2016,P62ST,P62ST Scale 1-10: Increase taxes and/or country gets into debt to finance infrastructure works that promote the integrat,t scale 1 10 increase taxes and or country gets into debt to finance infrastructure works that promote the integrat,-4=Not asked | -3=Not applicable | -2=No answer | -1=Don't know | 1=1. No increment at all | 2=2 | 3=3 | 4=4 | 5=5 | 6=6 | 7=7 | 8=8 | 9=9 | 10=10. All the increment that is necessary,haven_labelled,10,0.07770738467630173,tax_tolerance
2016,P24ST,P24ST Scale of justification: Manage to avoid paying all one´s taxes,t scale of justification manage to avoid paying all onea s taxes,-4=Not asked | -3=Not applicable | -2=No answer/Refused | -1=Don´t know | 1=1. Not at all justifiable | 2=2 | 3=3 | 4=4 | 5=5 | 6=6 | 7=7 | 8=8 | 9=9 | 10=10. Totally justifiable,haven_labelled,10,0.054048703227083744,tax_tolerance
2003,p28n,Taxes in (country) are...,taxes in country are,-4=Not asked | -3=Not applicable | -2=No answer/Refused | -1=Don´t know | 1=Too high | 2=High | 3=Low | 4=Too low | 5=They are just right,haven_labelled,5,0.04173567406425969,tax_tolerance
2005,p77st,Taxes in (country) are...,taxes in country are,-4=Not asked | -3=Not applicable | -2=No answer/Refused | -1=Don´t know | 1=Too high | 2=High | 3=Low | 4=Too low | 5=They are just right,haven_labelled,5,0.036000395608742956,tax_tolerance
2007,p94st,Taxes in (country) are...,taxes in country are,-4=Not asked | -3=Not applicable | -2=No answer/Refused | -1=Don´t know | 1=Too high | 2=High | 3=Low | 4=Too low | 5=They are just right,haven_labelled,5,0.16603507535031287,tax_tolerance
2011,P73ST,Taxes in (country) are...,taxes in country are,-2=No answer | -1=Don´t know | 1=Very high | 2=High | 3=Low | 4=Very Low | 5=Well as they are,haven_labelled,5,0.05167293605226688,tax_tolerance
2002,p22essf,"Taxes should be as low as possible, even if welfare spending suffers",taxes should be as low as possible even if welfare spending suffers,-4=Not asked | -3=Not applicable | -2=No answer/Refused | -1=Don´t know | 1=Strongly agree | 2=Agree | 3=Disagree | 4=Strongly disagree,haven_labelled,4,0.10925449871465295,tax_tolerance
2007,p48ncb,The elimination of import and export taxes,the elimination of import and export taxes,-4=Not asked | -3=Not applicable | -2=No answer/Refused | -1=Don´t know | 1=Strongly agree | 2=Somewhat agree | 3=Somewhat disagree | 4=Strongly disagree,haven_labelled,4,0.21120119855468406,tax_tolerance
2000,P68ST.D,Things would be ready to do for the preservation of the environment: Pay taxes to protect the environment,things would be ready to do for the preservation of the environment pay taxes to protect the environment,-4=Not asked | -3=Not applicable | -2=No answer/Refused | -1=Don´t know | 0=Not mentioned | 1=Mentioned,haven_labelled,2,0,tax_tolerance
2001,p80stc,Things would be ready to do for the preservation of the environment: Pay taxes to protect the environment,things would be ready to do for the preservation of the environment pay taxes to protect the environment,-4=Not asked | -3=Not applicable | -2=No answer/Refused | -1=Don´t know | 0=Not mentioned | 1=Mentioned,haven_labelled,2,0,tax_tolerance
2011,P21STB,Things you must do in order to be a citizen: Pay taxes,things you must do in order to be a citizen pay taxes,0=Not mentioned | 1=Mentioned,haven_labelled,2,0,tax_tolerance
2007,P19NB,What it takes to be a good citizen: Pay taxes,what it takes to be a good citizen pay taxes,-4=Not asked | -3=Not applicable | -2=No answer/Refused | -1=Don´t know | 0=Not mentioned | 1=Mentioned,haven_labelled,2,0,tax_tolerance
2008,P20STB,What it takes to be a good citizen: Pay taxes,what it takes to be a good citizen pay taxes,-4=Not asked | -3=Not applicable | -2=No answer/Refused | -1=Don´t know | 0=Not mentioned | 1=Mentioned,haven_labelled,2,0,tax_tolerance
2009,p25st.b,What it takes to be a good citizen: Pay taxes,what it takes to be a good citizen pay taxes,-4=Not asked | -3=Not applicable | -2=No answer/Refused | -1=Don't know | 0=Not mentioned | 1=Mentioned,haven_labelled,2,0,tax_tolerance
2010,P19ST.B,What it takes to be a good citizen: Pay taxes,what it takes to be a good citizen pay taxes,-4=Not asked | -3=Not applicable | -2=No answer/Refused | -1=Don´t know | 0=Not mentioned | 1=Mentioned,haven_labelled,2,0,tax_tolerance
2003,p40n.1,Most important factors to determine trust in public services: First mention,most important factors to determine trust in public services first mention,-4=Not asked | -3=Not applicable | -2=No answer/Refused | -1=Don´t know | 1=If they treat everyone equally | 2=If they are supervised | 3=If they give the information required | 4=If they admit their responsibility when mistaken | 5=The leadership and management quality | 6=What friends and relatives say about it | 7=What the mass media say about it | 8=If they keep their promises | 9=If they are interested in one´s opinion | 10=If the service responds to my needs,haven_labelled,10,0.2121800028391615,tax_tolerance; institutional_confidence
2004,p33st.1,Most important factors to determine trust in public services: First mention,most important factors to determine trust in public services first mention,-4=Not asked | -3=Not applicable | -2=No answer/Refused | -1=Don´t know | 1=If they treat everyone equally | 2=If they are supervised | 3=If they give the information required | 4=If they admit their responsibility when mistaken | 5=The leadership and management quality | 6=What friends and relatives say about it | 7=What the mass media say about it | 8=If they keep their promises | 9=If they are interested in one´s opinion | 10=If the service responds to my needs,haven_labelled,10,0.22877443881245474,tax_tolerance; institutional_confidence
2008,p63st.1,Most important factors to determine trust in public services: First mention,most important factors to determine trust in public services first mention,-4=Not asked | -3=Not applicable | -2=No answer/Refused | -1=Don´t know | 1=If they treat everyone equally | 2=If they are supervised | 3=If they give the information required | 4=If they admit their responsibility when mistaken | 5=The leadership and management quality | 6=What friends and relatives say about it | 7=What the mass media say about it | 8=If they keep their promises | 9=If they are interested in one´s opinion | 10=If the service responds to my needs,haven_labelled,10,0.1730540242557883,tax_tolerance; institutional_confidence
2003,p40n.2,Most important factors to determine trust in public services: Second mention,most important factors to determine trust in public services second mention,-4=Not asked | -3=Not applicable | -2=No answer/Refused | -1=Don´t know | 1=If they treat everyone equally | 2=If they are supervised | 3=If they give the information required | 4=If they admit their responsibility when mistaken | 5=The leadership and management quality | 6=What friends and relatives say about it | 7=What the mass media say about it | 8=If they keep their promises | 9=If they are interested in one´s opinion | 10=If the service responds to my needs,haven_labelled,10,0.3211564851180618,tax_tolerance; institutional_confidence
2004,p33st.2,Most important factors to determine trust in public services: Second mention,most important factors to determine trust in public services second mention,-4=Not asked | -3=Not applicable | -2=No answer/Refused | -1=Don´t know | 1=If they treat everyone equally | 2=If they are supervised | 3=If they give the information required | 4=If they admit their responsibility when mistaken | 5=The leadership and management quality | 6=What friends and relatives say about it | 7=What the mass media say about it | 8=If they keep their promises | 9=If they are interested in one´s opinion | 10=If the service responds to my needs,haven_labelled,10,0.3755883417813179,tax_tolerance; institutional_confidence
2008,p63st.2,Most important factors to determine trust in public services: Second mention,most important factors to determine trust in public services second mention,-4=Not asked | -3=Not applicable | -2=No answer/Refused | -1=Don´t know | 1=If they treat everyone equally | 2=If they are supervised | 3=If they give the information required | 4=If they admit their responsibility when mistaken | 5=The leadership and management quality | 6=What friends and relatives say about it | 7=What the mass media say about it | 8=If they keep their promises | 9=If they are interested in one´s opinion | 10=If the service responds to my needs,haven_labelled,9,0.27607497243660417,tax_tolerance; institutional_confidence
2003,p40n.3,Most important factors to determine trust in public services: Third mention,most important factors to determine trust in public services third mention,-4=Not asked | -3=Not applicable | -2=No answer/Refused | -1=Don´t know | 1=If they treat everyone equally | 2=If they are supervised | 3=If they give the information required | 4=If they admit their responsibility when mistaken | 5=The leadership and management quality | 6=What friends and relatives say about it | 7=What the mass media say about it | 8=If they keep their promises | 9=If they are interested in one´s opinion | 10=If the service responds to my needs,haven_labelled,10,0.4744712061704443,tax_tolerance; institutional_confidence
2004,p33st.3,Most important factors to determine trust in public services: Third mention,most important factors to determine trust in public services third mention,-4=Not asked | -3=Not applicable | -2=No answer/Refused | -1=Don´t know | 1=If they treat everyone equally | 2=If they are supervised | 3=If they give the information required | 4=If they admit their responsibility when mistaken | 5=The leadership and management quality | 6=What friends and relatives say about it | 7=What the mass media say about it | 8=If they keep their promises | 9=If they are interested in one´s opinion | 10=If the service responds to my needs,haven_labelled,10,0.5564355539464156,tax_tolerance; institutional_confidence
2008,p63st.3,Most important factors to determine trust in public services: Third mention,most important factors to determine trust in public services third mention,-4=Not asked | -3=Not applicable | -2=No answer/Refused | -1=Don´t know | 1=If they treat everyone equally | 2=If they are supervised | 3=If they give the information required | 4=If they admit their responsibility when mistaken | 5=The leadership and management quality | 6=What friends and relatives say about it | 7=What the mass media say about it | 8=If they keep their promises | 9=If they are interested in one´s opinion | 10=If the service responds to my needs,haven_labelled,8,0.43744211686879825,tax_tolerance; institutional_confidence
